game_id,game_steam_id,game_name,tag_0,tag_1,tag_2,tag_3,tag_4,rating
0,4000,Garry's Mod,Sandbox,Moddable,Multiplayer,Physics,Building,96.0
1,400,Portal,Puzzle,Puzzle Platformer,First-Person,3D Platformer,Singleplayer,98.0
2,20900,The Witcher: Enhanced Edition,RPG,Fantasy,Story Rich,Mature,Singleplayer,89.0
3,22000,World of Goo,Puzzle,Indie,Physics,Singleplayer,Great Soundtrack,94.0
4,17410,Mirror's Edge,Action-Adventure,Parkour,First-Person,Exploration,3D Platformer,87.0
5,40700,Machinarium,Point & Click,Puzzle,Hand-drawn,Robots,Steampunk,95.0
6,40400,AI War: Fleet Command,Strategy,RTS,Space,Indie,Sci-fi,85.0
7,550,Left 4 Dead 2,Zombies,Co-op,FPS,Multiplayer,Shooter,97.0
8,49600,Beat Hazard,Rhythm,Music-Based Procedural Generation,Twin Stick Shooter,Bullet Hell,Shoot 'Em Up,95.0
9,70300,VVVVVV,Pixel Graphics,Precision Platformer,Platformer,Indie,2D Platformer,96.0
10,65540,Gothic 1 Classic,RPG,Open World,Classic,Atmospheric,Singleplayer,91.0
11,92800,SpaceChem,Puzzle,Difficult,Programming,Indie,Logic,95.0
12,620,Portal 2,Platformer,Puzzle,First-Person,Dark Humor,Story Rich,98.0
13,105600,Terraria,Open World Survival Craft,Sandbox,Survival,2D,Multiplayer,97.0
14,46500,Syberia,Adventure,Point & Click,Puzzle,Female Protagonist,Casual,89.0
15,55150,"Warhammer 40,000: Space Marine - Anniversary Edition",Warhammer 40K,Action,Third-Person Shooter,Sci-fi,Third Person,92.0
16,96100,Defy Gravity,Puzzle Platformer,Platformer,Indie,Puzzle,Space,85.0
17,48000,LIMBO,Puzzle Platformer,Indie,Puzzle,Platformer,Dark,92.0
18,24240,PAYDAY: The Heist,FPS,Action,Co-op,Heist,Multiplayer,93.0
19,200900,Cave Story+,Platformer,Metroidvania,Indie,Great Soundtrack,Pixel Graphics,92.0
20,201510,Flatout 3,Psychological Horror,Combat Racing,Racing,Automobile Sim,Horror,17.0
21,20920,The Witcher 2: Assassins of Kings Enhanced Edition,RPG,Fantasy,Mature,Story Rich,Choices Matter,89.0
22,203630,Warlock - Master of the Arcane,Strategy,Turn-Based Strategy,Fantasy,Turn-Based,4X,86.0
23,206610,3SwitcheD,Casual,Indie,Match 3,Puzzle,Singleplayer,37.0
24,113200,The Binding of Isaac,Action Roguelike,Roguelike,Indie,Replay Value,Difficult,94.0
25,217200,Worms Armageddon,Strategy,Multiplayer,Classic,Turn-Based,Turn-Based Strategy,94.0
26,218510,Planets Under Attack,Strategy,Indie,Space,Multiplayer,Sci-fi,64.0
27,214790,The Basement Collection,Indie,Adventure,Strategy,Platformer,Singleplayer,88.0
28,218640,Lucius,Horror,Adventure,Villain Protagonist,Gore,Nudity,80.0
29,219150,Hotline Miami,Great Soundtrack,Violent,Action,Indie,Pixel Graphics,97.0
30,218680,Scribblenauts Unlimited,Puzzle,Casual,Adventure,Sandbox,Family Friendly,94.0
31,1930,Two Worlds: Epic Edition,RPG,Open World,Fantasy,Singleplayer,Third Person,77.0
32,224900,Iron Sky Invasion,Simulation,Action,Strategy,Space,Sci-fi,60.0
33,55230,Saints Row: The Third,Open World,Action,Comedy,Co-op,Third-Person Shooter,95.0
34,220780,Thomas Was Alone,Platformer,Narration,Side Scroller,Sci-fi,Precision Platformer,92.0
35,221260,Little Inferno,Casual,Indie,Puzzle,Singleplayer,Funny,96.0
36,221640,Super Hexagon,Difficult,Great Soundtrack,Indie,Fast-Paced,Arcade,97.0
37,227220,Sang-Froid - Tales of Werewolves,Strategy,Werewolves,Tower Defense,Action,Indie,87.0
38,109600,Neverwinter,Free to Play,MMORPG,RPG,Massively Multiplayer,Adventure,77.0
39,230410,Warframe,Free to Play,Action RPG,Looter Shooter,Third-Person Shooter,Action,87.0
40,214420,Gear Up,Free to Play,Multiplayer,Robots,Action,Shooter,74.0
41,250420,8BitMMO,Free to Play,Building,Sandbox,Massively Multiplayer,Pixel Graphics,59.0
42,250600,The Plan,Free to Play,Indie,Atmospheric,Short,Casual,92.0
43,265630,Fistful of Frags,PvP,Arena Shooter,FPS,PvE,Survival,91.0
44,286100,You Have to Win the Game,Metroidvania,Free to Play,Retro,Platformer,Indie,92.0
45,245550,Free to Play,Free to Play,Documentary,eSports,Action RTS,Emotional,95.0
46,264380,Narcissu 1st & 2nd,Visual Novel,Anime,Free to Play,Indie,Story Rich,95.0
47,204240,The Bridge,Puzzle Platformer,Hand-drawn,Surreal,Physics,2D,87.0
48,233450,Prison Architect,Simulation,Building,Sandbox,Base Building,Strategy,90.0
49,233470,Evoland,RPG,Indie,Adventure,Retro,Singleplayer,83.0
50,44350,GRID 2,Racing,Driving,Sports,Multiplayer,Simulation,84.0
51,234650,Shadowrun Returns,RPG,Cyberpunk,Turn-Based,Isometric,Sci-fi,88.0
52,215690,Zeno Clash 2,Action,Indie,Surreal,Beat 'em up,Fighting,83.0
53,236090,Dust: An Elysian Tail,Action,Platformer,Metroidvania,Indie,RPG,95.0
54,241600,Rogue Legacy,Roguevania,Platformer,Roguelike,Indie,Action Roguelike,92.0
55,242820,140,Platformer,Indie,Rhythm,Minimalist,Music,94.0
56,231740,Knights of Pen and Paper +1,RPG,Turn-Based,Indie,Pixel Graphics,Fantasy,83.0
57,246900,Viscera Cleanup Detail,Simulation,Gore,Multiplayer,Co-op,First-Person,93.0
58,255520,Viscera Cleanup Detail: Shadow Warrior,Simulation,Gore,First-Person,Indie,Blood,80.0
59,248330,Dino Run DX,Dinosaurs,Pixel Graphics,Indie,Racing,Action,94.0
60,248820,Risk of Rain (2013),Action Roguelike,Roguelike,Indie,Platformer,Action,93.0
61,218620,PAYDAY 2,Co-op,Action,FPS,Heist,Multiplayer,90.0
62,239820,Game Dev Tycoon,Management,Simulation,Indie,Strategy,Casual,95.0
63,250380,Knock-knock,Horror,Side Scroller,2D Platformer,Puzzle,Adventure,88.0
64,250760,Shovel Knight: Treasure Trove,Platformer,Pixel Graphics,Retro,Great Soundtrack,Indie,95.0
65,251570,7 Days to Die,Survival,Zombies,Multiplayer,Open World,Open World Survival Craft,88.0
66,251910,Solar Flux,Indie,Strategy,Puzzle,Space,,78.0
67,252130,Divide by Sheep,Puzzle,Casual,Indie,Cute,Adventure,93.0
68,252410,SteamWorld Dig,Platformer,Mining,Steampunk,Metroidvania,Indie,94.0
69,253230,A Hat in Time,Cute,3D Platformer,Collectathon,Great Soundtrack,Female Protagonist,98.0
70,253920,Gorky 17,RPG,Strategy,Turn-Based,Classic,Horror,85.0
71,253980,Enclave,RPG,Action,Fantasy,Third Person,Hack and Slash,75.0
72,254060,KnightShift,RPG,Strategy,Fantasy,RTS,Singleplayer,76.0
73,243800,Gas Guzzlers Extreme,Combat Racing,Vehicular Combat,Racing,Automobile Sim,Action,85.0
74,233130,Shadow Warrior,Action,FPS,Swordplay,Gore,Comedy,92.0
75,257750,Bloody Trapland,Local Co-Op,Online Co-Op,Singleplayer,Multiplayer,Local Multiplayer,82.0
76,235980,Tetrobot and Co.,Puzzle,Indie,Casual,Robots,Difficult,97.0
77,259320,Heli Heroes,Action,Casual,Shoot 'Em Up,Arcade,,44.0
78,259340,Chicken Shoot Gold,Action,Casual,Indie,Psychological Horror,Shooter,67.0
79,259360,Chicken Shoot 2,,,,,,
80,221910,The Stanley Parable,Comedy,Narration,Indie,Walking Simulator,First-Person,92.0
81,260550,Haunted,Adventure,Casual,Point & Click,Female Protagonist,Singleplayer,78.0
82,261180,Lethal League,Fighting,Local Multiplayer,Indie,2D Fighter,Multiplayer,95.0
83,263860,SPACECOM,RTS,Strategy,Indie,4X,Tactical,65.0
84,263980,Out There Somewhere,Platformer,Pixel Graphics,Indie,Puzzle,Adventure,92.0
85,265330,Gomo,Adventure,Indie,Point & Click,Puzzle,Short,76.0
86,265930,Goat Simulator,Simulation,Funny,Comedy,Open World,Sandbox,90.0
87,211820,Starbound,Open World Survival Craft,Sandbox,Survival,Adventure,Space,90.0
88,268870,Satellite Reign,Cyberpunk,Strategy,Action,Indie,Sci-fi,75.0
89,268910,Cuphead,Difficult,Cartoon,Co-op,Platformer,Great Soundtrack,96.0
90,269270,LOVE,Platformer,Indie,Pixel Graphics,Retro,Action,92.0
91,269790,DreadOut,Horror,Indie,Adventure,Female Protagonist,Third Person,77.0
92,270490,The Forest of Doom,RPG,Adventure,Choose Your Own Adventure,Based On A Novel,Visual Novel,83.0
93,271570,Space Farmers,Indie,Action,Co-op,Space,Multiplayer,78.0
94,271670,10 Second Ninja,Indie,Action,Platformer,Ninja,Fast-Paced,90.0
95,278360,A Story About My Uncle,Adventure,First-Person,Parkour,Singleplayer,Indie,92.0
96,280640,Dark Shadows - Army of Evil,Indie,Action,RPG,First-Person,Fantasy,33.0
97,282070,This War of Mine,Survival,War,Atmospheric,Singleplayer,Strategy,94.0
98,283080,Super Chibi Knight,Action,Adventure,Indie,RPG,2D,86.0
99,285010,Pixel Puzzles: UndeadZ,Casual,Puzzle,Indie,Simulation,Strategy,73.0
100,285160,LEGO® The Hobbit™,LEGO,Adventure,Action,Local Co-Op,Multiplayer,79.0
101,286160,Tabletop Simulator,Tabletop,Board Game,Simulation,Multiplayer,Sandbox,96.0
102,287260,Toybox Turbos,Racing,Local Multiplayer,Multiplayer,Arcade,Top-Down,86.0
103,288160,The Room,Puzzle,Mystery,Point & Click,Atmospheric,Singleplayer,97.0
104,292400,Unrest,Choose Your Own Adventure,CRPG,Exploration,Interactive Fiction,Visual Novel,64.0
105,293180,Overcast - Walden and the Werewolf,Horror,Indie,Adventure,Action,First-Person,60.0
106,34270,SEGA Mega Drive & Genesis Classics,Classic,Action,Adventure,RPG,Retro,85.0
107,298260,Only If,Free to Play,Adventure,First-Person,Horror,Puzzle,62.0
108,204360,Castle Crashers,2D,Online Co-Op,Co-op,Beat 'em up,Hack and Slash,96.0
109,238460,BattleBlock Theater,Co-op,Platformer,Funny,Comedy,Level Editor,97.0
110,299660,6180 the moon,Indie,Action,Casual,Platformer,Short,91.0
111,299950,GET EVEN,Action,Psychological Horror,Mystery,FPS,Story Rich,75.0
112,302310,Dungeon of Elements,Casual,RPG,Indie,Adventure,Strategy,75.0
113,302610,Boson X,Difficult,Action,Arcade,Runner,Minimalist,93.0
114,303390,Dead Bits,Indie,Action,Casual,FPS,Shooter,60.0
115,95400,ibb & obb,Co-op,Online Co-Op,Puzzle,Local Co-Op,Platformer,89.0
116,304050,Trove,Free to Play,Sandbox,Open World,Pixel Graphics,Fantasy,80.0
117,304430,INSIDE,2.5D,Puzzle Platformer,Atmospheric,Dark,Story Rich,96.0
118,304930,Unturned,Free to Play,Survival,Zombies,Multiplayer,Open World,91.0
119,307070,Memories of a Vagabond,RPG,Indie,RPGMaker,Adventure,JRPG,75.0
120,307110,We Need To Go Deeper,Co-op,2D,Lovecraftian,Roguelite,Multiplayer,87.0
121,308000,Gold Rush! Classic,Adventure,Action,Pixel Graphics,Historical,1980s,88.0
122,308040,Back to Bed,Puzzle,Indie,Casual,Surreal,Action,78.0
123,310060,Knights of Pen and Paper 2,RPG,Turn-Based,Adventure,Strategy,Pixel Graphics,88.0
124,311010,The Way,Adventure,Indie,Action,Pixel Graphics,Platformer,83.0
125,311690,Enter the Gungeon,Bullet Hell,Action Roguelike,Roguelike,Pixel Graphics,Difficult,95.0
126,312520,Rain World,Difficult,Atmospheric,Survival,Exploration,Pixel Graphics,94.0
127,312530,Duck Game,Multiplayer,Funny,Local Multiplayer,Pixel Graphics,Action,97.0
128,291480,Warface: Clutch,Free to Play,FPS,Realistic,Multiplayer,Shooter,66.0
129,206420,Saints Row IV,Open World,Action,Comedy,Co-op,Third-Person Shooter,87.0
130,247080,Crypt of the NecroDancer,Rhythm,Roguelike,Perma Death,Dungeon Crawler,Mystery Dungeon,95.0
131,315460,Dig or Die,Survival,Open World Survival Craft,Sandbox,Crafting,2D,90.0
132,317400,Portal Stories: Mel,Free to Play,Puzzle,Adventure,Mod,Singleplayer,96.0
133,317510,Beyond Gravity,Casual,Action,Indie,Platformer,Space,88.0
134,233720,Surgeon Simulator,Simulation,Funny,Physics,Comedy,Medical Sim,83.0
135,318600,The Flame in the Flood,Survival,Adventure,Action Roguelike,Indie,Great Soundtrack,75.0
136,283230,Spoiler Alert,Indie,Casual,Adventure,Platformer,Short,76.0
137,265890,Hexcells,Puzzle,Casual,Indie,Logic,Singleplayer,96.0
138,271900,Hexcells Plus,Puzzle,Indie,Casual,Logic,Strategy,95.0
139,304410,Hexcells Infinite,Puzzle,Casual,Indie,Logic,Minimalist,97.0
140,321480,Sigils of Elohim,Free to Play,Puzzle,Casual,Indie,Strategy,91.0
141,274170,Hotline Miami 2: Wrong Number,Great Soundtrack,Gore,Pixel Graphics,Violent,Action,94.0
142,322170,Geometry Dash,Difficult,Music,Level Editor,Great Soundtrack,Precision Platformer,93.0
143,322500,SUPERHOT,Action,FPS,Bullet Time,Time Manipulation,Indie,91.0
144,690040,SUPERHOT: MIND CONTROL DELETE,FPS,Time Manipulation,Bullet Time,Action Roguelike,Shooter,85.0
145,323850,Move or Die,Multiplayer,Funny,Local Multiplayer,Action,Fast-Paced,90.0
146,301970,Screencheat,Split Screen,Arena Shooter,FPS,Shooter,Multiplayer,91.0
147,326460,ShellShock Live,Tanks,Multiplayer,Strategy,2D,Action,93.0
148,327410,A Bird Story,Indie,Story Rich,Great Soundtrack,Pixel Graphics,Short,85.0
149,327890,I Am Bread,Simulation,Funny,Physics,Difficult,Adventure,78.0
150,328500,Potatoman Seeks the Troof,Indie,Platformer,Pixel Graphics,Retro,Action,83.0
151,331470,Everlasting Summer,Visual Novel,Story Rich,Free to Play,Anime,Great Soundtrack,94.0
152,333600,NEKOPARA Vol. 1,Hentai,Anime,Nudity,Sexual Content,Mature,95.0
153,334940,Yoku's Island Express,Pinball,Metroidvania,Adventure,Platformer,Singleplayer,96.0
154,335240,Transformice,Free to Play,Multiplayer,Massively Multiplayer,Funny,2D,88.0
155,257510,The Talos Principle,Puzzle,Philosophical,First-Person,Sci-fi,Atmospheric,95.0
156,338190,Just Get Through,Action Roguelike,Indie,Casual,Action,Adventure,84.0
157,339120,Fork Parker's Holiday Profit Hike,Free to Play,Platformer,Indie,Action,Adventure,83.0
158,319630,Life is Strange™,Story Rich,Choices Matter,Great Soundtrack,Female Protagonist,Time Travel,96.0
159,341120,Glorkian Warrior: The Trials Of Glork,Indie,Shoot 'Em Up,Retro,Platformer,Action,94.0
160,341800,Keep Talking and Nobody Explodes,Co-op,Local Multiplayer,Board Game,Party Game,Puzzle,97.0
161,343360,Particula,Strategy,Indie,Tower Defense,Casual,Co-op,70.0
162,343440,Crash Drive 2,Racing,Multiplayer,Action,Open World,Driving,89.0
163,343780,Cat Goes Fishing,Fishing,Cats,Casual,Cute,Relaxing,94.0
164,344300,Heckabomb,Indie,Action,Twin Stick Shooter,Arcade,Shoot 'Em Up,64.0
165,346900,AdVenture Capitalist,Free to Play,Clicker,Capitalism,Singleplayer,Casual,87.0
166,351800,Dev Guy,Free to Play,Indie,Adventure,Funny,Singleplayer,79.0
167,353640,Train Valley,Replay Value,Resource Management,Indie,3D,Trains,89.0
168,255710,Cities: Skylines,City Builder,Simulation,Building,Management,Strategy,93.0
169,235540,Warhammer: End Times - Vermintide,Action,Online Co-Op,Co-op,Dark Fantasy,First-Person,82.0
170,356570,Party Hard,Pixel Graphics,Stealth,Strategy,Violent,Indie,91.0
171,297130,Titan Souls,Souls-like,Pixel Graphics,Difficult,Indie,Action,82.0
172,357900,Make it indie!,Indie,Adventure,Simulation,Interactive Fiction,,53.0
173,359310,Evoland 2,RPG,Adventure,Indie,Action,Retro,89.0
174,360740,Downwell,Precision Platformer,Action Roguelike,Pixel Graphics,Indie,Platformer,96.0
175,360870,Ultimate Tic-Tac-Toe,Free to Play,Casual,Multiplayer,Strategy,Family Friendly,83.0
176,361630,404Sight,Action,Indie,Parkour,Free to Play,Female Protagonist,84.0
177,365300,Transmissions: Element 120,Free to Play,Action,Shooter,Zombies,Horror,94.0
178,365670,Blender,Animation & Modeling,Software,Design & Illustration,Free to Play,Game Development,96.0
179,367520,Hollow Knight,Metroidvania,Souls-like,Platformer,Great Soundtrack,2D,97.0
180,368730,No Time To Explain Remastered,Indie,Action,Adventure,Casual,Platformer,83.0
181,243970,"Invisible, Inc.",Cyberpunk,Difficult,Isometric,Turn-Based Tactics,Strategy,91.0
182,322330,Don't Starve Together,Survival,Open World Survival Craft,Multiplayer,Co-op,Open World,95.0
183,372540,The Lost Mythologies,Free to Play,Action,Hack and Slash,Female Protagonist,Anime,66.0
184,375250,Pizza Express,Simulation,Indie,Casual,Strategy,RPG,87.0
185,375320,Colortone,Adventure,Indie,Puzzle,First-Person,Minimalist,70.0
186,375820,Human Resource Machine,Programming,Puzzle,Indie,Casual,Education,94.0
187,378100,Nyctophobia,Indie,Adventure,Horror,,,42.0
188,380840,Teeworlds,Free to Play,Multiplayer,2D,Action,Platformer,88.0
189,381140,Cruel Arena,Action,Gore,Violent,Zombies,Shooter,56.0
190,385150,Stranded In Time,Adventure,Indie,Casual,Female Protagonist,Point & Click,76.0
191,385370,Radiator 2: Anniversary Edition,Sexual Content,Mature,Nudity,LGBTQ+,Free to Play,86.0
192,385770,Time Clickers,Clicker,Free to Play,Casual,Indie,Action,87.0
193,385800,NEKOPARA Vol. 0,Anime,Nudity,Sexual Content,Visual Novel,Cute,94.0
194,386940,Ultimate Chicken Horse,Multiplayer,Party,Funny,Platformer,Local Co-Op,96.0
195,261570,Ori and the Blind Forest,Great Soundtrack,Atmospheric,Platformer,Adventure,Metroidvania,94.0
196,387290,Ori and the Blind Forest: Definitive Edition,Atmospheric,Great Soundtrack,Metroidvania,Platformer,Adventure,95.0
197,291550,Brawlhalla,Free to Play,Multiplayer,Fighting,2D Fighter,2D Platformer,81.0
198,389270,Through Abandoned: The Underground City,Adventure,Indie,Point & Click,Puzzle,Singleplayer,80.0
199,364210,Sierra Ops,Choose Your Own Adventure,Shoot 'Em Up,Top-Down Shooter,Real Time Tactics,Interactive Fiction,82.0
200,395160,Toby: The Secret Mine,Indie,Adventure,Platformer,Singleplayer,Atmospheric,64.0
201,395520,Missing Translation,Free to Play,Pixel Graphics,Indie,Puzzle,Adventure,87.0
202,396710,The Adventure Pals,Adventure,Platformer,Action,Indie,RPG,93.0
203,397460,The Jackbox Party Pack 2,Trivia,Local Multiplayer,Casual,Comedy,Indie,96.0
204,397900,Business Tour - Online Multiplayer Board Game,Board Game,Free to Play,Multiplayer,Strategy,Casual,60.0
205,398710,Timberman,Casual,Pixel Graphics,Indie,Multiplayer,Action,93.0
206,399420,The Prism,Strategy,Indie,Adventure,Pixel Graphics,Puzzle Platformer,65.0
207,400630,Wuppo - Definitive Edition,Metroidvania,Exploration,Platformer,2D,2D Platformer,94.0
208,397940,No Time To Live,Indie,Casual,Adventure,Simulation,Singleplayer,72.0
209,404790,Godot Engine,Game Development,Utilities,Software,3D,2D,82.0
210,405640,Pony Island,Puzzle,Indie,Psychological Horror,Pixel Graphics,Hacking,95.0
211,405710,Staxel,Farming Sim,Character Customization,Cute,Agriculture,Sandbox,80.0
212,405820,Turok,Action,Dinosaurs,Adventure,FPS,Classic,95.0
213,406090,Enigmoon,Early Access,Indie,Platformer,Metroidvania,2D,
214,409160,"Dr. Langeskov, The Tiger, and The Terribly Cursed Emerald: A Whirlwind Heist",Free to Play,Comedy,First-Person,Narration,Indie,93.0
215,410110,12 is Better Than 6,Action,Shooter,Western,Top-Down Shooter,Singleplayer,83.0
216,236110,Dungeon Defenders II,Multiplayer,Online Co-Op,Co-op Campaign,Tower Defense,Singleplayer,77.0
217,413150,Stardew Valley,Farming Sim,Pixel Graphics,Life Sim,Multiplayer,RPG,98.0
218,413410,Danganronpa: Trigger Happy Havoc,Anime,Visual Novel,Mystery,Detective,Story Rich,96.0
219,413420,Danganronpa 2: Goodbye Despair,Anime,Detective,Visual Novel,Mystery,Story Rich,96.0
220,416310,Goblin Defenders: Steel‘n’ Wood,Strategy,Casual,Adventure,Tower Defense,Singleplayer,70.0
221,417860,Emily is Away,Free to Play,Story Rich,Singleplayer,Choices Matter,Indie,88.0
222,420110,NEKOPARA Vol. 2,Anime,Sexual Content,Cute,Nudity,Visual Novel,97.0
223,420530,OneShot,Story Rich,Pixel Graphics,Great Soundtrack,Indie,Cute,98.0
224,420740,The Deed,RPGMaker,Adventure,Crime,RPG,Visual Novel,91.0
225,421040,Plantera,Clicker,Idler,Collectathon,Sandbox,Agriculture,88.0
226,423550,Day D: Tower Rush,Strategy,Action,Tower Defense,Adventure,Casual,77.0
227,423880,Carpe Diem,Free to Play,Anime,Visual Novel,Short,Singleplayer,89.0
228,425210,Shadwen,Action,Stealth,Adventure,Female Protagonist,Assassin,77.0
229,427520,Factorio,Automation,Base Building,Resource Management,Sandbox,Crafting,97.0
230,270570,Reversion - The Escape,Adventure,Indie,Point & Click,Casual,Puzzle,81.0
231,427680,Zwei: The Arges Adventure,RPG,Action,Great Soundtrack,JRPG,Cute,89.0
232,427700,Zwei: The Ilvard Insurrection,Action,RPG,Anime,Great Soundtrack,JRPG,96.0
233,210970,The Witness,Puzzle,Exploration,First-Person,Open World,Singleplayer,85.0
234,429470,Space Pilgrim Episode I: Alpha Centauri,Adventure,RPGMaker,Sci-fi,Space,Indie,88.0
235,429940,The Sad Story of Emmeline Burns,Visual Novel,Free to Play,Female Protagonist,Indie,Casual,90.0
236,431240,Golf With Your Friends,Multiplayer,Casual,Mini Golf,Sports,Golf,89.0
237,431710,Space Pilgrim Episode II: Epsilon Indi,Adventure,RPGMaker,Indie,Space,Sci-fi,89.0
238,431810,Rencounter,Indie,RPG,Strategy,Replay Value,Difficult,71.0
239,431960,Wallpaper Engine,Mature,Utilities,Anime,Software,Design & Illustration,98.0
240,431540,Frosty Kiss,Free to Play,Visual Novel,Anime,Indie,Adventure,90.0
241,432980,INVERSUS Deluxe,Bullet Hell,Shoot 'Em Up,Top-Down Shooter,PvP,Competitive,88.0
242,433340,Slime Rancher,Cute,Exploration,Adventure,Singleplayer,Open World,97.0
243,424280,Iron Snout,Free to Play,2D Fighter,Funny,Action,Fighting,97.0
244,434260,My Name is Mayo,Memes,Clicker,Casual,Funny,Comedy,84.0
245,439250,Space Pilgrim Episode III: Delta Pavonis,Adventure,Indie,RPGMaker,Space,Sci-fi,89.0
246,439930,Control Craft 2,Metroidvania,Trading Card Game,Wargame,Turn-Based Tactics,Real Time Tactics,72.0
247,443580,Antenna,Free to Play,Indie,Casual,Puzzle,Atmospheric,76.0
248,444220,Asteroid Bounty Hunter,Indie,Action,Casual,Adventure,RPG,61.0
249,444720,Inexistence,Action,Adventure,Indie,RPG,Metroidvania,63.0
250,446020,Jalopy,Automobile Sim,Driving,Simulation,First-Person,Management,79.0
251,446640,Space Pilgrim Episode IV: Sol,Adventure,Indie,RPGMaker,Space,Sci-fi,91.0
252,449540,There's Poop In My Soup,Memes,Funny,Casual,Indie,Comedy,89.0
253,449680,SAMOLIOTIK,Casual,Indie,Illuminati,Action,Pixel Graphics,89.0
254,451020,Battle Chasers: Nightwar,RPG,Turn-Based Combat,Singleplayer,JRPG,Dungeon Crawler,87.0
255,438480,Rock 'N' Roll Defense,Tower Defense,Strategy,Casual,Action,Adventure,87.0
256,539720,Razortron 2000,Casual,Racing,Indie,1980s,Retro,86.0
257,562360,"Planes, Bullets and Vodka",Casual,Action,Shoot 'Em Up,Retro,Bullet Hell,85.0
258,636150,Cyberhunt,Indie,Action,Casual,Adventure,Shoot 'Em Up,83.0
259,452120,Midvinter,Adventure,Indie,Casual,Puzzle,Hand-drawn,84.0
260,453910,Love is Dead,Indie,Puzzle,Casual,Zombies,Cute,89.0
261,454970,Gravity Den,Indie,Action,Adventure,Platformer,2D,85.0
262,455400,PAC-MAN 256,Action,Arcade,Retro,Casual,Singleplayer,95.0
263,445230,Lost girl`s [diary],Free to Play,Visual Novel,Anime,Horror,Nudity,81.0
264,456780,DUCATI - 90th Anniversary,Motorbike,Sports,Simulation,Racing,Cycling,74.0
265,460960,The Deed: Dynasty,Adventure,Crime,RPGMaker,Indie,Story Rich,87.0
266,461560,Mandagon,Free to Play,Pixel Graphics,Platformer,Indie,Adventure,95.0
267,461840,Zenge,Puzzle,Indie,Casual,Minimalist,Relaxing,94.0
268,462960,Caveman World: Mountains of Unga Boonga,Casual,Indie,Adventure,Singleplayer,Platformer,70.0
269,463150,BARRIER X,Indie,Action,Arcade,Difficult,Music,88.0
270,463390,One Thousand Lies,Free to Play,Visual Novel,Anime,Casual,Story Rich,89.0
271,463930,The Dweller,Indie,Casual,Simulation,Strategy,Puzzle,94.0
272,207140,SpeedRunners,Multiplayer,Racing,Local Multiplayer,Indie,Competitive,94.0
273,466170,Idling to Rule the Gods,Free to Play,Simulation,Indie,Casual,Singleplayer,86.0
274,468490,Neon Space,Casual,Action,Indie,Strategy,Adventure,75.0
275,468530,A Date in the Park,Exploration,Point & Click,Horror,Interactive Fiction,Walking Simulator,87.0
276,471810,Death Squared,Puzzle,Local Co-Op,4 Player Local,Funny,Family Friendly,93.0
277,473520,Autumn,Casual,Indie,Puzzle,Relaxing,Side Scroller,64.0
278,474750,Reigns,Choices Matter,Medieval,Card Game,Indie,Life Sim,87.0
279,476460,Picross Touch,Puzzle,Free to Play,Casual,Indie,Strategy,94.0
280,477160,Human Fall Flat,Co-op,Funny,Puzzle,Adventure,Physics,94.0
281,481870,Mini Thief,Indie,Casual,Stealth,Multiplayer,Crime,71.0
282,269710,Tumblestone,Indie,Casual,Strategy,Action,Puzzle,87.0
283,485310,Head Shot,Early Access,Indie,Casual,Action,Adventure,44.0
284,485890,Summer Sale,Memes,Simulation,Singleplayer,Indie,Casual,59.0
285,488730,God's Trigger,Top-Down Shooter,Action Roguelike,Hack and Slash,Twin Stick Shooter,Shoot 'Em Up,71.0
286,491000,Gravity Cat,Cats,Indie,Platformer,Cute,Difficult,76.0
287,491650,Reset 1-1,Indie,Platformer,Pixel Graphics,2D,,69.0
288,491950,Orwell,Choices Matter,Political Sim,Dystopian,Story Rich,Indie,90.0
289,494580,STANDBY,Indie,Action,Adventure,Platformer,Difficult,76.0
290,495890,Montaro,Memes,Cute,Anime,Casual,Indie,95.0
291,496640,Strange Night,Indie,Horror,Psychological Horror,First-Person,Singleplayer,59.0
292,498660,Mind Spheres,Puzzle,Physics,Sports,Precision Platformer,Casual,84.0
293,502400,Redactem,Casual,Indie,Action,Strategy,Puzzle Platformer,63.0
294,502770,Voodoo Garden,Casual,Farming Sim,Indie,Clicker,Simulation,76.0
295,504130,Manual Samuel - Anniversary Edition,Dark Humor,Singleplayer,Adventure,Local Co-Op,Funny,84.0
296,504230,Celeste,Precision Platformer,Pixel Graphics,Difficult,Great Soundtrack,Platformer,97.0
297,505210,Neon Space 2,Action,Indie,Casual,Adventure,Strategy,74.0
298,71340,Sonic Generations,Platformer,Great Soundtrack,Action,Fast-Paced,3D Platformer,93.0
299,508760,Ball of Wonder,2D Platformer,Puzzle,Platformer,Arcade,2D,69.0
300,510420,The Hex,Indie,Singleplayer,Story Rich,Mystery,Psychological Horror,94.0
301,510620,THOTH,Action,Indie,Twin Stick Shooter,Minimalist,Difficult,87.0
302,513340,Through Abandoned: The Forest,Indie,Adventure,Singleplayer,Time Travel,Mystery,76.0
303,522210,Serial Cleaner,Stealth,Action,Indie,2D,Gore,87.0
304,527760,Just Hero,Indie,Casual,Platformer,,,61.0
305,528230,SYNTHETIK,Top-Down Shooter,Roguelite,Indie,Action,Action Roguelike,94.0
306,528660,Spin Rush,Indie,Casual,Action,Puzzle,,77.0
307,529420,Crazy Sapper 3D,Indie,Casual,Puzzle,3D,,75.0
308,530330,Blameless,Free to Play,Horror,Adventure,Multiplayer,Puzzle,84.0
309,531510,Just Shapes & Beats,Rhythm,Great Soundtrack,Music,Bullet Hell,Difficult,97.0
310,532110,Rusty Lake: Roots,Puzzle,Point & Click,Indie,Adventure,Psychological Horror,97.0
311,534550,Guacamelee! 2,Metroidvania,Cartoony,Platformer,Local Co-Op,Action,91.0
312,536750,BoomTown! Deluxe,Simulation,Strategy,Indie,Casual,Management,82.0
313,392110,ENDLESS™ Space 2,Strategy,Space,Sci-fi,4X,Turn-Based Strategy,84.0
314,544330,Snake Pass,3D Platformer,Indie,Adventure,Puzzle Platformer,Wholesome,86.0
315,545410,A Trip to Yugoslavia: Director's Cut,Indie,Casual,Adventure,Action,FMV,81.0
316,548430,Deep Rock Galactic,Dwarf,Co-op,PvE,FPS,Procedural Generation,97.0
317,551110,WayOut,Indie,Puzzle,Casual,Singleplayer,Difficult,89.0
318,493340,Planet Coaster,Simulation,Building,Management,Sandbox,Family Friendly,91.0
319,553340,SolarGun,Indie,Casual,Puzzle Platformer,Sci-fi,Short,84.0
320,553420,TUNIC,Exploration,Puzzle,Souls-like,Cute,Metroidvania,91.0
321,554530,CRACKHEAD,Casual,Indie,Action,Violent,Great Soundtrack,70.0
322,556870,Charlie's Adventure,Indie,Casual,Action,Adventure,Platformer,67.0
323,507490,Ashes of the Singularity: Escalation,RTS,Base Building,PvP,Real Time Tactics,Moddable,77.0
324,557340,My Friend Pedro,Action,Indie,Shooter,Parkour,Violent,96.0
325,557400,Midas Gold Plus,Free to Play,Clicker,Indie,Casual,Singleplayer,85.0
326,558990,Opus Magnum,Puzzle,Programming,Indie,Automation,Simulation,97.0
327,252950,Rocket League,Multiplayer,Football (Soccer),Competitive,Sports,Racing,88.0
328,559650,Witch It,Multiplayer,Funny,Casual,Action,Indie,89.0
329,562500,Warstone TD,Tower Defense,Strategy,Indie,Co-op,Fantasy,85.0
330,564210,Fishermurs,Action,Massively Multiplayer,Indie,Survival,Dark Humor,66.0
331,567280,Cube Runner,Casual,Indie,Action,Platformer,Great Soundtrack,85.0
332,567290,Slash It,Casual,Indie,Action,Typing,Great Soundtrack,89.0
333,567580,Duke of Alpha Centauri,Action,Casual,Indie,Shoot 'Em Up,Space,77.0
334,567780,Satellite Repairman,Action,Indie,Simulation,Space,Arcade,68.0
335,573600,Think of the Children,Action,4 Player Local,Co-op,Local Co-Op,Multiplayer,68.0
336,575750,Magic Box,Casual,Indie,Adventure,Puzzle,Pixel Graphics,72.0
337,575780,Inner silence,Action,Adventure,Casual,Indie,Platformer,79.0
338,577740,Winexy,Casual,Indie,Puzzle,Simulation,Abstract,69.0
339,208140,ENDLESS™ Space - Definitive Edition,Strategy,4X,Space,Sci-fi,Turn-Based Strategy,79.0
340,442290,Pointless,Indie,Clicker,Retro,Free to Play,,63.0
341,582500,We Were Here,Free to Play,Co-op,Escape Room,Puzzle,Horror,90.0
342,583470,The End Is Nigh,Precision Platformer,Platformer,Indie,Difficult,Great Soundtrack,93.0
343,583760,Slash It 2,Casual,Indie,Action,Typing,Rhythm,89.0
344,585690,Minimalism,Indie,Casual,Action,Difficult,Platformer,72.0
345,585950,WayOut 2: Hex,Casual,Indie,Puzzle,Atmospheric,Strategy,87.0
346,586960,Upside Down,Indie,Casual,Action,Adventure,Platformer,83.0
347,586970,Hungry Flame,Casual,Indie,Action,,,68.0
348,587260,Tokyo Xanadu eX+,JRPG,RPG,Action RPG,Anime,Great Soundtrack,86.0
349,589870,Learn to Fly 3,Free to Play,Casual,Physics,Simulation,Indie,94.0
350,351940,The Descendant,Adventure,Point & Click,Casual,Story Rich,Post-apocalyptic,77.0
351,593280,Cat Quest,Adventure,RPG,Cats,Cute,Action,95.0
352,598980,The Coin Game,Life Sim,Arcade,Open World,Casual,Physics,96.0
353,599140,Graveyard Keeper,Pixel Graphics,Crafting,RPG,Simulation,Sandbox,86.0
354,601640,The guard of dungeon,Action,Indie,FPS,Gore,Shooter,57.0
355,602320,Train Valley 2,Multiple Endings,Quick-Time Events,Trains,Relaxing,Simulation,91.0
356,603150,Defence to death,Turn-Based Tactics,Strategy,Tower Defense,Singleplayer,Atmospheric,59.0
357,604330,The Crown of Leaves,Visual Novel,Adventure,Indie,Story Rich,Point & Click,96.0
358,606150,Moonlighter,Hack and Slash,Pixel Graphics,Dungeon Crawler,Roguelite,Action Roguelike,82.0
359,606800,Startup Company,Management,Simulation,Economy,Strategy,Indie,81.0
360,609490,Minit,Minimalist,Adventure,Indie,Pixel Graphics,Puzzle,91.0
361,610080,Realm Grinder,Free to Play,Clicker,Strategy,Pixel Graphics,City Builder,87.0
362,612020,Zombidle: REMONSTERED,Free to Play,Clicker,Casual,Zombies,Indie,85.0
363,614910,#monstercakes,Casual,Indie,Puzzle,Match 3,Singleplayer,87.0
364,615610,Orbt XL,Indie,Casual,Space,2D,Action,96.0
365,616520,Cheap Golf,Indie,Sports,Action,Retro,Mini Golf,89.0
366,618740,Beat Hazard 2,Rhythm,Music-Based Procedural Generation,Procedural Generation,Twin Stick Shooter,Music,90.0
367,619400,Fluffy Creatures VS The World,Indie,Casual,Action,Adventure,Platformer,67.0
368,620130,Chaos Town,Action,Indie,RPG,Shooter,Top-Down Shooter,82.0
369,621060,PC Building Simulator,Simulation,Education,Immersive Sim,Building,Management,93.0
370,623840,Ambre - a heartbreaking kinetic novel,Free to Play,Visual Novel,Casual,Indie,Anime,76.0
371,626610,TT Isle of Man: Ride on the Edge,Racing,Action,First-Person,Driving,Multiplayer,73.0
372,632360,Risk of Rain 2,Third-Person Shooter,Action Roguelike,Multiplayer,Co-op,Action,93.0
373,632470,Disco Elysium,RPG,Story Rich,Choices Matter,Detective,Isometric,93.0
374,633060,Orwell: Ignorance is Strength,Simulation,Choices Matter,Political Sim,Indie,Dystopian,77.0
375,638000,When Ski Lifts Go Wrong ,Simulation,Indie,Building,Casual,Physics,87.0
376,638200,Capitalism 2,Simulation,Economy,Strategy,Capitalism,Management,88.0
377,642560,Art Of Gravity,Indie,Casual,Puzzle,Strategy,Physics,91.0
378,643270,OLDTV,Free to Play,Great Soundtrack,Fast-Paced,Indie,Difficult,94.0
379,644560,Mirror,Sexual Content,Nudity,Hentai,Mature,Anime,96.0
380,646570,Slay the Spire,Roguelike Deckbuilder,Card Game,Card Battler,Roguelike,Deckbuilding,97.0
381,650220,Interplanetary: Enhanced Edition,Strategy,Simulation,Indie,Space,Turn-Based Strategy,85.0
382,652980,Loading Screen Simulator,Free to Play,Memes,Clicker,Simulation,Indie,86.0
383,656600,Slash It Ultimate,Casual,Action,Indie,Rhythm,Music,71.0
384,656970,MagiCat,Indie,Platformer,Action,Adventure,Cats,91.0
385,657200,Hand Simulator,Simulation,Funny,Multiplayer,VR,Difficult,84.0
386,658850,Do Not Feed the Monkeys,Point & Click,Political Sim,Management,Dark Humor,Strategy,94.0
387,659190,"Sorry, James",Indie,Puzzle,Story Rich,Atmospheric,Strategy,79.0
388,665490,The Monster Inside,Free to Play,Indie,Visual Novel,Detective,Mystery,87.0
389,666140,My Time at Portia,Life Sim,RPG,Open World,Farming Sim,Crafting,91.0
390,666220,CS2D,Free to Play,2D,Shooter,Multiplayer,Action,90.0
391,674940,Stick Fight: The Game,Multiplayer,Funny,Fighting,Action,Local Multiplayer,93.0
392,677160,We Were Here Too,Online Co-Op,Escape Room,Puzzle,Co-op,Horror,80.0
393,683830,Weable,Action,Indie,Casual,Top-Down,2D,73.0
394,684580,Shoppe Keep 2,Trading,Management,Exploration,Open World,FPS,58.0
395,414340,Hellblade: Senua's Sacrifice,Atmospheric,Psychological,Female Protagonist,Story Rich,Mythology,90.0
396,698780,Doki Doki Literature Club,Psychological Horror,Visual Novel,Anime,Free to Play,Dating Sim,96.0
397,240720,Getting Over It with Bennett Foddy,Psychological Horror,Difficult,Singleplayer,Physics,Philosophical,82.0
398,699590,Trivia Vault: Science & History Trivia 2,Indie,Casual,Simulation,Strategy,Action,54.0
399,700330,SCP: Secret Laboratory,Free to Play,Multiplayer,Horror,First-Person,Co-op,91.0
400,706330,Trivia Vault: Mini Mixed Trivia 2,Immersive Sim,Puzzle,Trivia,2D,Text-Based,60.0
401,711810,Never Split the Party,Action Roguelike,Roguelike,Indie,Replay Value,Difficult,76.0
402,715010,Diamo XL,Casual,Indie,Action,Great Soundtrack,Addictive,93.0
403,567640,Danganronpa V3: Killing Harmony,Visual Novel,Detective,Female Protagonist,Anime,Story Rich,84.0
404,716490,EXAPUNKS,Programming,Puzzle,Hacking,Automation,Indie,96.0
405,717640,Reigns: Her Majesty,Indie,Life Sim,Female Protagonist,Choices Matter,Casual,83.0
406,15700,Oddworld: Abe's Oddysee,Adventure,Platformer,Classic,Puzzle,2D,90.0
407,726360,BOOBS SAGA: Prepare To Hentai Edition,Sexual Content,Nudity,Mature,Hentai,Violent,73.0
408,731490,Crash Bandicoot™ N. Sane Trilogy,3D Platformer,Remake,Classic,Platformer,Difficult,93.0
409,733070,Sudoku Universe,Casual,Indie,Puzzle,Strategy,Relaxing,95.0
410,734750,PickCrafter,Mining,Idler,Free to Play,Collectathon,Clicker,86.0
411,736260,Baba Is You,Puzzle,Indie,Difficult,Singleplayer,Logic,97.0
412,743640,Achievement Clicker,Casual,Clicker,Indie,Simulation,Strategy,84.0
413,744190,Rusty Lake Paradise,Puzzle,Point & Click,Indie,Adventure,Psychological Horror,95.0
414,745740,Reflex,Indie,Casual,Action,Puzzle,,87.0
415,747360,Gray Dawn,Adventure,Indie,Psychological Horror,Story Rich,Thriller,82.0
416,751690,The Mammoth: A Cave Painting,Indie,Adventure,Casual,Action,Free to Play,91.0
417,751780,Forager,Open World Survival Craft,Survival,Pixel Graphics,Crafting,Indie,90.0
418,753420,Dungreed,Action Roguelike,Pixel Graphics,Roguelite,Roguelike,Action,93.0
419,753640,Outer Wilds,Exploration,Space,Mystery,Story Rich,Adventure,95.0
420,757300,Truberbrook,Adventure,Point & Click,Indie,Singleplayer,Exploration,73.0
421,761620,Beholder 2,Dystopian,Strategy,Choices Matter,Political Sim,Simulation,88.0
422,368230,Kingdom: Classic,Free to Play,Singleplayer,Strategy,Simulation,Base Building,90.0
423,770410,Path to Mnemosyne,Adventure,Indie,Puzzle,Female Protagonist,Horror,79.0
424,776960,Mouse (Sneaking),Action,Casual,Indie,Adventure,Psychological Horror,86.0
425,339000,Ukrainian Ninja,Indie,Action,Casual,Platformer,Side Scroller,77.0
426,781440,"OH MY GOD, LOOK AT THIS KNIGHT",Free to Play,Adventure,Action,Indie,Funny,95.0
427,785740,This Is the Police 2,Strategy,Story Rich,Singleplayer,Turn-Based,Management,77.0
428,785790,WHAT THE GOLF?,Memes,Comedy,Physics,Indie,Funny,93.0
429,785890,Hexologic,Logic,Puzzle,Colorful,Relaxing,Sokoban,96.0
430,790740,Tick Tock: A Tale for Two,Puzzle,Co-op,Online Co-Op,Adventure,Indie,85.0
431,797410,Headsnatchers,Action,Casual,Indie,Local Multiplayer,4 Player Local,70.0
432,209670,Cortex Command,Strategy,Indie,Action,2D,Physics,82.0
433,464920,Surviving Mars,Colony Sim,City Builder,Strategy,Survival,Space,85.0
434,265590,The Red Solstice,Strategy,Tactical,RTS,Sci-fi,Co-op,72.0
435,805940,RUSSIA BATTLEGROUNDS,Action,Battle Royale,FPS,Multiplayer,Memes,77.0
436,806140,Achievement printer,Casual,Indie,Sports,Action,,88.0
437,812160,Etherborn,Indie,Adventure,Great Soundtrack,Puzzle,Puzzle Platformer,76.0
438,812810,missed messages.,Free to Play,Visual Novel,LGBTQ+,Choices Matter,Romance,96.0
439,813630,Supraland,Puzzle Platformer,Exploration,Metroidvania,First-Person,Adventure,96.0
440,382560,Hot Lava,Precision Platformer,3D Platformer,Parkour,Racing,Exploration,93.0
441,57300,Amnesia: The Dark Descent,Horror,Gore,Psychological Horror,Survival Horror,Puzzle,95.0
442,239200,Amnesia: A Machine for Pigs,Horror,Walking Simulator,Atmospheric,Story Rich,First-Person,68.0
443,513780,Turbo Pug DX,Indie,Casual,Runner,Cute,Pixel Graphics,86.0
444,837470,Untitled Goose Game,Funny,Villain Protagonist,Co-op,Multiplayer,Comedy,95.0
445,838410,Tabletop Playground,Indie,Simulation,Strategy,Casual,Tabletop,86.0
446,203770,Crusader Kings II,Grand Strategy,Strategy,Medieval,Historical,Political Sim,90.0
447,382260,8Bit Fiesta,Party Game,4 Player Local,Split Screen,Blood,Free to Play,92.0
448,232050,Eador. Masters of the Broken World,Strategy,Turn-Based Strategy,Fantasy,Turn-Based,RPG,67.0
449,860910,Hentai 3018,Indie,Casual,Action,Hentai,Sexual Content,80.0
450,861540,Dicey Dungeons,Roguelike Deckbuilder,Card Battler,Deckbuilding,Roguelite,Indie,89.0
451,270550,Yet Another Zombie Defense,Zombies,Survival,Multiplayer,Co-op,Tower Defense,86.0
452,862480,The Spiral Scouts,Adventure,Indie,Puzzle,Comedy,Female Protagonist,90.0
453,862570,Ding Dong XL,Casual,Indie,Action,Arcade,2D,96.0
454,439190,Stories: The Path of Destinies,Adventure,RPG,Action,Indie,Choices Matter,86.0
455,865040,Super Bit Blaster XL,Action,Indie,Casual,Retro,Arcade,94.0
456,865360,We Were Here Together,Puzzle,Online Co-Op,Story Rich,Co-op Campaign,Escape Room,84.0
457,490220,Prismata,Early Access,Strategy,Indie,Free to Play,Card Battler,82.0
458,209080,Guns of Icarus Online,Steampunk,Team-Based,Multiplayer,Co-op,Action,91.0
459,351100,Niffelheim,Mythology,Co-op,RPG,Crafting,Sandbox,73.0
460,638970,Yakuza 0,Story Rich,Action,Beat 'em up,Great Soundtrack,Open World,95.0
461,334210,Fortified,Action,Tower Defense,Indie,Co-op,Strategy,75.0
462,880940,Pummel Party,Multiplayer,Funny,Online Co-Op,4 Player Local,Board Game,89.0
463,728880,Overcooked! 2,Multiplayer,Online Co-Op,Local Co-Op,Co-op,Casual,90.0
464,884660,CRSED: Cuisine Royale,Battle Royale,Free to Play,Multiplayer,Open World,Survival,78.0
465,225540,Just Cause 3,Open World,Action,Destruction,Third-Person Shooter,Multiplayer,84.0
466,834530,Yakuza Kiwami,Action,Story Rich,Adventure,Beat 'em up,RPG,93.0
467,889910,Hell Pie,Comedy,Third Person,Platformer,Singleplayer,3D Platformer,92.0
468,714010,Aimlabs,Free to Play,FPS,Shooter,Simulation,Multiplayer,92.0
469,894940,Littlewood,Pixel Graphics,City Builder,Life Sim,Simulation,Relaxing,93.0
470,809890,Shining Resonance Refrain,RPG,Adventure,Anime,JRPG,Action RPG,73.0
471,365450,Hacknet,Hacking,Simulation,Programming,Typing,Singleplayer,93.0
472,897450,The Survivalists,Crafting,Survival,Online Co-Op,Adventure,Multiplayer,77.0
473,900270,Reventure,Adventure,Indie,Pixel Graphics,Multiple Endings,Comedy,95.0
474,909080,Cube Escape: Paradox,Puzzle,Free to Play,Psychological Horror,Point & Click,Mystery,97.0
475,914710,Cat Quest II,Adventure,Exploration,Action RPG,Hack and Slash,RPG,95.0
476,924140,Hand Simulator: Survival,Survival,Multiplayer,Adventure,Simulation,PvP,86.0
477,356650,Death's Gambit: Afterlife,Souls-like,Metroidvania,RPG,Pixel Graphics,Dark Fantasy,81.0
478,222880,Insurgency,FPS,Realistic,Tactical,Multiplayer,Shooter,92.0
479,304390,For Honor,Medieval,Swordplay,Action,Multiplayer,Fighting,69.0
480,931690,Himno,Free to Play,Pixel Graphics,2D,Platformer,Singleplayer,91.0
481,532210,Life is Strange 2,Choices Matter,Story Rich,Adventure,Singleplayer,Great Soundtrack,86.0
482,792100,7 Billion Humans,Programming,Puzzle,Indie,Simulation,Education,93.0
483,730,Counter-Strike 2,FPS,Shooter,Multiplayer,Competitive,Action,86.0
484,939850,The Dark Pictures Anthology: Man of Medan,Choices Matter,Horror,Co-op,Adventure,Multiplayer,74.0
485,940680,The Textorcist: The Story of Ray Bibbia,Indie,Action,Bullet Hell,Typing,Difficult,86.0
486,945360,Among Us,Multiplayer,Online Co-Op,Social Deduction,Space,Survival,92.0
487,96000,The Tiny Bang Story,Point & Click,Puzzle,Hand-drawn,Steampunk,Retro,88.0
488,953490,CARRION,Villain Protagonist,Pixel Graphics,Gore,Action,Indie,94.0
489,402390,Hyperdrive Massacre,Action,Indie,Local Multiplayer,Arcade,Casual,85.0
490,960090,Bloons TD 6,Tower Defense,Strategy,Multiplayer,Singleplayer,Online Co-Op,97.0
491,510840,Evolvation,Massively Multiplayer,Action,Indie,Casual,Simulation,64.0
492,565110,Mobile Astro,Action,Indie,Retro,Shoot 'Em Up,Arcade,71.0
493,963000,Frog Detective 1: The Haunted Island,Comedy,Short,Casual,Funny,Cute,95.0
494,967250,DOKA 2 KISHKI EDITION,Gore,Violent,Memes,Action,Indie,84.0
495,972660,Spiritfarer®: Farewell Edition,Emotional,Story Rich,Indie,Management,Building,95.0
496,977400,Cell to Singularity - Evolution Never Ends,Clicker,Free to Play,Science,Simulation,Casual,90.0
497,395170,DISTRAINT: Deluxe Edition,Indie,Horror,Psychological Horror,Pixel Graphics,2D,93.0
498,977950,A Dance of Fire and Ice,Rhythm,Music,Difficult,Level Editor,Indie,94.0
499,979120,Autonauts,Simulation,Programming,Automation,Indie,Casual,90.0
500,994140,Lightmatter,Logic,Indie,Adventure,Puzzle,First-Person,95.0
501,231430,Company of Heroes 2,Strategy,World War II,RTS,Multiplayer,Tactical,80.0
502,996580,Spyro™ Reignited Trilogy,3D Platformer,Adventure,Dragons,Remake,Family Friendly,93.0
503,996770,Moving Out,Casual,Indie,Action,Simulation,Co-op,81.0
504,343710,KHOLAT,Horror,Atmospheric,Walking Simulator,Psychological Horror,Survival Horror,67.0
505,1035560,Struggling,Indie,Funny,Co-op,Physics,Psychological Horror,92.0
506,1046030,ISLANDERS,Relaxing,City Builder,Strategy,Building,Puzzle,94.0
507,1047220,Frog Detective 2: The Case of the Invisible Wizard,Comedy,Casual,Short,Funny,Detective,98.0
508,1048100,Peekaboo,Action,Multiplayer,Casual,PvP,Physics,80.0
509,1049410,Superliminal,Puzzle,First-Person,Surreal,Narration,Psychological,94.0
510,1061180,Crumble,3D Platformer,Platformer,Indie,Action,Adventure,90.0
511,1062140,Garden Story,Singleplayer,Fantasy,Pixel Graphics,Adventure,Action RPG,90.0
512,1062830,Embr,Action,Simulation,Strategy,Casual,Co-op,87.0
513,1063490,Still There,Point & Click,Adventure,Emotional,Story Rich,Space,87.0
514,927380,Yakuza Kiwami 2,Action,Story Rich,Beat 'em up,RPG,Singleplayer,95.0
515,1069740,Seen,Early Access,Indie,Adventure,Dark,Singleplayer,91.0
516,1085510,Garfield Kart - Furious Racing,Cult Classic,Racing,Great Soundtrack,Multiplayer,Family Friendly,89.0
517,1085750,Sex with Stalin,Sexual Content,Psychological Horror,Nudity,Choose Your Own Adventure,Replay Value,83.0
518,275390,Guacamelee! Super Turbo Championship Edition,Platformer,2D,Metroidvania,Beat 'em up,Action,93.0
519,1089980,The Henry Stickmin Collection,Funny,Multiple Endings,Choose Your Own Adventure,Memes,Comedy,98.0
520,1092790,Inscryption,Card Battler,Card Game,Story Rich,Deckbuilding,Horror,96.0
521,684680,Polygoneer,Indie,Casual,Action,Arcade,Shoot 'Em Up,86.0
522,1104660,MO:Astray,Indie,Action,Adventure,Pixel Graphics,Puzzle Platformer,92.0
523,1124660,STORM AREA 51: AYY LMAO EDITION,Memes,Action,Massively Multiplayer,Indie,Casual,78.0
524,1135690,Unpacking,Relaxing,Cute,Pixel Graphics,Casual,Puzzle,93.0
525,1136160,Internet Cafe Simulator,Simulation,Indie,Management,Sexual Content,Singleplayer,75.0
526,1140290,Murder by Numbers,Visual Novel,Investigation,Puzzle,Female Protagonist,Interactive Fiction,85.0
527,1144200,Ready or Not,Tactical,Realistic,FPS,Shooter,Multiplayer,88.0
528,412540,The Minotaur,Indie,Action,Puzzle,Free to Play,,70.0
529,487330,Totally Unbalanced,Racing,Action,Adventure,Indie,Casual,83.0
530,1168880,MOLEK-SYNTEZ,Simulation,Puzzle,Programming,Indie,Singleplayer,92.0
531,1169040,Necesse,Base Building,Simulation,2D,Open World Survival Craft,Survival,94.0
532,493780,Nightork Adventures - Beyond the Moons of Shadalee,Action,Simulation,Arcade,Shooter,Third-Person Shooter,52.0
533,1170970,Marbles on Stream,Free to Play,Racing,Massively Multiplayer,Casual,Simulation,86.0
534,1173370,Slapshot: Rebound,Sports,Multiplayer,Arcade,Hockey,Physics,82.0
535,1180380,Stay Out,Free to Play,Survival,Multiplayer,Open World,Online Co-Op,62.0
536,1184160,RUSSIAPHOBIA,Action-Adventure,Idler,Political Sim,Horror,Relaxing,69.0
537,220820,Zombie Driver HD,Zombies,Racing,Top-Down,Gore,Violent,84.0
538,1198730,Hentai Police,Sexual Content,Casual,Indie,Nudity,RPG,82.0
539,418270,Draw Slasher,Action,Indie,Adventure,Ninja,2D,74.0
540,1205450,Turnip Boy Commits Tax Evasion,Indie,Cute,Adventure,Pixel Graphics,2D,95.0
541,1225570,Unravel Two,Co-op,Local Co-Op,Puzzle,Multiplayer,Adventure,80.0
542,1229380,Everhood,Great Soundtrack,Music,Story Rich,Psychedelic,Singleplayer,95.0
543,1240210,There Is No Game: Wrong Dimension,Indie,Adventure,Point & Click,Puzzle,Casual,97.0
544,1241700,There is no game: Jam Edition 2015,Indie,Free to Play,Casual,Adventure,Pixel Graphics,96.0
545,433950,Bit Blaster XL,Indie,Arcade,Pixel Graphics,Casual,Action,96.0
546,1250870,Cyrano Story,Free to Play,Adventure,Indie,Puzzle,Horror,67.0
547,1260390,Hentai Furry,Indie,Casual,Sexual Content,Nudity,Hentai,83.0
548,458660,The Slimeking's Tower,Action,Indie,Adventure,RPG,Action Roguelike,73.0
549,555000,GOAT OF DUTY,Early Access,FPS,Multiplayer,Shooter,Action,89.0
550,1271710,LEWDAPOCALYPSE,Sexual Content,Nudity,Hentai,Mature,NSFW,94.0
551,442070,Drawful 2,Local Multiplayer,Party,Multiplayer,Party Game,Casual,91.0
552,203160,Tomb Raider,Adventure,Action,Female Protagonist,Third Person,Singleplayer,95.0
553,289690,Lara Croft and the Temple of Osiris,Adventure,Action,Co-op,Local Co-Op,Multiplayer,66.0
554,1275350,Ninja Kiwi Archive,Casual,Arcade,Strategy,Tower Defense,Action,93.0
555,628950,Nephise Begins,Adventure,Indie,Walking Simulator,Casual,Short,71.0
556,390710,Acceleration of SUGURI 2,Fighting,Anime,Shoot 'Em Up,Multiplayer,Bullet Hell,91.0
557,282800,100% Orange Juice,Anime,Board Game,Cute,Multiplayer,Strategy,93.0
558,618140,Barro,Indie,Racing,Sports,Multiplayer,PvP,85.0
559,1281800,Samsara Room,Indie,Adventure,Puzzle,Free to Play,Point & Click,97.0
560,1281930,tModLoader,Adventure,Free to Play,Action,Indie,RPG,97.0
561,379320,Clandestinity of Elsie,Indie,Action,RPGMaker,Dark,Survival Horror,77.0
562,1283220,Devolverland Expo,Free to Play,Action,FPS,Adventure,Indie,89.0
563,1289310,Helltaker,Free to Play,Cute,Demons,Puzzle,Indie,97.0
564,1290000,PowerWash Simulator,Casual,Relaxing,Simulation,First-Person,Multiplayer,97.0
565,368180,Polyball,Racing,Indie,Action,Simulation,Casual,74.0
566,1292940,Cube Escape Collection,Puzzle,Point & Click,Mystery,Horror,Psychological Horror,98.0
567,1293180,SuchArt!,Design & Illustration,Sandbox,Immersive Sim,FPS,First-Person,97.0
568,1293230,House of Detention,Dark Fantasy,Psychological Horror,Story Rich,Horror,Memes,91.0
569,274980,Influent,Education,Indie,Anime,Singleplayer,Exploration,74.0
570,1301720,Escape Room - The Sick Colleague,Multiplayer,Free to Play,Horror,Puzzle,Investigation,82.0
571,1303660,Geometric Sniper,FPS,Hidden Object,Hand-drawn,Casual,Shooter,85.0
572,435790,10 Second Ninja X,Action,Indie,Platformer,Puzzle Platformer,Difficult,84.0
573,310360,Higurashi When They Cry Hou - Ch.1 Onikakushi,Visual Novel,Mystery,Anime,Psychological,Story Rich,96.0
574,1332010,Stray,Cats,Adventure,Cyberpunk,Atmospheric,Singleplayer,97.0
575,1332470,Gladiator Guild Manager: Prologue,Simulation,Auto Battler,Strategy,Management,Fantasy,93.0
576,1334000,Wordle,Puzzle,Casual,Indie,2D,Fast-Paced,84.0
577,1334590,Furry Love,Sexual Content,Nudity,Casual,Puzzle,Adventure,87.0
578,1335790,Operation Tango,Online Co-Op,Puzzle,Co-op Campaign,Adventure,Casual,88.0
579,1235140,Yakuza: Like a Dragon,RPG,Adventure,Action,Turn-Based Combat,JRPG,94.0
580,1048540,Kao the Kangaroo: Round 2,Adventure,3D Platformer,Action,Casual,Platformer,95.0
581,1341290,We Were Here Forever,Escape Room,Puzzle,Online Co-Op,Co-op,Multiplayer,91.0
582,1349040,Furry Love 2,Sexual Content,Nudity,Casual,Puzzle,Adventure,87.0
583,485610,Soccer Online: Ball 3D,Simulation,Sports,Football (Soccer),Multiplayer,eSports,90.0
584,1369320,Virtual Cottage,Cozy,Relaxing,Casual,Life Sim,Utilities,97.0
585,1370050,Trek to Yomi,Action,Adventure,Side Scroller,Hack and Slash,Action-Adventure,72.0
586,788100,Neon Abyss,Roguelike,Loot,Platformer,Procedural Generation,Singleplayer,86.0
587,1392820,Milk inside a bag of milk inside a bag of milk,Visual Novel,Psychological Horror,Horror,Experimental,Abstract,96.0
588,1408720,Krunker,Shooter,FPS,PvP,Parkour,3D,
589,1432860,Sun Haven,Farming Sim,Pixel Graphics,Multiplayer,RPG,Life Sim,85.0
590,1435790,Escape Simulator,Puzzle,Co-op,Multiplayer,Escape Room,First-Person,94.0
591,1454400,Cookie Clicker,Clicker,Idler,Casual,Indie,Pixel Graphics,96.0
592,1468260,Leaf Blower Revolution - Idle Game,Idler,Clicker,Casual,Indie,Crafting,94.0
593,843380,Super Animal Royale,Battle Royale,Free to Play,Cute,Multiplayer,Casual,93.0
594,729660,Blackout Z: Slaughterhouse Edition,Action,Indie,Top-Down,Top-Down Shooter,Zombies,82.0
595,1515210,The Past Within,Co-op,Puzzle,Online Co-Op,Multiplayer,Escape Room,94.0
596,1515950,Capcom Arcade Stadium,Action,Arcade,Free to Play,2D Platformer,1990's,53.0
597,537800,Bomber Crew,World War II,Simulation,Strategy,Management,Flight,89.0
598,1088710,Yakuza 3 Remastered,Action,Adventure,Open World,Beat 'em up,Story Rich,80.0
599,1105500,Yakuza 4 Remastered,Action,Adventure,Beat 'em up,Open World,RPG,91.0
600,384740,CAT Interstellar,Cats,Adventure,Cyberpunk,Atmospheric,Cute,70.0
601,383270,Hue,Indie,Puzzle,Adventure,Platformer,Puzzle Platformer,93.0
602,1574580,Strange Horticulture,Mystery,Puzzle,Investigation,Nature,Exploration,95.0
603,1587560,100 hidden cats,Cats,Hidden Object,Cute,Hand-drawn,Family Friendly,94.0
604,351510,Quiplash,Casual,Multiplayer,Comedy,Indie,Strategy,93.0
605,1599600,PlateUp!,Co-op,Management,Cooking,Building,Roguelite,95.0
606,435120,Rusty Lake Hotel,Puzzle,Point & Click,Indie,Adventure,Horror,95.0
607,1621690,Core Keeper,Pixel Graphics,Open World Survival Craft,Online Co-Op,Sandbox,Survival,91.0
608,1623730,Palworld,Open World,Multiplayer,Creature Collector,Survival,Open World Survival Craft,93.0
609,1629520,A Little to the Left,Puzzle,Relaxing,Wholesome,Casual,Cute,92.0
610,1637320,Dome Keeper,Singleplayer,Post-apocalyptic,Roguelike,Action,Sci-fi,91.0
611,1124300,HUMANKIND™,Strategy,Turn-Based Strategy,Multiplayer,City Builder,4X,66.0
612,1353300,Idle Slayer,Casual,Idler,Clicker,Free to Play,2D Platformer,86.0
613,1677770,The Case of the Golden Idol,Mystery,Detective,Investigation,Conspiracy,Puzzle,98.0
614,1703340,The Stanley Parable: Ultra Deluxe,Multiple Endings,Comedy,Choices Matter,Walking Simulator,First-Person,94.0
615,1749630,Chill Corner,Relaxing,Free to Play,Atmospheric,Idler,Casual,91.0
616,1782210,Crab Game,Psychological Horror,Multiplayer,Free to Play,Battle Royale,PvP,91.0
617,1158370,Aragami 2,Stealth,Ninja,Assassin,Online Co-Op,Co-op Campaign,75.0
618,556130,"Drones, The Human Condition",Action,Indie,Arcade,Shoot 'Em Up,Twin Stick Shooter,
619,1475810,Ghostwire: Tokyo,Singleplayer,Supernatural,Open World,First-Person,Horror,83.0
620,1036890,Shadow Warrior 3: Definitive Edition,FPS,Action,Adventure,Shooter,Arena Shooter,68.0
621,1948280,Stacklands,Card Game,Management,Survival,Card Battler,Roguelite,96.0
622,1966720,Lethal Company,Online Co-Op,Horror,First-Person,Co-op,Survival Horror,97.0
623,1985690,The Looker,Puzzle,Parody,Comedy,Funny,Exploration,97.0
624,1989270,Slay the Princess — The Pristine Cut,Visual Novel,Choices Matter,Psychological Horror,Horror,Choose Your Own Adventure,97.0
625,1065310,Evil West,Beat 'em up,Western,Action-Adventure,Co-op,Third-Person Shooter,74.0
626,485450,Ninja Stealth,Stealth,Strategy,Ninja,Indie,Casual,76.0
627,2098350,Escape Memoirs: Mini Stories,Free to Play,Multiplayer,Escape Room,Online Co-Op,Puzzle,85.0
628,1649080,Two Point Campus,Management,Simulation,Strategy,Building,City Builder,88.0
629,2313250,Cats Hidden in Paris,Cats,Hidden Object,Wholesome,Free to Play,Puzzle,98.0
630,2324650,The Murder of Sonic the Hedgehog,Visual Novel,Free to Play,Point & Click,Casual,Singleplayer,97.0
631,1272080,PAYDAY 3,Heist,Co-op,Action,Crime,Multiplayer,41.0
632,2666510,Rusty's Retirement,Farming Sim,Idler,Automation,Pixel Graphics,Simulation,96.0
633,2667970,100 Asian Cats,Ninja,Hidden Object,Cats,Free to Play,Puzzle,97.0
634,70,Half-Life,FPS,Classic,Multiplayer,1990's,Singleplayer,96.0
635,2709570,Supermarket Together,Simulation,Online Co-Op,Multiplayer,Management,Economy,93.0
636,1035510,Ultimate Zombie Defense,Action,Casual,Zombies,Online Co-Op,Tower Defense,86.0
637,2881650,Content Warning,Online Co-Op,Horror,Multiplayer,First-Person,Funny,93.0
638,2923300,Banana,Free to Play,Clicker,Singleplayer,2D,Casual,81.0
639,1422450,Deadlock,MOBA,Third-Person Shooter,Multiplayer,Team-Based,Hero Shooter,
640,569610,Distant Space,Shoot 'Em Up,Indie,Arcade,Space,Pixel Graphics,81.0
641,10,Counter-Strike,Action,FPS,Multiplayer,Shooter,Classic,96.0
642,220,Half-Life 2,FPS,Action,Sci-fi,Classic,Singleplayer,97.0
643,240,Counter-Strike: Source,Shooter,FPS,Action,Multiplayer,Team-Based,96.0
644,80,Counter-Strike: Condition Zero,Action,FPS,Shooter,Multiplayer,First-Person,90.0
645,300,Day of Defeat: Source,FPS,World War II,Multiplayer,Action,Shooter,90.0
646,1313,SiN Gold,Action,FPS,Cult Classic,Shooter,First-Person,80.0
647,3910,Sid Meier's Civilization III: Complete,Strategy,Turn-Based Strategy,Turn-Based,Classic,4X,91.0
648,6910,Deus Ex: Game of the Year Edition,Cyberpunk,RPG,Stealth,Classic,Immersive Sim,94.0
649,8400,Geometry Wars: Retro Evolved,Arcade,Twin Stick Shooter,Casual,Retro,Bullet Hell,90.0
650,2320,Quake II,FPS,Classic,Action,Shooter,1990's,95.0
651,4570,"Warhammer 40,000: Dawn of War - Anniversary Edition ",Strategy,RTS,Warhammer 40K,Base Building,Sci-fi,95.0
652,4760,Rome: Total War,Strategy,Historical,Rome,Turn-Based Strategy,RTS,94.0
653,2500,Shadowgrounds,Top-Down Shooter,Sci-fi,Aliens,Action,Shooter,82.0
654,11200,Shadowgrounds: Survivor,Action,Sci-fi,Shooter,Top-Down Shooter,Isometric,61.0
655,8080,Kane & Lynch: Dead Men,Action,Crime,Third-Person Shooter,Co-op,Shooter,66.0
656,12900,Audiosurf,Music,Rhythm,Indie,Casual,Music-Based Procedural Generation,95.0
657,15120,Tom Clancy's Rainbow Six: Vegas 2,Tactical,Action,FPS,Co-op,Singleplayer,84.0
658,12320,Sacred Gold,RPG,Open World,Hack and Slash,Action,Classic,84.0
659,12360,FlatOut: Ultimate Carnage Collector's Edition,Combat Racing,Racing,Destruction,Automobile Sim,Multiplayer,88.0
660,500,Left 4 Dead,Zombies,Co-op,Multiplayer,FPS,Action,96.0
661,17470,Dead Space (2008),Horror,Sci-fi,Action,Space,Survival Horror,92.0
662,29800,Caster,Action,Indie,Adventure,Third-Person Shooter,Casual,79.0
663,3710,Judge Dredd: Dredd vs Death,Action,FPS,Cyberpunk,First-Person,Classic,88.0
664,22200,Zeno Clash,Action,Surreal,Indie,Beat 'em up,Fighting,88.0
665,3590,Plants vs. Zombies: Game of the Year,Tower Defense,Zombies,Strategy,Singleplayer,Casual,97.0
666,1250,Killing Floor,FPS,Zombies,Co-op,Survival,Horror,96.0
667,35700,Trine,Puzzle Platformer,Beautiful,Fantasy,Platformer,Physics,95.0
668,6060,"Star Wars: Battlefront 2 (Classic, 2005)",Action,Multiplayer,Shooter,Third-Person Shooter,Classic,94.0
669,34900,Bad Rats,Cult Classic,Physics,Indie,Gore,Puzzle,77.0
670,12800,FUEL,,,,,,
671,39800,Nation Red,Zombies,Action,Indie,Top-Down Shooter,Online Co-Op,88.0
672,38220,Section 8,,,,,,
673,21690,Resident Evil 5,Co-op,Action,Zombies,Co-op Campaign,Third-Person Shooter,87.0
674,20500,Red Faction: Guerrilla Steam Edition,Open World,Destruction,Action,Physics,Sci-fi,90.0
675,667720,Red Faction Guerrilla Re-Mars-tered,Destruction,Open World,Third-Person Shooter,Mars,Sci-fi,80.0
676,32200,Metal Drift,Action,Indie,Racing,Sports,Multiplayer,72.0
677,41500,Torchlight,RPG,Action RPG,Hack and Slash,Dungeon Crawler,Fantasy,91.0
678,41000,Serious Sam HD: The First Encounter,FPS,Action,Shooter,Co-op,Gore,93.0
679,12840,DiRT 2,,,,,,
680,22370,Fallout 3 - Game of the Year Edition,Open World,RPG,Post-apocalyptic,Singleplayer,Moddable,80.0
681,18820,Zero Gear,Racing,Indie,Action,Sports,Multiplayer,80.0
682,40100,Supreme Commander 2,Strategy,RTS,Sci-fi,Multiplayer,Base Building,88.0
683,22100,Mount & Blade,RPG,Medieval,Open World,Strategy,Sandbox,92.0
684,8850,BioShock 2,FPS,Action,Singleplayer,Atmospheric,Story Rich,88.0
685,409720,BioShock 2 Remastered,FPS,Action,Singleplayer,Story Rich,Atmospheric,70.0
686,41010,Serious Sam HD: The Second Encounter,,,,,,
687,20820,Shatter,Great Soundtrack,Indie,Arcade,Action,Local Co-Op,95.0
688,34920,Razor2: Hidden Skies,Action,Indie,Casual,Shoot 'Em Up,Arcade,22.0
689,6120,Shank,Action,Beat 'em up,Indie,2D,Side Scroller,90.0
690,42960,Victoria II,Grand Strategy,Strategy,Historical,Political Sim,Politics,92.0
691,50620,Darksiders,Action,Adventure,Hack and Slash,Third Person,Singleplayer,89.0
692,462780,Darksiders Warmastered Edition,Action,Hack and Slash,Adventure,Third Person,RPG,87.0
693,46450,Grotesque Tactics: Evil Heroes,RPG,Strategy,Indie,Turn-Based,Parody,60.0
694,18040,DeathSpank,RPG,Action,Comedy,Indie,Hack and Slash,94.0
695,8980,Borderlands GOTY,Looter Shooter,FPS,Co-op,RPG,Action,93.0
696,729040,Borderlands GOTY Enhanced,FPS,Co-op,Shooter,First-Person,Loot,86.0
697,67000,The Polynomial,Indie,Music,Action,Rhythm,Casual,72.0
698,35460,The Ball,3D Platformer,Puzzle Platformer,First-Person,Puzzle,Strategy,74.0
699,47810,Dragon Age: Origins - Ultimate Edition,RPG,Fantasy,Story Rich,Choices Matter,Singleplayer,87.0
700,41730,Ion Assault,Action,Indie,Casual,Arcade,Shoot 'Em Up,73.0
701,55140,MX vs. ATV Reflex,Racing,Motocross,Offroad,Multiplayer,Motorbike,87.0
702,7520,Two Worlds II HD,RPG,Open World,Fantasy,Third Person,Exploration,60.0
703,78000,Bejeweled 3,Casual,Puzzle,Match 3,Singleplayer,Strategy,96.0
704,4540,Titan Quest,,,,,,
705,475150,Titan Quest Anniversary Edition,RPG,Hack and Slash,Action RPG,Loot,Mythology,91.0
706,91900,Post Apocalyptic Mayhem,Racing,Action,Post-apocalyptic,Multiplayer,Arcade,87.0
707,21100,F.E.A.R. 3,FPS,Horror,Co-op,Action,Multiplayer,70.0
708,42910,Magicka,Comedy,Co-op,Action,Fantasy,Magic,86.0
709,99810,Bulletstorm,,,,,,
710,45450,Fortix 2,Indie,Casual,Puzzle,Singleplayer,Arcade,91.0
711,93200,Revenge of the Titans,Tower Defense,Strategy,Indie,Action,Sci-fi,81.0
712,48190,Assassin's Creed Brotherhood,Action,Adventure,Open World,Parkour,Stealth,88.0
713,70000,Dino D-Day,Dinosaurs,Multiplayer,Action,World War II,FPS,86.0
714,45760,Ultra Street Fighter IV,Fighting,Arcade,Competitive,2D Fighter,Local Multiplayer,91.0
715,91200,Anomaly Warzone Earth,Strategy,Indie,Tower Defense,Action,Sci-fi,85.0
716,92100,DETOUR,Indie,Strategy,Puzzle,Singleplayer,Casual,59.0
717,105400,Fable III,,,,,,
718,44320,DiRT 3,,,,,,
719,321040,DiRT 3 Complete Edition,,,,,,
720,98200,Frozen Synapse,Strategy,Turn-Based,Tactical,Indie,Asynchronous Multiplayer,89.0
721,7530,Two Worlds II Castle Defense,Strategy,Tower Defense,Fantasy,Singleplayer,,45.0
722,91700,E.Y.E: Divine Cybermancy,Cyberpunk,RPG,FPS,Action,Co-op,84.0
723,94200,Jamestown,Shoot 'Em Up,Bullet Hell,Local Co-Op,Indie,Arcade,94.0
724,105300,Critical Mass,Casual,Puzzle,Indie,Singleplayer,Match 3,73.0
725,46510,Syberia 2,Adventure,Point & Click,Puzzle,Female Protagonist,Story Rich,88.0
726,46540,Trapped Dead,Strategy,Action,Zombies,Adventure,Co-op,42.0
727,107310,Cthulhu Saves the World ,JRPG,Lovecraftian,Comedy,RPG,Indie,91.0
728,98800,Dungeons of Dredmor,Traditional Roguelike,Roguelike,Turn-Based,RPG,Dungeon Crawler,94.0
729,102200,Runespell: Overture,Card Battler,Card Game,Deckbuilding,RPG,Indie,75.0
730,35450,Rising Storm/Red Orchestra 2 Multiplayer,World War II,Realistic,Multiplayer,FPS,Wargame,93.0
731,107200,Space Pirates and Zombies,Space,Action,Indie,Sci-fi,Top-Down,91.0
732,111800,Blocks That Matter,Funny,Singleplayer,Platformer,Puzzle,Puzzle Platformer,81.0
733,28050,Deus Ex: Human Revolution,,,,,,
734,17710,Nuclear Dawn,Strategy,FPS,Action,RTS,Multiplayer,78.0
735,22230,Rock of Ages,Comedy,Strategy,Indie,Tower Defense,Action,91.0
736,47400,Stronghold 3,Strategy,City Builder,Medieval,Simulation,RTS,30.0
737,73210,Sengoku,Strategy,Simulation,Grand Strategy,RPG,Historical,61.0
738,1520,DEFCON,Cold War,Wargame,RTS,Tactical RPG,Immersive Sim,86.0
739,1530,Multiwinia,RTS,Strategy,Multiplayer,Singleplayer,Retro,81.0
740,58230,MacGuffin's Curse,Adventure,Casual,Indie,Puzzle,Werewolves,92.0
741,63000,HOARD,Casual,Strategy,Dragons,Indie,Action,85.0
742,102840,Shank 2,Action,Beat 'em up,Indie,2D,Adventure,82.0
743,72850,The Elder Scrolls V: Skyrim,Open World,RPG,Fantasy,Adventure,Dragons,94.0
744,80310,Gemini Rue,Point & Click,Adventure,Sci-fi,Noir,Cyberpunk,87.0
745,70620,Worms Crazy Golf,Sports,Strategy,Golf,Local Multiplayer,Casual,83.0
746,9200,RAGE,FPS,Post-apocalyptic,Action,Open World,Shooter,75.0
747,200910,Before the Echo,Rhythm,RPG,Indie,Music,Great Soundtrack,88.0
748,39160,Dungeon Siege III,RPG,Action,Fantasy,Action RPG,Co-op,54.0
749,39190,Dungeon Siege,RPG,Fantasy,Action RPG,Party-Based RPG,Classic,81.0
750,39200,Dungeon Siege 2,RPG,Fantasy,Action RPG,Hack and Slash,Singleplayer,75.0
751,9350,Supreme Commander,Strategy,RTS,Sci-fi,Multiplayer,Base Building,88.0
752,18120,Unstoppable Gorg,Tower Defense,Strategy,Indie,Casual,Action,77.0
753,107600,Waves,Bullet Hell,Shoot 'Em Up,Twin Stick Shooter,Arcade,Shooter,95.0
754,41050,Serious Sam Classic: The First Encounter,Action,FPS,Classic,Shooter,Gore,95.0
755,41070,Serious Sam 3: BFE,FPS,Action,Gore,Co-op,Comedy,88.0
756,25000,Overgrowth,Action,Parkour,Indie,Martial Arts,Sandbox,85.0
757,201570,Really Big Sky,Indie,Action,Shoot 'Em Up,Space,Bullet Hell,73.0
758,203990,SATAZIUS,Shoot 'Em Up,Bullet Hell,Indie,Side Scroller,Action,86.0
759,38600,Faerie Solitaire,Solitaire,Casual,Board Game,Card Game,Tabletop,89.0
760,2400,The Ship,Multiplayer,Indie,First-Person,Action,Stealth,84.0
761,41900,The Bard's Tale,RPG,Adventure,Comedy,Action,Fantasy,77.0
762,92300,A.R.E.S.,Action,Platformer,Indie,Side Scroller,Sci-fi,71.0
763,205650,The Testament of Sherlock Holmes,Adventure,Detective,Point & Click,Puzzle,Mystery,79.0
764,204880,Sins of a Solar Empire: Rebellion,Management,Diplomacy,Online Co-Op,Multiplayer,Singleplayer,93.0
765,111100,Snuggle Truck,Casual,Racing,Indie,Driving,Singleplayer,90.0
766,105800,PixelJunk Eden,Indie,Casual,Platformer,Action,Great Soundtrack,85.0
767,203210,Titan Attacks,Arena Shooter,Side Scroller,Bullet Hell,Shoot 'Em Up,Top-Down Shooter,92.0
768,205730,Insanely Twisted Shadow Planet,Metroidvania,Adventure,Indie,Action,2D,88.0
769,42170,Krater,RPG,Adventure,Post-apocalyptic,Action RPG,Loot,55.0
770,98400,Hard Reset,FPS,Cyberpunk,Action,Sci-fi,Shooter,82.0
771,207650,A Virus Named TOM,Indie,Puzzle,Action,Strategy,Local Co-Op,72.0
772,203560,Containment: The Zombie Puzzler,Casual,Indie,Puzzle,Zombies,Singleplayer,90.0
773,208600,Lunar Flight,Simulation,VR,Space,Indie,Flight,83.0
774,207420,Wizorb,Indie,Arcade,Pixel Graphics,Retro,Action,75.0
775,207320,Ys: The Oath in Felghana,Action,Great Soundtrack,RPG,JRPG,Adventure,94.0
776,108710,Alan Wake,Action,Horror,Third Person,Adventure,Story Rich,90.0
777,207430,"Hack, Slash, Loot",Traditional Roguelike,Roguelike,Indie,RPG,Pixel Graphics,58.0
778,207610,The Walking Dead,Zombies,Story Rich,Adventure,Point & Click,Episodic,97.0
779,209330,A Valley Without Wind,Action,Platformer,Indie,Adventure,Procedural Generation,63.0
780,205610,Port Royale 3,Strategy,Trading,Simulation,Pirates,Economy,72.0
781,207250,Cubemen,Tower Defense,Strategy,Indie,Multiplayer,Singleplayer,73.0
782,205350,Mortal Kombat Kollection,,,,,,
783,104900,ORION: Prelude,Dinosaurs,Action,FPS,Multiplayer,Online Co-Op,77.0
784,37000,The Void,Surreal,Nudity,Philosophical,Story Rich,Adventure,82.0
785,211360,Offspring Fling!,Indie,Puzzle,Platformer,Cute,Adventure,88.0
786,211800,Dead Hungry Diner,Casual,Indie,Zombies,Vampire,Werewolves,83.0
787,200260,Batman: Arkham City GOTY,Action,Open World,Stealth,Superhero,Adventure,95.0
788,212680,FTL: Faster Than Light,Roguelike,Space,Strategy,Sci-fi,Indie,95.0
789,209690,Fieldrunners,Tower Defense,Strategy,Indie,Casual,Singleplayer,77.0
790,204180,Waveform,Indie,Puzzle,Great Soundtrack,Casual,Singleplayer,83.0
791,3830,Psychonauts,Platformer,Comedy,Adventure,Cult Classic,Singleplayer,95.0
792,204060,Superbrothers: Sword & Sworcery EP,Adventure,Indie,Pixel Graphics,Point & Click,Great Soundtrack,79.0
793,107100,Bastion,Great Soundtrack,Indie,Action,Singleplayer,Narration,95.0
794,207350,Ys Origin,RPG,JRPG,Great Soundtrack,Action,Action RPG,93.0
795,200390,Oil Rush,Strategy,Indie,RTS,Tower Defense,Dystopian,56.0
796,207080,Indie Game: The Movie,Movie,Documentary,Indie,Great Soundtrack,Linear,96.0
797,40800,Super Meat Boy,Precision Platformer,Platformer,Difficult,Indie,2D Platformer,94.0
798,210170,Spirits,Indie,Lemmings,Strategy,Action,Puzzle,68.0
799,205910,Tiny and Big: Grandpa's Leftovers,Indie,Physics,Platformer,Puzzle,Great Soundtrack,92.0
800,214830,Half Minute Hero: Super Mega Neo Climax Ultimate Boy,RPG,Action,Parody,Fast-Paced,Casual,88.0
801,208670,Blades of Time,Action,Female Protagonist,Hack and Slash,Adventure,Third Person,83.0
802,206440,To the Moon,Story Rich,Great Soundtrack,Indie,Emotional,RPGMaker,96.0
803,214340,Deponia,Adventure,Point & Click,Comedy,Puzzle,Singleplayer,86.0
804,35140,Batman: Arkham Asylum GOTY Edition,Action,Stealth,Third Person,Superhero,Adventure,96.0
805,211580,Wanderlust: Rebirth,RPG,Indie,Adventure,Action,Multiplayer,51.0
806,207750,Symphony,Music,Indie,Shoot 'Em Up,Action,Rhythm,86.0
807,204300,Awesomenauts,MOBA,Multiplayer,2D,Platformer,Action,84.0
808,216910,Of Orcs And Men,RPG,Action,Fantasy,Story Rich,Singleplayer,75.0
809,215280,Secret World Legends,Massively Multiplayer,MMORPG,RPG,Lovecraftian,Horror,67.0
810,204630,Retro City Rampage™ DX,Action,Open World,Retro,Pixel Graphics,Indie,88.0
811,208750,Apotheon,Mythology,Action,Metroidvania,Adventure,Platformer,90.0
812,215770,Shad'O,Indie,Tower Defense,Strategy,Action,Singleplayer,62.0
813,214570,Ether Vapor Remaster,Shoot 'Em Up,Action,Anime,Shooter,Bullet Hell,83.0
814,72000,Closure,Puzzle,Platformer,Indie,Puzzle Platformer,Surreal,85.0
815,215510,Rocketbirds: Hardboiled Chicken,Indie,Platformer,Action,Adventure,Local Co-Op,81.0
816,220200,Kerbal Space Program,Space,Simulation,Sandbox,Physics,Science,95.0
817,214560,Mark of the Ninja,Stealth,Platformer,Ninja,Indie,2D,96.0
818,96300,Ravaged Zombie Apocalypse,,,,,,
819,214360,Tower Wars,Tower Defense,Strategy,Indie,Steampunk,Multiplayer,72.0
820,215790,Dream Pinball 3D,Simulation,Casual,Pinball,,,29.0
821,200710,Torchlight II,RPG,Action RPG,Hack and Slash,Loot,Dungeon Crawler,92.0
822,219910,Edna & Harvey: Harvey's New Eyes,Point & Click,Adventure,Dark Humor,Indie,Comedy,88.0
823,220860,McPixel,Point & Click,Comedy,Indie,Pixel Graphics,Puzzle,87.0
824,7510,X-Blades,Action,Female Protagonist,Hack and Slash,RPG,Adventure,59.0
825,91600,Sanctum,Tower Defense,FPS,Strategy,Co-op,Action,90.0
826,203350,King's Bounty: Warriors of the North,RPG,Strategy,Turn-Based Strategy,Tactical,Turn-Based,78.0
827,223000,7 Wonders: Ancient Alien Makeover,Casual,Match 3,Strategy,Puzzle,Singleplayer,93.0
828,214590,Fairy Bloom Freesia,Anime,Action,Beat 'em up,Indie,Female Protagonist,90.0
829,223470,POSTAL 2,Violent,Open World,Dark Humor,First-Person,Mature,96.0
830,223220,Giana Sisters: Twisted Dreams,Side Scroller,Difficult,Platformer,Arcade,Female Protagonist,82.0
831,223830,Xenonauts,Turn-Based Strategy,Turn-Based Tactics,Turn-Based Combat,Base Building,Grand Strategy,87.0
832,8870,BioShock Infinite,FPS,Story Rich,Action,Singleplayer,Steampunk,93.0
833,200510,XCOM: Enemy Unknown,Turn-Based Strategy,Tactical,Strategy,Sci-fi,Turn-Based,94.0
834,409710,BioShock Remastered,FPS,Story Rich,Atmospheric,Horror,Singleplayer,82.0
835,211400,Deadlight,Zombies,Platformer,Indie,Action,Post-apocalyptic,79.0
836,4920,Natural Selection 2,Multiplayer,Strategy,FPS,Team-Based,Action,85.0
837,214170,Divine Divinity,RPG,Fantasy,Isometric,Classic,Action RPG,87.0
838,218410,Defender's Quest: Valley of the Forgotten,Tower Defense,Female Protagonist,Tactical RPG,Strategy,RPG,95.0
839,1900,Earth 2160,Base Building,Space,RTS,Real-Time,Action RPG,69.0
840,220460,Cargo Commander,Indie,Procedural Generation,Atmospheric,Roguelite,Platformer,82.0
841,3700,Sniper Elite,Action,Sniper,Stealth,World War II,Singleplayer,77.0
842,220740,Chaos on Deponia,Adventure,Point & Click,Comedy,Singleplayer,Puzzle,90.0
843,212110,Sugar Cube: Bittersweet Factory,Indie,Platformer,Action,Puzzle Platformer,2D,76.0
844,223730,FLY'N,Platformer,Indie,2D,Adventure,Singleplayer,91.0
845,222140,Puddle,Indie,Simulation,Physics,Puzzle,Action,75.0
846,215930,Jagged Alliance 2 - Wildfire ,Strategy,RPG,Turn-Based Tactics,Turn-Based Strategy,Turn-Based,78.0
847,223630,AirBuccaneers,Indie,Action,Free to Play,Strategy,RPG,61.0
848,228200,Company of Heroes ,Strategy,World War II,RTS,War,Singleplayer,94.0
849,201790,Orcs Must Die! 2,Tower Defense,Co-op,Action,Strategy,Online Co-Op,92.0
850,209190,Stealth Bastard Deluxe,Stealth,Platformer,Indie,Puzzle,Action,88.0
851,46260,Star Wolves 3: Civil War,RPG,Strategy,Space,Sci-fi,Tactical,83.0
852,25890,Hearts of Iron III,Grand Strategy,Strategy,World War II,Historical,Simulation,77.0
853,222980,Dead Pixels,Zombies,Action,Pixel Graphics,Indie,Local Co-Op,86.0
854,223390,Forge,,,,,,
855,224420,Afterfall InSanity Extended Edition,,,,,,
856,212700,Party of Sin,Action,Indie,Adventure,Platformer,Local Co-Op,55.0
857,113020,Monaco,Co-op,Stealth,Indie,Heist,Local Co-Op,92.0
858,220440,DmC Devil May Cry,Action,Hack and Slash,Great Soundtrack,Spectacle fighter,Demons,93.0
859,227580,"10,000,000",Match 3,Indie,Puzzle,Casual,Pixel Graphics,90.0
860,225140,Duke Nukem 3D: Megaton Edition,,,,,,
861,225160,Shadow Warrior Classic Redux,FPS,Classic,Action,Retro,Shooter,90.0
862,65800,Dungeon Defenders,Multiplayer,Online Co-Op,Tower Defense,Singleplayer,Strategy,93.0
863,49540,Aliens: Colonial Marines,Action,FPS,Aliens,Co-op,Sci-fi,62.0
864,220700,RPG Maker VX Ace,Game Development,RPG,RPGMaker,Design & Illustration,Software,94.0
865,218060,BIT.TRIP Presents... Runner2: Future Legend of Rhythm Alien,Rhythm,Platformer,Indie,Music,Difficult,93.0
866,219680,Proteus,Exploration,Walking Simulator,Relaxing,Indie,Casual,82.0
867,63700,BIT.TRIP BEAT,Indie,Rhythm,Music,Action,Casual,81.0
868,63710,BIT.TRIP RUNNER,Rhythm,Platformer,Runner,Music,Action,87.0
869,205060,BIT.TRIP CORE,Indie,Action,Rhythm,Music,,59.0
870,205070,BIT.TRIP VOID,Indie,Action,Music,Rhythm,,77.0
871,205080,BIT.TRIP FATE,Indie,Action,Music,Rhythm,Shoot 'Em Up,64.0
872,35720,Trine 2,Puzzle Platformer,Platformer,Adventure,Action,Beautiful,95.0
873,228280,Baldur's Gate: Enhanced Edition,RPG,Fantasy,Dungeons & Dragons,Isometric,CRPG,92.0
874,215710,Fieldrunners 2,Tower Defense,Strategy,Casual,Action,Touch-Friendly,89.0
875,219200,Droid Assault,Action,Indie,Arcade,Shooter,Retro,83.0
876,209270,Hero Academy,Strategy,Indie,Turn-Based,Multiplayer,Asynchronous Multiplayer,71.0
877,212480,Sonic & All-Stars Racing Transformed Collection,Racing,Local Multiplayer,Multiplayer,Great Soundtrack,Local Co-Op,93.0
878,227300,Euro Truck Simulator 2,Driving,Transportation,Simulation,Open World,Automobile Sim,97.0
879,18500,Defense Grid: The Awakening,Tower Defense,Strategy,Sci-fi,Singleplayer,Indie,96.0
880,57690,Tropico 4,City Builder,Simulation,Strategy,Management,Comedy,91.0
881,203830,The Dark Eye: Chains of Satinav,Adventure,Point & Click,Singleplayer,Fantasy,Puzzle,86.0
882,219890,Antichamber,Puzzle,First-Person,Indie,Surreal,Exploration,95.0
883,223810,Ys I,JRPG,Action,Great Soundtrack,RPG,Adventure,88.0
884,223870,Ys II,JRPG,Action,Great Soundtrack,RPG,Adventure,88.0
885,208520,Omerta - City of Gangsters,Crime,Strategy,Management,Simulation,Turn-Based Strategy,66.0
886,209120,Street Fighter X Tekken,Fighting,Action,2D Fighter,Arcade,Multiplayer,56.0
887,99900,Spiral Knights,Free to Play,Massively Multiplayer,RPG,Adventure,Action,84.0
888,113400,APB Reloaded,Free to Play,Open World,Multiplayer,Action,Character Customization,63.0
889,200210,Realm of the Mad God Exalt,Pixel Graphics,MMORPG,Roguelike,Free to Play,Action Roguelike,83.0
890,205710,EverQuest Free-to-Play,Free to Play,RPG,Massively Multiplayer,MMORPG,Fantasy,80.0
891,207230,Archeblade,Free to Play,Anime,Action,Fighting,Multiplayer,73.0
892,212160,Vindictus,Free to Play,Hack and Slash,Massively Multiplayer,Action,MMORPG,68.0
893,212800,Super Crate Box,Free to Play,Indie,Platformer,Pixel Graphics,Action,88.0
894,238960,Path of Exile,Free to Play,Dark Fantasy,Action RPG,Hack and Slash,Loot,89.0
895,39120,RIFT,Free to Play,MMORPG,RPG,Fantasy,Open World,74.0
896,223710,Cry of Fear,Horror,Free to Play,Multiplayer,Survival Horror,Psychological Horror,88.0
897,234330,Marvel Puzzle Quest,Puzzle,Match 3,Free to Play,Superhero,RPG,70.0
898,226320,Marvel Heroes Omega,,,,,,
899,227760,March of the Eagles,Strategy,Simulation,Grand Strategy,Historical,Real-Time with Pause,67.0
900,8930,Sid Meier's Civilization V,Turn-Based Strategy,Strategy,Turn-Based,Multiplayer,Historical,96.0
901,221040,Resident Evil 6,Zombies,Action,Co-op,Third-Person Shooter,Horror,79.0
902,225260,Brütal Legend,Action,Comedy,Adventure,Great Soundtrack,Open World,94.0
903,224820,Super House of Dead Ninjas,Action Roguelike,Action,Platformer,Roguelike,Indie,96.0
904,211260,They Bleed Pixels,Platformer,Difficult,Lovecraftian,Pixel Graphics,Gore,84.0
905,11190,Sherlock Holmes versus Jack the Ripper,Adventure,RPG,Detective,Point & Click,Mystery,79.0
906,229520,Dungeon Hearts,Casual,Indie,Strategy,Puzzle,Match 3,66.0
907,204080,The Showdown Effect,,,,,,
908,225420,Cities in Motion 2,Simulation,Strategy,Transportation,Management,City Builder,60.0
909,216090,Go Home Dinosaurs!,Tower Defense,Casual,Strategy,Dinosaurs,Indie,93.0
910,234490,Rush Bros,Indie,Racing,Platformer,Action,Music,62.0
911,227180,Kingdom Wars,Strategy,Free to Play,RTS,Massively Multiplayer,RPG,67.0
912,230050,DLC Quest,Platformer,Indie,Satire,Comedy,Short,88.0
913,233510,Lunnye Devitsy,Indie,Casual,Platformer,Exploration,Multiple Endings,69.0
914,233530,Wake,Indie,Action,Platformer,Metroidvania,,28.0
915,219190,Ultratron,Indie,Action,Arcade,Retro,Twin Stick Shooter,87.0
916,228260,Fallen Enchantress: Legendary Heroes,Magic,Singleplayer,Strategy,4X,Fantasy,79.0
917,232770,POSTAL,Horror,Villain Protagonist,Psychological Horror,Top-Down Shooter,Twin Stick Shooter,90.0
918,203140,Hitman: Absolution,Stealth,Action,Third Person,Assassin,Singleplayer,92.0
919,31280,Poker Night at the Inventory,Card Game,Casual,Comedy,Singleplayer,Funny,89.0
920,234710,Poker Night 2,Card Game,Comedy,Casual,Singleplayer,Gambling,87.0
921,220900,Jack Lumber,Casual,Indie,Action,Strategy,Touch-Friendly,82.0
922,115100,Costume Quest,RPG,Adventure,Comedy,Casual,Singleplayer,94.0
923,115110,Stacking,Adventure,Puzzle,Indie,Comedy,Singleplayer,90.0
924,230700,La-Mulana,Retro,Difficult,Remake,Metroidvania,2D,79.0
925,210770,Sanctum 2,Tower Defense,FPS,Co-op,Strategy,Action,92.0
926,222480,Resident Evil Revelations,Horror,Action,Zombies,Survival Horror,Third-Person Shooter,81.0
927,202270,Leviathan: Warships,,,,,,
928,235250,Super Sanctum TD,Tower Defense,Strategy,Isometric,Singleplayer,Retro,86.0
929,225600,Blade Symphony,Action,Fighting,Indie,Multiplayer,Swordplay,65.0
930,234940,The 39 Steps,Adventure,Indie,Interactive Fiction,Casual,Based On A Novel,81.0
931,204450,Call of Juarez Gunslinger,Western,FPS,Action,Shooter,Singleplayer,95.0
932,232750,Mars: War Logs,RPG,Action,Sci-fi,Third Person,Mars,74.0
933,236730,Anomaly 2,Strategy,Action,Indie,Tower Defense,Sci-fi,77.0
934,234290,Zack Zero,Action,Indie,Adventure,Platformer,Singleplayer,65.0
935,235360,Prime World: Defenders,Tower Defense,Strategy,Indie,Card Game,Singleplayer,78.0
936,65930,The Bureau: XCOM Declassified,Action,Tactical,Sci-fi,Third-Person Shooter,Singleplayer,67.0
937,228300,Remember Me,Cyberpunk,Action,Female Protagonist,Sci-fi,Third Person,83.0
938,238210,System Shock 2,Cyberpunk,RPG,Horror,Sci-fi,Classic,94.0
939,237430,Expeditions: Conquistador,RPG,Strategy,Turn-Based,Indie,Turn-Based Strategy,77.0
940,222730,Reus,God Game,Strategy,Indie,Simulation,Singleplayer,78.0
941,225360,DARK,Stealth,Action,Vampire,Third Person,Dark,54.0
942,215530,The Incredible Adventures of Van Helsing,RPG,Hack and Slash,Action RPG,Action,Adventure,83.0
943,209540,Strike Suit Zero,Space,Action,Mechs,Sci-fi,Indie,79.0
944,234160,Strike Suit Infinity,Action,Indie,Mechs,Space,Arcade,81.0
945,238890,Skyward Collapse,Strategy,Simulation,Indie,Turn-Based,God Game,48.0
946,230820,The Night of the Rabbit,Adventure,Point & Click,Indie,Fantasy,Story Rich,89.0
947,218130,Dungeonland,,,,,,
948,231160,The Swapper,Puzzle,Sci-fi,Atmospheric,Indie,Space,92.0
949,209630,Magrunner: Dark Pulse,Puzzle,Lovecraftian,Adventure,Action,Cyberpunk,80.0
950,236850,Europa Universalis IV,Grand Strategy,Strategy,Historical,Simulation,4X,87.0
951,233980,Unepic,RPG,Indie,Metroidvania,Platformer,Action,90.0
952,238630,Fist Puncher,Action,Beat 'em up,Indie,Local Co-Op,Pixel Graphics,73.0
953,233250,Planetary Annihilation,,,,,,
954,243160,Mushroom 11,Indie,Action,Adventure,Puzzle,Platformer,88.0
955,243280,Poof,Indie,Action,Strategy,Platformer,Tower Defense,85.0
956,228960,Skulls of the Shogun,Strategy,Indie,Turn-Based Strategy,Turn-Based,Comedy,92.0
957,242110,Joe Danger 2: The Movie,Racing,Indie,Action,Casual,Controller,80.0
958,217140,Rise of the Triad,FPS,Action,Old School,Fast-Paced,Gore,67.0
959,239800,Bleed,Action,Indie,Platformer,Female Protagonist,Fast-Paced,92.0
960,241410,CastleStorm,Indie,Funny,Tower Defense,Action,Destruction,89.0
961,231020,Storm,Indie,Simulation,Puzzle,,,69.0
962,201420,Toki Tori 2+,Puzzle,Indie,Casual,Adventure,Platformer,87.0
963,39140,FINAL FANTASY VII,JRPG,RPG,Classic,Turn-Based,Story Rich,92.0
964,239450,Gun Monkeys,,,,,,
965,244690,Face Noir,Adventure,Point & Click,Noir,Indie,Detective,66.0
966,244710,Shelter 1,Adventure,Survival,Nature,Exploration,Open World,85.0
967,244850,Space Engineers,Space,Sandbox,Building,Open World Survival Craft,Multiplayer,89.0
968,244890,Velocity®Ultra,Action,Indie,Shoot 'Em Up,Female Protagonist,2D,80.0
969,243950,Divinity: Dragon Commander,Strategy,RPG,Dragons,Fantasy,Political,72.0
970,241320,Ittle Dew,Adventure,Indie,Puzzle,Female Protagonist,Cute,93.0
971,40390,Risen 2 - Dark Waters,RPG,Pirates,Open World,Adventure,Third Person,80.0
972,91310,Dead Island,,,,,,
973,246300,Paranormal,Horror,Indie,Early Access,Adventure,Simulation,58.0
974,246400,Nekro,,,,,,
975,246420,Kingdom Rush,Tower Defense,Strategy,Singleplayer,2D,Tactical,97.0
976,40300,Risen,RPG,Open World,Gothic,Fantasy,Adventure,89.0
977,207930,Sacred Citadel,Action,Beat 'em up,Local Co-Op,Side Scroller,Co-op,72.0
978,45740,Dead Rising 2,Zombies,Action,Open World,Co-op,Adventure,78.0
979,234390,Teleglitch: Die More Edition,Action Roguelike,Roguelike,Indie,Top-Down Shooter,Difficult,88.0
980,246840,FATE,RPG,Dungeon Crawler,Action,Adventure,Action RPG,95.0
981,247020,"Cook, Serve, Delicious!",Indie,Time Management,Typing,Management,Difficult,95.0
982,214770,Guacamelee! Gold Edition,Metroidvania,Platformer,Action,Indie,Beat 'em up,93.0
983,241620,Inquisitor,RPG,Isometric,Indie,Dark Fantasy,Singleplayer,70.0
984,247310,Gravi,Indie,Early Access,Platformer,Puzzle,,53.0
985,247370,Mutant Mudds Deluxe,Platformer,Indie,Action,Retro,Pixel Graphics,78.0
986,225080,Brothers - A Tale of Two Sons,Adventure,Atmospheric,Story Rich,Controller,Indie,94.0
987,230860,Cannon Brawl,Indie,Multiplayer,Local Multiplayer,2D,Strategy,92.0
988,239030,"Papers, Please",Indie,Political,Simulation,Singleplayer,Point & Click,97.0
989,244730,Divekick,Fighting,Indie,2D Fighter,Parody,Local Multiplayer,90.0
990,860950,Mark of the Ninja: Remastered,Stealth,Ninja,2D,Action,Indie,96.0
991,231040,Beatbuddy: Tale of the Guardians,Indie,Music,Rhythm,Adventure,Casual,84.0
992,239070,Hammerwatch,Dungeon Crawler,Indie,RPG,Co-op,Pixel Graphics,88.0
993,248170,Clickteam Fusion 2.5,Game Development,Animation & Modeling,Web Publishing,Utilities,Education,90.0
994,248190,Knytt Underground,Indie,Precision Platformer,Platformer,Adventure,Exploration,82.0
995,248310,Freedom Planet,Platformer,Great Soundtrack,Action,Female Protagonist,2D,96.0
996,248390,Craft The World,Crafting,Colony Sim,Dwarf,Building,Sandbox,88.0
997,248470,Doorways: Prelude,Horror,Adventure,Indie,Action,First-Person,58.0
998,248530,Depth Hunter 2: Deep Dive,Simulation,Underwater,Hunting,Casual,Action,75.0
999,248610,Door Kickers,Tactical,Strategy,Top-Down,Simulation,Action,94.0
1000,248650,Draw a Stickman: EPIC,Adventure,Indie,Casual,Puzzle,Comedy,80.0
1001,241720,Guncraft,Action,Indie,FPS,Building,Voxel,50.0
1002,239350,Spelunky,Platformer,Roguelike,Action Roguelike,Indie,Difficult,92.0
1003,222940,THE KING OF FIGHTERS XIII STEAM EDITION,Fighting,2D Fighter,Arcade,Action,Local Multiplayer,90.0
1004,238280,Legend of Dungeon,Action Roguelike,Roguelike,Indie,RPG,Dungeon Crawler,73.0
1005,249590,Teslagrad,Platformer,Puzzle,Indie,Metroidvania,2D,84.0
1006,249610,Galactic Arms Race,Indie,Action,Casual,Space,,56.0
1007,249630,Delver,Dungeon Crawler,First-Person,RPG,Action Roguelike,Indie,88.0
1008,249650,Blackguards,RPG,Turn-Based,Strategy,Tactical,Fantasy,63.0
1009,242570,Space Hulk,Warhammer 40K,Strategy,Turn-Based,Board Game,Games Workshop,70.0
1010,226960,Ironclad Tactics,Deckbuilding,Card Battler,Strategy,Indie,Card Game,75.0
1011,238320,Outlast,Horror,First-Person,Survival Horror,Atmospheric,Psychological Horror,96.0
1012,233840,Worms Clan Wars,Strategy,Multiplayer,Turn-Based,Funny,Local Co-Op,78.0
1013,242530,The Chaos Engine,Action,Retro,Co-op,Steampunk,Top-Down,74.0
1014,249990,FORCED,Action,Local Co-Op,RPG,Co-op,Indie,74.0
1015,250110,Assault Android Cactus,Bullet Hell,Twin Stick Shooter,Shoot 'Em Up,Difficult,Shooter,94.0
1016,226720,Lost Planet 3,Action,Third-Person Shooter,Sci-fi,Multiplayer,Shooter,64.0
1017,250180,METAL SLUG 3,Arcade,Classic,Action,Co-op,Side Scroller,90.0
1018,250260,Jazzpunk: Director's Cut,Comedy,Indie,Surreal,Adventure,Funny,93.0
1019,250340,Blockland,Sandbox,Building,Multiplayer,LEGO,Open World,70.0
1020,250560,Fight The Dragon,RPG,Indie,Hack and Slash,Co-op,Level Editor,78.0
1021,250580,Paranautical Activity: Deluxe Atonement Edition,Action Roguelike,Indie,FPS,Roguelike,Action,71.0
1022,250620,Among the Sleep,Horror,Indie,Adventure,Atmospheric,First-Person,88.0
1023,250640,[Old Edition] Croixleur Sigma,Anime,Action,Hack and Slash,Indie,Female Protagonist,79.0
1024,250700,Super Time Force Ultra,Side Scroller,Time Manipulation,Bullet Hell,2D Platformer,Pixel Graphics,90.0
1025,214550,Eets Munchies,Indie,Puzzle,Casual,Platformer,Strategy,82.0
1026,111900,Guardians of Middle-earth,MOBA,Strategy,Action,Multiplayer,Co-op,27.0
1027,251060,Wargame: Red Dragon,Strategy,RTS,Military,Realistic,Wargame,88.0
1028,251130,Chroma Squad,RPG,Strategy,Tactical RPG,Indie,Pixel Graphics,95.0
1029,251150,The Legend of Heroes: Trails in the Sky,JRPG,Story Rich,RPG,Anime,Great Soundtrack,93.0
1030,251230,Livelock,Action,Top-Down Shooter,Co-op,Indie,Adventure,80.0
1031,251370,Escape Goat,Puzzle Platformer,Indie,Puzzle,Platformer,Pixel Graphics,95.0
1032,251410,Dark Matter,Action,Indie,Side Scroller,Sci-fi,Metroidvania,41.0
1033,251470,TowerFall Ascension,Local Multiplayer,Indie,2D Fighter,Action,Local Co-Op,95.0
1034,251530,Anomaly Korea,Strategy,Action,Tower Defense,Sci-fi,Indie,72.0
1035,251730,Legend of Grimrock 2,Dungeon Crawler,RPG,Grid-Based Movement,First-Person,Adventure,91.0
1036,251830,Stick It To The Man!,Adventure,Platformer,Indie,Comedy,Action,94.0
1037,251850,Master Reboot,Adventure,Psychological Horror,Indie,Atmospheric,Horror,74.0
1038,252010,Oniken,Retro,Platformer,Action,Indie,Pixel Graphics,82.0
1039,252030,Valdis Story: Abyssal City,Metroidvania,Action,Platformer,RPG,Indie,83.0
1040,252110,Lovers in a Dangerous Spacetime,Local Co-Op,4 Player Local,Co-op,Local Multiplayer,Multiplayer,93.0
1041,252170,Anomaly Warzone Earth Mobile Campaign,Strategy,Action,Tower Defense,Sci-fi,Indie,78.0
1042,252310,Syder Arcade,Shoot 'Em Up,Indie,Action,Arcade,Bullet Hell,85.0
1043,252330,Slender: The Arrival,Horror,Survival Horror,First-Person,Multiplayer,Indie,88.0
1044,252350,Double Dragon Neon,Beat 'em up,Co-op,Great Soundtrack,1980s,Action,78.0
1045,252370,The Shivah,Point & Click,Adventure,Indie,Noir,Singleplayer,82.0
1046,252490,Rust,Survival,Crafting,Multiplayer,Open World,Open World Survival Craft,87.0
1047,252630,Eldritch,Action Roguelike,Roguelike,Lovecraftian,Indie,First-Person,88.0
1048,252670,Nihilumbra,Indie,Adventure,Platformer,Puzzle,Casual,88.0
1049,252710,The Last Express Gold Edition,Adventure,Point & Click,Mystery,Real-Time,Classic,78.0
1050,252830,Claire,Horror,Indie,Female Protagonist,Adventure,Pixel Graphics,69.0
1051,253030,Race The Sun,Procedural Generation,Runner,Racing,Perma Death,Driving,94.0
1052,253110,The Cat Lady,Horror,Adventure,Story Rich,Indie,Female Protagonist,93.0
1053,253190,Kingdom Wars 2: Battles,Strategy,Medieval,RTS,Zombies,Simulation,63.0
1054,253330,Neverending Nightmares,Horror,Psychological Horror,Indie,Atmospheric,Walking Simulator,77.0
1055,253570,Gentlemen!,Indie,Action,Local Multiplayer,Multiplayer,Platformer,68.0
1056,253610,Wrack,Indie,FPS,Action,Fast-Paced,Shooter,70.0
1057,253630,Steam Marines,Roguelike,Strategy,Indie,RPG,Turn-Based,52.0
1058,253650,Sparkle 2 Evo,Casual,Indie,Simulation,Action,Singleplayer,72.0
1059,245170,Skullgirls 2nd Encore,Fighting,2D Fighter,Indie,Hand-drawn,Multiplayer,89.0
1060,25800,Europa Universalis III,Grand Strategy,Strategy,Historical,Political Sim,Real-Time with Pause,85.0
1061,253860,Earth 2140 HD,Strategy,RTS,Singleplayer,Sci-fi,Classic,59.0
1062,253880,Earth 2150 Trilogy,Strategy,RTS,Sci-fi,Classic,Space,77.0
1063,253900,Knights and Merchants,Strategy,Colony Sim,Medieval,City Builder,RTS,86.0
1064,253940,Septerra Core,RPG,Turn-Based,JRPG,Isometric,Singleplayer,82.0
1065,253960,Jack Orlando Director's Cut,Adventure,Point & Click,Noir,Detective,Singleplayer,64.0
1066,254100,World War II: Panzer Claws,Strategy,World War II,RTS,,,71.0
1067,231310,MirrorMoon EP,Indie,Exploration,Puzzle,Abstract,Adventure,64.0
1068,243450,Urban Trial Freestyle,Racing,Sports,Action,Simulation,Bikes,84.0
1069,242780,Cognition: An Erica Reed Thriller,Point & Click,Adventure,Female Protagonist,Mystery,Story Rich,83.0
1070,224460,Contrast,Indie,Female Protagonist,Adventure,Noir,Puzzle,90.0
1071,234000,Superfrog HD,,,,,,
1072,215630,Demonicon,RPG,Action,Adventure,Fantasy,Third Person,67.0
1073,255300,Journey of a Roach,Adventure,Indie,Point & Click,Puzzle,Comedy,89.0
1074,255370,KickBeat Steam Edition,Action,Indie,Music,Rhythm,Martial Arts,75.0
1075,249870,Scribblenauts Unmasked,Adventure,Superhero,Action,Casual,Sandbox,82.0
1076,222640,Aarklash: Legacy,RPG,Strategy,Adventure,Tactical,Real-Time with Pause,76.0
1077,246960,Giana Sisters: Twisted Dreams - Rise of the Owlverlord,Indie,Action,Platformer,Female Protagonist,Great Soundtrack,83.0
1078,72900,Winter Voices,RPG,Indie,Adventure,Female Protagonist,Atmospheric,64.0
1079,224860,Arma Tactics,Strategy,Turn-Based,Indie,Tactical,Military,32.0
1080,58520,Blood Bowl: Legendary Edition,Strategy,Multiplayer,Fantasy,Singleplayer,Board Game,80.0
1081,204560,Confrontation,RPG,Strategy,Action,Fantasy,Tactical RPG,34.0
1082,209730,RAW - Realms of Ancient War,RPG,Action,Hack and Slash,Action RPG,Fantasy,53.0
1083,244810,Foul Play,Beat 'em up,Action,Indie,Local Co-Op,Casual,80.0
1084,234670,NARUTO SHIPPUDEN: Ultimate Ninja STORM 3 Full Burst,Anime,Fighting,Action,Adventure,Ninja,89.0
1085,251170,Damned,Horror,Multiplayer,Co-op,Psychological Horror,Survival Horror,71.0
1086,585450,Shadows: Awakening,RPG,Action,Hack and Slash,Isometric,Singleplayer,75.0
1087,247660,Deadly Premonition: The Director's Cut,Story Rich,Adventure,Horror,Open World,Action,66.0
1088,256460,Cosmic Star Heroine,JRPG,RPG,Indie,Pixel Graphics,Female Protagonist,90.0
1089,257050,Darkout,Sandbox,Indie,Crafting,Survival,Action,50.0
1090,217690,Anna - Extended Edition,Horror,Adventure,Indie,Atmospheric,Puzzle,63.0
1091,606730,Sine Mora EX,Side Scroller,Shoot 'Em Up,Bullet Hell,PvP,Difficult,67.0
1092,57740,Jagged Alliance - Back in Action,Strategy,RPG,Tactical,Simulation,Real-Time with Pause,71.0
1093,245620,Tropico 5,Strategy,City Builder,Simulation,Sandbox,Multiplayer,78.0
1094,242050,Assassin's Creed IV Black Flag,Pirates,Open World,Assassin,Adventure,Action,88.0
1095,257120,Not The Robots,Indie,Strategy,Action,Action Roguelike,Stealth,80.0
1096,220260,Farming Simulator 2013,Simulation,Farming Sim,Multiplayer,Casual,Farming,91.0
1097,219990,Grim Dawn,Action RPG,Hack and Slash,Loot,Isometric,Dark Fantasy,93.0
1098,238910,Bionic Dues,Strategy,RPG,Roguelike,Indie,Turn-Based,83.0
1099,249330,Unholy Heights,Immersive Sim,Creature Collector,Tower Defense,City Builder,Auto Battler,90.0
1100,214870,Painkiller Hell & Damnation,Action,FPS,Gore,Co-op,Horror,78.0
1101,233110,Defense Technica,Tower Defense,Strategy,Indie,,,41.0
1102,257830,Violett,Adventure,Point & Click,Indie,Escape Room,Hidden Object,60.0
1103,257850,Hyper Light Drifter,Pixel Graphics,Great Soundtrack,Atmospheric,Adventure,Difficult,93.0
1104,257890,Frozen Hearth,,,,,,
1105,257990,Oozi: Earth Adventure,Platformer,2D Platformer,Old School,Indie,Casual,87.0
1106,258010,Ring Runner: Flight of the Sages,Action,Indie,RPG,Space,Sci-fi,85.0
1107,258050,Survivor Squad,Strategy,Indie,Zombies,Action,Survival,66.0
1108,258090,99 Spirits,RPG,Anime,Indie,Adventure,JRPG,75.0
1109,258200,Talisman: Prologue,Board Game,Strategy,Indie,RPG,Singleplayer,56.0
1110,258220,Blood Knights,Action,RPG,Hack and Slash,Vampire,Local Co-Op,68.0
1111,247000,Talisman: Digital Edition,Board Game,Tabletop,Strategy,Multiplayer,RPG,78.0
1112,241910,Goodbye Deponia,Adventure,Point & Click,Comedy,Singleplayer,Indie,89.0
1113,231720,Bad Hotel,Indie,Casual,Tower Defense,Strategy,Touch-Friendly,33.0
1114,49520,Borderlands 2,Loot,Shooter,Action,Multiplayer,Co-op,95.0
1115,258890,Type:Rider,Casual,Platformer,Puzzle,Singleplayer,Historical,83.0
1116,247830,Aerena,,,,,,
1117,238010,Deus Ex: Human Revolution - Director's Cut,Cyberpunk,Stealth,RPG,Sci-fi,FPS,92.0
1118,214730,Space Rangers HD: A War Apart,Space,RPG,Strategy,Adventure,Simulation,94.0
1119,242700,Injustice: Gods Among Us Ultimate Edition,Fighting,Superhero,Action,Multiplayer,Comic Book,86.0
1120,259390,Ballpoint Universe: Infinite,Indie,Action,Shoot 'Em Up,Hand-drawn,Platformer,88.0
1121,259430,Zigfrak,Action,RPG,Indie,Space,Sci-fi,71.0
1122,259510,Shufflepuck Cantina Deluxe,Sports,Indie,VR,Action,Arcade,88.0
1123,259530,Savant - Ascent,Action,Indie,Great Soundtrack,Music,Shoot 'Em Up,93.0
1124,259550,Hero of the Kingdom,Casual,Adventure,Indie,Point & Click,RPG,94.0
1125,259600,Finding Teddy,Adventure,Indie,Point & Click,Female Protagonist,Pixel Graphics,82.0
1126,259620,3079 -- Block Action RPG,RPG,Indie,Action,FPS,Open World,52.0
1127,259680,Tales of Maj'Eyal,Traditional Roguelike,Turn-Based,Roguelike,Dungeon Crawler,Perma Death,95.0
1128,259830,Wooden Sen'SeY,Action,Indie,Platformer,,,57.0
1129,94400,Nidhogg,Local Multiplayer,Indie,Swordplay,Fighting,Action,90.0
1130,260250,Blood of the Werewolf,Platformer,Werewolves,Female Protagonist,Action,Indie,59.0
1131,260570,Gray Matter,Adventure,Point & Click,Female Protagonist,Casual,Mystery,90.0
1132,238430,Contagion,Zombies,Post-apocalyptic,Co-op,Horror,Level Editor,75.0
1133,261110,Killer is Dead,Action,Hack and Slash,Surreal,Singleplayer,Stylized,76.0
1134,219830,King Arthur's Gold,Multiplayer,2D,Pixel Graphics,Action,Building,84.0
1135,249130,LEGO® MARVEL Super Heroes,LEGO,Open World,Superhero,Local Co-Op,Adventure,94.0
1136,3020,Call of Juarez,Western,Action,FPS,Shooter,Singleplayer,80.0
1137,233700,Sword of the Stars: The Pit,Roguelike,Dungeon Crawler,Perma Death,Procedural Generation,Crafting,84.0
1138,233190,Final Exam,Action,Indie,Co-op,Beat 'em up,Online Co-Op,85.0
1139,261640,Borderlands: The Pre-Sequel,Looter Shooter,Co-op,FPS,Action,Comedy,83.0
1140,261700,Eryi's Action,2D Platformer,Platformer,Indie,Difficult,Action,89.0
1141,261760,Lichdom: Battlemage,Magic,RPG,Action,First-Person,Fantasy,57.0
1142,262060,Darkest Dungeon®,Turn-Based Combat,Dark Fantasy,Dungeon Crawler,Roguelike,RPG,91.0
1143,262150,Vanguard Princess,Anime,Fighting,2D Fighter,Indie,Female Protagonist,70.0
1144,262260,Jets'n'Guns Gold,Shoot 'Em Up,Great Soundtrack,Side Scroller,Action,Indie,88.0
1145,262280,Dungeons 2,Strategy,RPG,Management,Fantasy,Dungeon Crawler,78.0
1146,39210,FINAL FANTASY XIV Online,MMORPG,RPG,Massively Multiplayer,Character Customization,Fantasy,87.0
1147,221380,Age of Empires II (2013),Strategy,RTS,Medieval,Multiplayer,Classic,95.0
1148,262390,Cloudbuilt,Parkour,Action,Combat,Fast-Paced,3D Platformer,85.0
1149,262470,Rollers of the Realm,Pinball,Physics,RPG,Adventure,Puzzle,90.0
1150,262590,Chuck's Challenge 3D 2020,Puzzle,Sokoban,Difficult,Level Editor,Building,81.0
1151,262690,Little Racers STREET,Racing,Driving,Arcade,Top-Down,Multiplayer,84.0
1152,262770,Freedom Fall,Indie,Action,Adventure,Platformer,2D,88.0
1153,262830,Crimsonland,Action,Shooter,Top-Down,Indie,Gore,94.0
1154,40970,Stronghold Crusader HD,Military,Real Time Tactics,City Builder,Medieval,Colony Sim,97.0
1155,40950,Stronghold HD,Real Time Tactics,City Builder,Colony Sim,Sandbox,Building,95.0
1156,262900,Smooth Operators,Simulation,Strategy,Indie,Casual,Management,72.0
1157,262920,Super Chain Crusher Horizon,Shoot 'Em Up,Arcade,2D,Action,Indie,60.0
1158,263020,STARWHAL,Local Multiplayer,Indie,Funny,Multiplayer,Casual,91.0
1159,243780,PixelJunk™ Monsters Ultimate,Tower Defense,Strategy,Local Co-Op,Online Co-Op,Co-op,86.0
1160,255870,PixelJunk™ Shooter,Action,Local Co-Op,2D,Twin Stick Shooter,Puzzle,93.0
1161,263300,BlazBlue: Calamity Trigger,Fighting,Anime,2D Fighter,Arcade,Great Soundtrack,86.0
1162,263320,Saturday Morning RPG,RPG,Indie,Turn-Based,Comedy,1980s,78.0
1163,263360,3089 -- Futuristic Action RPG,RPG,Indie,Action,FPS,Open World,77.0
1164,263400,War of the Human Tanks,Strategy,Turn-Based Tactics,Anime,War,Robots,91.0
1165,263560,Paper Sorcerer,Dungeon Crawler,Turn-Based,Party-Based RPG,Old School,Exploration,83.0
1166,263620,Mitsurugi Kamui Hikae,Female Protagonist,Hack and Slash,Mature,Cute,Arcade,80.0
1167,263680,Unearthed: Trail of Ibn Battuta - Episode 1 - Gold Edition,Action-Adventure,Third-Person Shooter,Mystery,Cinematic,3D Platformer,60.0
1168,237760,Intake,Indie,Action,Arcade,Score Attack,Great Soundtrack,96.0
1169,263740,FootLOL: Epic Soccer League,Sports,Indie,Action,Football (Soccer),RPG,82.0
1170,263820,EvilQuest,RPG,Indie,Action,Adventure,Villain Protagonist,90.0
1171,263880,Aqua Kitty - Milk Mine Defender,Action,Indie,Shoot 'Em Up,Cats,Retro,87.0
1172,264140,Pixel Piracy,Action Roguelike,Sandbox,Side Scroller,Pirates,Roguelike,66.0
1173,264200,One Finger Death Punch,Action,2D Fighter,Fast-Paced,Indie,Beat 'em up,98.0
1174,264220,Mr. Bree+,Indie,Adventure,Action,Platformer,2D,85.0
1175,230070,The Age of Decadence,Turn-Based Combat,Choices Matter,Tactical RPG,CRPG,Difficult,81.0
1176,264280,99 Levels To Hell,Indie,Arcade,Shooter,Action,Roguelite,58.0
1177,264320,Captain Morgane and the Golden Turtle,Adventure,Casual,Point & Click,Female Protagonist,Pirates,62.0
1178,264340,Major Mayhem,Action,Indie,Casual,On-Rails Shooter,Shooter,93.0
1179,1283190,Neighbours back From Hell,Point & Click,Puzzle,Stealth,Comedy,Adventure,93.0
1180,264690,Coin Crypt,Roguelike Deckbuilder,Roguelike,Card Battler,Deckbuilding,Card Game,91.0
1181,264730,Deadly 30,Action,Indie,Zombies,Survival,Singleplayer,79.0
1182,265120,Meridian: New World,Strategy,RTS,Indie,Sci-fi,Singleplayer,49.0
1183,265380,Grimind,Indie,Platformer,Adventure,Horror,Action,63.0
1184,265550,Dead Rising 3,Zombies,Open World,Action,Co-op,Gore,76.0
1185,265790,Residue: Final Cut,Indie,Adventure,Story Rich,Singleplayer,Platformer,71.0
1186,265830,Monochroma,Indie,Adventure,Platformer,Puzzle,Atmospheric,75.0
1187,265870,Alpha Kimori™ Episode One ,RPG,Anime,RPGMaker,JRPG,Indie,77.0
1188,266010,LYNE,Puzzle,Logic,Minimalist,Relaxing,Difficult,95.0
1189,266050,Into the Dark,Indie,Action,Adventure,Horror,Nudity,50.0
1190,266110,Tower of Guns,FPS,First-Person,Action Roguelike,Boomer Shooter,Roguelike,86.0
1191,266130,Breach & Clear,Strategy,Tactical,Turn-Based Strategy,Simulation,Action,82.0
1192,266210,One Way Heroics,Side Scroller,Mystery Dungeon,Traditional Roguelike,Dungeon Crawler,Roguelite,94.0
1193,266230,Last Dream,RPG,RPGMaker,Indie,JRPG,Turn-Based,83.0
1194,266250,Procyon,Shoot 'Em Up,Indie,Action,Bullet Hell,Shooter,94.0
1195,266330,Ethan: Meteor Hunter,Puzzle Platformer,Indie,Platformer,Puzzle,Action,57.0
1196,266490,Lili: Child of Geos,Adventure,Female Protagonist,Indie,RPG,Singleplayer,85.0
1197,22610,Alien Breed: Impact,Action,Shooter,Top-Down,Sci-fi,Aliens,78.0
1198,233150,LUFTRAUSERS,Indie,Bullet Hell,Arcade,Action,Pixel Graphics,91.0
1199,267060,Gravity Badgers,Casual,Indie,Puzzle,Touch-Friendly,Space,70.0
1200,39150,FINAL FANTASY VIII,JRPG,RPG,Classic,Singleplayer,Great Soundtrack,87.0
1201,201040,Galcon Legends,,,,,,
1202,226840,Age of Wonders III,Strategy,Turn-Based Strategy,Fantasy,RPG,4X,81.0
1203,267490,Batman™: Arkham Origins Blackgate - Deluxe Edition,Action,Adventure,2.5D,Superhero,Metroidvania,43.0
1204,267900,Guilty Gear Isuka,Fighting,2D Fighter,Anime,Action,Great Soundtrack,57.0
1205,267920,Gun Metal,Action,Mechs,Robots,Third-Person Shooter,Shooter,86.0
1206,267980,Hostile Waters: Antaeus Rising,Strategy,Action,Sci-fi,Singleplayer,Classic,95.0
1207,244410,Supreme Ruler 1936,Strategy,Indie,Simulation,Grand Strategy,World War II,73.0
1208,268200,Antisquad,Strategy,Turn-Based,Turn-Based Strategy,Action,Adventure,56.0
1209,268220,Meltdown,Action,Indie,Arcade,Multiplayer,Shooter,86.0
1210,268240,Mechanic Escape,Indie,Action,Adventure,Platformer,2D,80.0
1211,268650,From The Depths,Building,Naval Combat,Sandbox,Physics,Vehicular Combat,90.0
1212,269030,The Yawhg,Choose Your Own Adventure,Indie,Local Co-Op,Story Rich,RPG,84.0
1213,269110,Super Motherload,Mining,Indie,Local Co-Op,Adventure,Casual,77.0
1214,269190,Edge Of Eternity,Action,RPG,JRPG,Story Rich,Adventure,74.0
1215,269210,Hero Siege,Action RPG,Pixel Graphics,Hack and Slash,Action Roguelike,RPG,69.0
1216,269310,Infectonator : Survivors,Zombies,Strategy,Survival,Indie,Pixel Graphics,67.0
1217,269330,Chronology,Adventure,Puzzle Platformer,Indie,Platformer,Puzzle,90.0
1218,269490,Bardbarian,Indie,Tower Defense,Strategy,Casual,RPG,90.0
1219,269650,Dex,Cyberpunk,RPG,Female Protagonist,2D,Action,86.0
1220,269670,BADLAND: Game of the Year Edition,Indie,Adventure,2D,Action,Local Co-Op,86.0
1221,269690,RymdResa,Adventure,Indie,RPG,Exploration,Space,71.0
1222,269990,Infinite Space III: Sea of Stars,Adventure,Indie,Space,Sci-fi,Roguelike,78.0
1223,270050,Quest of Dungeons,Traditional Roguelike,Turn-Based Tactics,Dungeon Crawler,Casual,Exploration,78.0
1224,270090,N.P.P.D. RUSH - The milk of Ultra violet,Indie,Bullet Hell,Retro,Action,Shooter,40.0
1225,270150,RUNNING WITH RIFLES,Top-Down Shooter,Action,Tactical,Artificial Intelligence,Military,88.0
1226,270330,Ku: Shroud of the Morrigan,Adventure,Indie,Action,,,29.0
1227,239840,Dead State,Zombies,Survival,RPG,Turn-Based,Strategy,73.0
1228,239220,The Mighty Quest For Epic Loot,,,,,,
1229,235460,METAL GEAR RISING: REVENGEANCE,Great Soundtrack,Hack and Slash,Action,Spectacle fighter,Swordplay,96.0
1230,271550,Tribloos 2,Casual,Indie,Strategy,Time Management,Platformer,91.0
1231,271640,Humanity Asset,Action,Indie,Platformer,Side Scroller,Shoot 'Em Up,40.0
1232,267670,Realms of Arkania 1 - Blade of Destiny Classic,RPG,Classic,Fantasy,Turn-Based,Dungeon Crawler,72.0
1233,270750,Realms of Arkania 2 - Star Trail Classic,RPG,Classic,Turn-Based,Fantasy,Dungeon Crawler,84.0
1234,270760,Realms of Arkania 3 - Shadows over Riva Classic,RPG,Fantasy,Classic,Turn-Based,Dungeon Crawler,80.0
1235,271860,Super Killer Hornet: Resurrection,Indie,Shoot 'Em Up,Bullet Hell,Arcade,Singleplayer,66.0
1236,232790,Broken Age,Point & Click,Adventure,Story Rich,Comedy,Indie,83.0
1237,237990,The Banner Saga,RPG,Turn-Based,Strategy,Indie,Tactical,88.0
1238,272330,Shadow Blade: Reload,Action,Indie,Ninja,Platformer,Fast-Paced,88.0
1239,273070,The Last Federation,Strategy,Space,Simulation,Indie,Turn-Based,72.0
1240,273110,Counter-Strike Nexon,Free to Play,FPS,Zombies,Sandbox,PvE,66.0
1241,273500,Over 9000 Zombies!,Action Roguelike,Zombies,Multiplayer,Twin Stick Shooter,Co-op,86.0
1242,273830,Aviator - Bush Pilot,Simulation,Action,Flight,,,23.0
1243,224480,Octodad: Dadliest Catch,Comedy,Physics,Funny,Indie,Family Friendly,93.0
1244,274190,Broforce,America,Action,Pixel Graphics,Co-op,2D,97.0
1245,274290,Gods Will Be Watching,Indie,Pixel Graphics,Point & Click,Sci-fi,Story Rich,71.0
1246,274310,Always Sometimes Monsters,Indie,RPG,RPGMaker,Story Rich,Pixel Graphics,79.0
1247,274560,Revolution Ace,Shoot 'Em Up,Action,Indie,Bullet Hell,Shooter,71.0
1248,275470,Chip,Indie,Puzzle,Strategy,Action,Robots,77.0
1249,275490,Canyon Capers,Indie,Casual,Action,Platformer,Retro,57.0
1250,275530,Z,Strategy,Classic,RTS,Action,Retro,78.0
1251,46770,Making History II: The War of the World,Strategy,Simulation,Grand Strategy,World War II,Indie,81.0
1252,237890,Agarest: Generations of War,JRPG,Tactical RPG,Anime,Visual Novel,CRPG,71.0
1253,233350,Sudeki,RPG,Adventure,Action,Action RPG,Fantasy,91.0
1254,227060,Hegemony Rome: The Rise of Caesar,Strategy,Indie,Historical,Simulation,RTS,59.0
1255,277470,The Book of Legends,RPG,RPGMaker,Indie,Adventure,Anime,58.0
1256,277490,Battle Group 2,Naval,Naval Combat,Action,Indie,Strategy,84.0
1257,277510,Shiny The Firefly,Indie,Action,Adventure,Casual,Platformer,76.0
1258,277680,"About Love, Hate and the other ones",Indie,Casual,Puzzle,Singleplayer,Platformer,91.0
1259,277870,Diehard Dungeon,Action Roguelike,Indie,Action,Roguelike,RPG,74.0
1260,278100,RIVE,Action,Twin Stick Shooter,Arcade,Side Scroller,Shoot 'Em Up,84.0
1261,239160,Thief,Stealth,Action,First-Person,Adventure,Singleplayer,75.0
1262,278460,Skyborn,RPG,RPGMaker,Steampunk,Female Protagonist,JRPG,88.0
1263,278530,3 Stars of Destiny,RPG,RPGMaker,Indie,Adventure,Anime,70.0
1264,278570,Labyrinthine Dreams,Indie,Adventure,Casual,RPGMaker,Female Protagonist,81.0
1265,278640,Terrian Saga: KR-17,Action,Indie,Adventure,Platformer,Pixel Graphics,75.0
1266,213670,South Park™: The Stick of Truth™,RPG,Comedy,Adventure,Funny,Turn-Based,97.0
1267,279260,Richard & Alice,Adventure,Indie,Point & Click,Crime,Mystery,74.0
1268,279520,Rage Runner,Racing,Action,Indie,Casual,Simulation,55.0
1269,279640,The Troma Project,Indie,Strategy,Horror,Isometric,Comedy,78.0
1270,279720,The I of the Dragon,RPG,Dragons,Singleplayer,Open World,Simulation,73.0
1271,279800,Grim Legends 2: Song of the Dark Swan,Hidden Object,Casual,Adventure,Point & Click,Female Protagonist,96.0
1272,279900,Soul Axiom,Adventure,Indie,Sci-fi,Cyberpunk,Puzzle,75.0
1273,279920,Infinity Runner,Action,Indie,Werewolves,Horror,Parkour,69.0
1274,280040,A Wizard's Lizard,Action Roguelike,Roguelike,RPG,Indie,Roguelite,69.0
1275,280160,Aragami,Stealth,Ninja,Assassin,Action,Co-op,90.0
1276,280220,Creeper World 3: Arc Eternal,Tower Defense,Strategy,Indie,RTS,Singleplayer,96.0
1277,280320,Adventurer Manager,RPG,Indie,Casual,Pixel Graphics,Management,59.0
1278,280500,KRUNCH,Action,Indie,Racing,Pixel Graphics,Singleplayer,
1279,280910,T.E.C. 3001,Indie,Racing,Action,Runner,Fast-Paced,91.0
1280,280930,Battlepillars Gold Edition,Strategy,Action,Indie,Casual,Multiplayer,85.0
1281,281220,BloodRayne: Betrayal (Legacy),Action,Hack and Slash,Female Protagonist,Platformer,2D,59.0
1282,235210,Strider,Platformer,Metroidvania,Action,Ninja,Side Scroller,83.0
1283,254700,Resident Evil 4 (2005),Inventory Management,Survival Horror,Action,Zombies,Horror,93.0
1284,281640,The Banner Saga 2,RPG,Strategy,Story Rich,Turn-Based Strategy,Indie,90.0
1285,281860,RefleX,Shoot 'Em Up,Indie,Action,Bullet Hell,Arcade,94.0
1286,281920,Splatter - Zombiecalypse Now,Action,Top-Down Shooter,Zombies,Indie,Top-Down,89.0
1287,281990,Stellaris,Space,Grand Strategy,Strategy,Sci-fi,4X,87.0
1288,246580,The Typing of The Dead: Overkill,Typing,On-Rails Shooter,Zombies,Comedy,Action,87.0
1289,246620,Plague Inc: Evolved,Strategy,Simulation,Outbreak Sim,Indie,Singleplayer,94.0
1290,282100,Fearless Fantasy,RPG,Indie,Casual,Adventure,Action,88.0
1291,282140,SOMA,Horror,Psychological Horror,Atmospheric,Dark,Survival Horror,95.0
1292,282760,Circuits,Music,Puzzle,Indie,Casual,Minimalist,89.0
1293,282900,Hyperdimension Neptunia Re;Birth1,Anime,JRPG,Female Protagonist,Cute,RPG,94.0
1294,283000,Strategic War in Europe,Strategy,Indie,World War II,Turn-Based Strategy,Wargame,48.0
1295,283020,The Campaign Series: Fall Weiss,Strategy,Indie,World War II,Wargame,Hex Grid,50.0
1296,283180,The Samaritan Paradox,Adventure,Point & Click,Indie,Detective,Puzzle,71.0
1297,283290,Nosferatu: The Wrath of Malachi,Horror,Vampire,Action,FPS,Gothic,90.0
1298,283390,Incoming Forces,Action,Sci-fi,Shooter,Classic,First-Person,73.0
1299,283640,Salt and Sanctuary,Souls-like,Metroidvania,Dark Fantasy,2D,Difficult,89.0
1300,283680,Astebreed: Definitive Edition,Spectacle fighter,Shoot 'Em Up,Bullet Hell,Shooter,Mechs,88.0
1301,283880,Heroine's Quest: The Herald of Ragnarok,Adventure,RPG,Free to Play,Point & Click,Female Protagonist,87.0
1302,284140,Majestic Nights,Adventure,RPG,Action,Indie,1980s,54.0
1303,284200,Robot Rescue Revolution,Indie,Casual,Puzzle,Robots,,
1304,116100,Super Toy Cars,Racing,Indie,Multiplayer,Arcade,Local Multiplayer,67.0
1305,284390,The Last Door - Collector's Edition,Pixel Graphics,Point & Click,Story Rich,Horror,Lovecraftian,95.0
1306,284410,Cornerstone: The Song Of Tyrim,Action,Adventure,Indie,Action RPG,Crafting,66.0
1307,284710,Abyss: The Wraiths of Eden,Hidden Object,Adventure,Casual,Point & Click,Puzzle,89.0
1308,284730,Dark Arcana: The Carnival,Hidden Object,Adventure,Casual,Female Protagonist,Point & Click,87.0
1309,284830,Clockwork Tales: Of Glass and Ink,Hidden Object,Adventure,Casual,Steampunk,Point & Click,90.0
1310,284850,Grim Legends: The Forsaken Bride,Hidden Object,Point & Click,Casual,Adventure,Puzzle,95.0
1311,284870,9 Clues: The Secret of Serpent Creek,Hidden Object,Casual,Adventure,Point & Click,Puzzle,89.0
1312,284890,Left in the Dark: No One on Board,Hidden Object,Casual,Adventure,Mystery,Puzzle,82.0
1313,284930,Speed Kills,Racing,Action,Indie,,,49.0
1314,284950,Pixel Puzzles: Japan,Puzzle,Casual,Indie,Simulation,Singleplayer,81.0
1315,285090,Robowars,Action Roguelike,Spectacle fighter,Action RTS,Tower Defense,PvE,27.0
1316,285130,Battleplan: American Civil War,Strategy,Simulation,Casual,Historical,America,60.0
1317,285420,Deadly Sin 2,RPG,Casual,RPGMaker,Singleplayer,JRPG,90.0
1318,285820,Action Henk,Racing,Action,Indie,Platformer,Multiplayer,92.0
1319,285840,Enemy Mind,Action,Shoot 'Em Up,Shooter,Space,Pixel Graphics,81.0
1320,286040,Dead Effect,Zombies,FPS,Action,Horror,Shooter,72.0
1321,286120,QuestRun,RPG,Indie,Casual,Singleplayer,Turn-Based,36.0
1322,286240,Dog Sled Saga,Racing,Dog,Indie,Sports,RPG,94.0
1323,286260,fault - milestone one,Visual Novel,Anime,Female Protagonist,Fantasy,Singleplayer,93.0
1324,286320,Oknytt,Singleplayer,Point & Click,Old School,Adventure,Puzzle,92.0
1325,286360,Shadows on the Vatican - Act I: Greed,Adventure,Point & Click,Indie,Story Rich,Mystery,75.0
1326,286660,Avoid Sensory Overload,Action,Indie,Arcade,Music,,86.0
1327,226100,Nom Nom Galaxy,Indie,Casual,Strategy,Action,Sandbox,77.0
1328,287120,Ionball 2 : Ionstorm,Casual,Action,Arcade,Singleplayer,Indie,71.0
1329,287200,Wildlife Park 3,Simulation,Strategy,Casual,Management,Indie,62.0
1330,36700,The Scourge Project: Episode 1 and 2,,,,,,
1331,227560,Scourge: Outbreak,Action,Third-Person Shooter,Indie,Co-op,Sci-fi,65.0
1332,258180,Deus Ex: The Fall,Cyberpunk,RPG,Action,Stealth,Sci-fi,36.0
1333,287700,METAL GEAR SOLID V: THE PHANTOM PAIN,Stealth,Open World,Action,Story Rich,Tactical,91.0
1334,288020,Rex Rocket,Action,Adventure,Indie,Metroidvania,Platformer,70.0
1335,288040,Actual Sunlight,Indie,Adventure,RPGMaker,Dark,Story Rich,74.0
1336,288470,Fable Anniversary,RPG,Open World,Fantasy,Adventure,Singleplayer,85.0
1337,288880,Pineview Drive,Horror,Adventure,Indie,Action,Atmospheric,68.0
1338,288930,The Charnel House Trilogy,Adventure,Horror,Point & Click,Indie,Psychological Horror,79.0
1339,289090,Ampu-Tea,Simulation,Indie,Casual,Physics,Funny,68.0
1340,289400,Parkan 2,Simulation,Action,Adventure,Space,Sci-fi,75.0
1341,289420,Planet Alcatraz,RPG,Violent,Isometric,Post-apocalyptic,Atmospheric,86.0
1342,289440,Perimeter,Strategy,RTS,Classic,Sci-fi,Space,85.0
1343,243930,Bound By Flame,RPG,Action,Fantasy,Singleplayer,Adventure,67.0
1344,289620,Collapse,Action,Adventure,Hack and Slash,Post-apocalyptic,Third Person,71.0
1345,233290,MURDERED: SOUL SUSPECT™,Detective,Adventure,Mystery,Supernatural,Horror,86.0
1346,289890,"7,62 High Calibre",Strategy,RPG,Simulation,Tactical,Real-Time with Pause,79.0
1347,290080,Life is Feudal: Your Own,Open World Survival Craft,Medieval,Open World,Survival,Crafting,65.0
1348,290280,Volt,Indie,Action,Puzzle,Platformer,2D,70.0
1349,290320,Project Temporality,Indie,Adventure,Action,Puzzle,Time Manipulation,84.0
1350,290510,GNOG,Indie,Casual,Adventure,Puzzle,Colorful,92.0
1351,290650,Time Ramesside (A New Reckoning),Indie,Action,Casual,Adventure,RPG,36.0
1352,290770,The Fall,Adventure,Sci-fi,Indie,Atmospheric,Puzzle,87.0
1353,290990,Flower Shop: Summer In Fairbrook,Visual Novel,Simulation,Indie,Dating Sim,Casual,61.0
1354,291010,The Hat Man: Shadow Ward,Horror,Indie,First-Person,Adventure,Atmospheric,64.0
1355,291130,Akane the Kunoichi,Anime,Platformer,Action,Female Protagonist,Indie,59.0
1356,291270,Vitrum,Indie,Action,Casual,Puzzle,First-Person,44.0
1357,291330,Final Slam 2,Indie,Action,Casual,Sports,Fighting,50.0
1358,291390,Three Dead Zed,Indie,Action,Zombies,Platformer,,64.0
1359,292370,DarkEnd,RPGMaker,RPG,Indie,Dungeon Crawler,,52.0
1360,292410,Street Racing Syndicate,Racing,Open World,Driving,Singleplayer,Multiplayer,86.0
1361,292480,Magical Battle Festa,Hack and Slash,PvP,3D Fighter,Female Protagonist,Character Action Game,69.0
1362,292500,Kero Blaster,Side Scroller,Shoot 'Em Up,Platformer,Difficult,Shooter,94.0
1363,292570,Chompy Chomp Chomp,Indie,Action,Local Co-Op,Local Multiplayer,Arcade,75.0
1364,292600,Duet,Indie,Action,Minimalist,Great Soundtrack,Difficult,96.0
1365,292620,Pressured,Indie,Puzzle,Casual,,,50.0
1366,261510,Tesla Effect,FMV,Adventure,Detective,Noir,Cyberpunk,90.0
1367,293240,Cosmochoria,Action,Indie,Adventure,Strategy,Space,89.0
1368,431290,Level 22: Gary’s Misadventures,Action,Indie,Stealth,Pixel Graphics,,66.0
1369,293320,Coma: Mortuary,Horror,Indie,Adventure,Walking Simulator,Atmospheric,53.0
1370,293600,Arson & Plunder: Unleashed,Indie,Action,Beat 'em up,Local Co-Op,,55.0
1371,293660,TRI: Of Friendship and Madness,Adventure,Indie,Puzzle,Exploration,First-Person,84.0
1372,293740,Road Not Taken,Roguelike,Indie,Puzzle,Turn-Based,Adventure,82.0
1373,293780,Crawl,Pixel Graphics,Local Multiplayer,Dungeon Crawler,Action Roguelike,4 Player Local,95.0
1374,293860,White Noise Online,Horror,Multiplayer,Psychological Horror,Co-op,Adventure,70.0
1375,293880,Dark Scavenger,RPG,Indie,Adventure,Casual,Choose Your Own Adventure,89.0
1376,293940,Kill The Bad Guy,Strategy,Indie,Simulation,Action,Puzzle,65.0
1377,294020,Merchants of Kaidan,Trading,Strategy,Simulation,RPG,Adventure,61.0
1378,294040,Loot Hero DX,Pixel Graphics,Action,Auto Battler,Roguelike,Action Roguelike,72.0
1379,294140,They Breathe,Indie,Survival Horror,Survival,Adventure,Dark,87.0
1380,294230,Millie,Casual,Indie,Action,Puzzle,Cute,83.0
1381,294370,Crowntakers,Strategy,RPG,Indie,Roguelike,Turn-Based,75.0
1382,201810,Wolfenstein: The New Order,FPS,Action,Shooter,Alternate History,Gore,91.0
1383,294750,Anomaly Defenders,Strategy,Tower Defense,Action,Indie,Sci-fi,75.0
1384,294810,BlazBlue: Continuum Shift Extend,Fighting,Anime,2D Fighter,Action,Great Soundtrack,91.0
1385,294860,Valkyria Chronicles™,Anime,Strategy,Turn-Based,Story Rich,JRPG,90.0
1386,295690,PARTICLE MACE,Indie,Action,Adventure,Arcade,2D,87.0
1387,295730,Sweezy Gunner,Action,Indie,Bullet Hell,Space,Shooter,81.0
1388,295930,Swipecart,Indie,Racing,Casual,,,72.0
1389,296050,Battlepaths,RPG,Indie,Turn-Based,2D,Loot,74.0
1390,296070,MIND Path to Thalamus E.Edition,Adventure,Puzzle,Walking Simulator,Indie,Atmospheric,62.0
1391,222900,Dead Island: Epidemic,,,,,,
1392,296490,GemCraft - Chasing Shadows,Tower Defense,Strategy,Indie,Singleplayer,Action,95.0
1393,296510,Magnetic By Nature,Action,Indie,Adventure,Platformer,,81.0
1394,296710,Monstrum ,Horror,Survival Horror,Action Roguelike,Indie,First-Person,91.0
1395,296730,Viktor,Action,Indie,Adventure,Platformer,2D,70.0
1396,296830,Lucius II,Horror,Gore,Villain Protagonist,Psychological Horror,Indie,61.0
1397,296850,Al Emmo and the Lost Dutchman's Mine,Adventure,Indie,Point & Click,Western,Singleplayer,65.0
1398,296870,Dreaming Sarah,Metroidvania,Puzzle Platformer,Casual,Exploration,Platformer,92.0
1399,296930,Ascendant,Platformer,Action,Indie,Beat 'em up,Action Roguelike,76.0
1400,296970,Renowned Explorers: International Society,Strategy,Adventure,RPG,Turn-Based,Indie,91.0
1401,297450,Zombies on a Plane,Action,Gore,Zombies,Survival,FPS,43.0
1402,297920,Space Colony,City Builder,Immersive Sim,Colony Sim,Sandbox,Life Sim,77.0
1403,298520,Orbital Gear,Action,Indie,Mechs,Multiplayer,Simulation,83.0
1404,298600,Lovely Planet,Indie,Action,FPS,Cute,Difficult,92.0
1405,237930,Transistor,Great Soundtrack,Female Protagonist,Indie,Cyberpunk,Story Rich,93.0
1406,299260,Commando Jack,Strategy,Action,Indie,Tower Defense,,55.0
1407,299440,Rooks Keep,Action,Indie,Strategy,Gore,Violent,83.0
1408,299460,Woodle Tree Adventures,Indie,Platformer,Adventure,Cute,3D Platformer,70.0
1409,299480,Rogue Stormers,Action Roguelike,Side Scroller,Shoot 'Em Up,Twin Stick Shooter,Roguelite,65.0
1410,299720,Terrorhedron,Tower Defense,Indie,Strategy,Casual,Great Soundtrack,85.0
1411,300200,Urban Legends,,,,,,
1412,300220,Victim of Xen,RPGMaker,RPG,Adventure,Casual,Anime,56.0
1413,300300,Ichi,Casual,Indie,Puzzle,Strategy,2D,85.0
1414,300320,The Few,Strategy,World War II,,,,59.0
1415,300340,Lemma,Parkour,First-Person,Adventure,Indie,Action,82.0
1416,300380,Road Redemption,Vehicular Combat,Racing,Beat 'em up,Action,Motorbike,82.0
1417,300540,Sweet Lily Dreams,RPG,Adventure,Indie,RPGMaker,Female Protagonist,85.0
1418,300550,Shadowrun: Dragonfall - Director's Cut,RPG,Cyberpunk,Turn-Based,Isometric,Story Rich,89.0
1419,300570,Infinifactory,Puzzle,Building,Automation,Indie,Programming,95.0
1420,300580,GALAK-Z,Action Roguelike,Action,Indie,Space,Arcade,77.0
1421,292120,FINAL FANTASY XIII,JRPG,RPG,Linear,Female Protagonist,Great Soundtrack,74.0
1422,301190,Frederic: Resurrection of Music,Indie,Music,Casual,Action,Rhythm,85.0
1423,301200,Frederic: Evil Strikes Back,Casual,Indie,Music,Action,Great Soundtrack,85.0
1424,301480,GEARCRACK Arena,,,,,,
1425,301540,Rhythm Destruction,Indie,Casual,Action,Rhythm,Shoot 'Em Up,66.0
1426,301640,Zombie Army Trilogy,Zombies,Action,Co-op,Multiplayer,World War II,86.0
1427,301750,RADical ROACH Remastered,Indie,Action,Casual,Adventure,Simulation,54.0
1428,302010,The Blue Flamingo,Action,Indie,Shoot 'Em Up,Singleplayer,,60.0
1429,302590,Of Guards And Thieves,Multiplayer,Free to Play,Stealth,Action,Indie,85.0
1430,302690,Metal Dead,Adventure,Indie,Gore,Zombies,Violent,84.0
1431,302710,BlazeRush,Racing,Indie,Action,Arcade,Local Multiplayer,88.0
1432,302790,Momodora III,Indie,Action,Platformer,Pixel Graphics,Female Protagonist,93.0
1433,244160,Homeworld Remastered Collection,Space,Strategy,RTS,Sci-fi,Classic,88.0
1434,303260,TRISTOY,Action,Indie,Adventure,Co-op,Platformer,65.0
1435,303430,Roundabout,FMV,Indie,Driving,Comedy,Female Protagonist,93.0
1436,303510,Dungeons: The Eye of Draconus,Indie,Action,Adventure,Beat 'em up,Casual,54.0
1437,303840,Point Perfect,Indie,Casual,Action,Pixel Graphics,Mouse only,70.0
1438,304170,Kick-Ass 2,Action,Superhero,Beat 'em up,Comedy,Third Person,43.0
1439,304460,Qora,Adventure,Indie,Pixel Graphics,Walking Simulator,Exploration,69.0
1440,18400,Crazy Machines 2,Casual,Puzzle,Strategy,Physics,Singleplayer,58.0
1441,304530,Agents of Mayhem,Action,Open World,Third Person,Singleplayer,Comedy,59.0
1442,304670,Aeon Command,Strategy,Indie,Casual,Space,Sci-fi,78.0
1443,304950,Castaway Paradise,Life Sim,Casual,Sandbox,RPG,Story Rich,71.0
1444,305010,Toxic Bunny HD,Action,Adventure,Indie,Platformer,,57.0
1445,240970,Half Minute Hero: The Second Coming,RPG,Indie,JRPG,Action,Fast-Paced,92.0
1446,305380,Blue Estate,On-Rails Shooter,Action,Comedy,Quick-Time Events,FPS,91.0
1447,241240,Contraption Maker,Puzzle,2D,Level Editor,Lemmings,Sandbox,92.0
1448,238090,Sniper Elite 3,Sniper,Action,Stealth,Multiplayer,Co-op,82.0
1449,305480,Heileen 2: The Hands Of Fate,Adventure,Indie,Visual Novel,Female Protagonist,Romance,57.0
1450,305640,Shattered Planet,RPG,Procedural Generation,Strategy,Grid-Based Movement,Roguelike,68.0
1451,305740,Pitiri 1977,Adventure,Indie,RPG,Platformer,2D,64.0
1452,305780,Echo of the Wilds,Survival,Roguelite,Crafting,Adventure,Sandbox,79.0
1453,305820,Cute Things Dying Violently,Indie,Casual,Puzzle,Comedy,Cute,83.0
1454,305980,Heavy Fire: Afghanistan,Action,On-Rails Shooter,First-Person,Shooter,Military,65.0
1455,306020,Bloons TD5,Tower Defense,Strategy,Co-op,Family Friendly,Action,94.0
1456,306040,The Howler,Indie,Casual,Steampunk,Puzzle,Strategy,77.0
1457,250400,How to Survive,Survival,Zombies,Crafting,Open World Survival Craft,Action,82.0
1458,306410,Crystals of Time,Hidden Object,Casual,Indie,Puzzle,Point & Click,56.0
1459,306550,Runers,RPG,Indie,Roguelite,Magic,Roguelike,80.0
1460,306700,Iron Fisticle,Action,Indie,Local Co-Op,2D,Twin Stick Shooter,85.0
1461,63380,Sniper Elite V2,Sniper,Action,Stealth,World War II,Co-op,88.0
1462,307010,Northmark: Hour of the Wolf,Card Battler,RPG,Indie,Adventure,Card Game,86.0
1463,307090,Fancy Skulls,Indie,Action Roguelike,Action,Early Access,Free to Play,72.0
1464,307170,Borealis,Casual,Indie,Action,Score Attack,Crowdfunded,65.0
1465,307230,"I, Zombie",Stealth,Top-Down,Puzzle,Level Editor,Cute,84.0
1466,307340,Platypus,Action,Shoot 'Em Up,Arcade,Local Co-Op,Retro,93.0
1467,285440,Crimzon Clover  WORLD IGNITION,Bullet Hell,Shoot 'Em Up,Indie,Action,Arcade,93.0
1468,307590,Penarium,Indie,Action,Difficult,Funny,Platformer,91.0
1469,307880,Savage Lands,Open World Survival Craft,Survival,Open World,Online Co-Op,Multiplayer,57.0
1470,308060,Black The Fall,Indie,Adventure,Action,Atmospheric,Platformer,78.0
1471,308440,Pushcat,Indie,Action,Pixel Graphics,Puzzle,Match 3,70.0
1472,310070,The Nightmare Cooperative,Strategy,Indie,Roguelike,Turn-Based,Puzzle,60.0
1473,310490,Crookz - The Big Heist,Strategy,Simulation,Heist,Stealth,Tactical,85.0
1474,310510,Deathtrap,Tower Defense,RPG,Action,Strategy,Indie,84.0
1475,310790,Geometry Wars 3: Dimensions Evolved,Action,Twin Stick Shooter,Arcade,Shoot 'Em Up,Bullet Hell,90.0
1476,240760,Wasteland 2,RPG,Post-apocalyptic,Turn-Based,Strategy,Tactical,82.0
1477,404730,Wasteland 2: Director's Cut,RPG,Post-apocalyptic,Turn-Based,Strategy,Tactical,82.0
1478,310850,Onikira: Demon Killer,Action,Adventure,Indie,Platformer,2D,37.0
1479,237850,Dreamfall Chapters,Adventure,Story Rich,Atmospheric,Fantasy,Female Protagonist,82.0
1480,311860,Data Hacker: Initiation,RPG,Indie,Adventure,RPGMaker,Simulation,70.0
1481,311870,Super Trench Attack!,Action,Indie,RPG,World War I,Comedy,91.0
1482,312230,Spirits of Xanadu,Atmospheric,Sci-fi,Adventure,Space,Immersive Sim,76.0
1483,312540,Ys VI: The Ark of Napishtim,Action,RPG,JRPG,Adventure,Great Soundtrack,89.0
1484,312600,Rime Berta,Turn-Based Tactics,Tactical RPG,Dungeon Crawler,Turn-Based,Strategy RPG,70.0
1485,312610,METAL SLUG X,Action,Arcade,Co-op,Classic,Shoot 'Em Up,88.0
1486,312630,OTTTD,Tower Defense,Action RTS,Indie,Strategy,Gore,78.0
1487,312670,Strange Brigade,Action,Adventure,Co-op,Zombies,Multiplayer,84.0
1488,312840,Fahrenheit: Indigo Prophecy Remastered,Story Rich,Quick-Time Events,Adventure,Atmospheric,Mystery,81.0
1489,312960,Starion Tactics,Strategy,Action,Indie,Space,Casual,25.0
1490,313010,Cities XXL,City Builder,Simulation,Building,Economy,Strategy,37.0
1491,313080,The Masterplan,Heist,Action,Indie,Strategy,Top-Down,62.0
1492,9880,Champions Online,Free to Play,Superhero,Massively Multiplayer,Character Customization,RPG,71.0
1493,313130,Metrocide,Indie,Cyberpunk,Stealth,Top-Down,Shooter,57.0
1494,313400,REVOLVER360 RE:ACTOR,Shoot 'Em Up,Bullet Hell,Action,Indie,Shooter,94.0
1495,313650,Time Mysteries 2: The Ancient Spectres,Hidden Object,Casual,Female Protagonist,Puzzle,Point & Click,61.0
1496,314010,Boid,Free to Play,Strategy,Indie,Action,Casual,79.0
1497,314020,Morphopolis,Puzzle,Indie,Hidden Object,Point & Click,Casual,83.0
1498,314030,Guilty Gear X2 #Reload,Fighting,2D Fighter,Anime,Action,Great Soundtrack,88.0
1499,314150,Double Dragon Trilogy,Arcade,Beat 'em up,Retro,Fighting,Local Co-Op,59.0
1500,314250,Jet Gunner,Action,Indie,Platformer,Adventure,Pixel Graphics,75.0
1501,314290,Obludia,Action,Arcade,Indie,Arena Shooter,Bullet Hell,37.0
1502,314410,Rampage Knights,Co-op,Action Roguelike,Action,Beat 'em up,Roguelike,93.0
1503,314450,Saviors,Shoot 'Em Up,Bullet Hell,Action,Indie,Space,82.0
1504,314570,The Sun at Night,Action,Indie,Adventure,Platformer,Dog,
1505,314790,Silence,Adventure,Point & Click,Story Rich,Great Soundtrack,Indie,83.0
1506,314830,Blackguards 2,RPG,Strategy,Adventure,Indie,Turn-Based,64.0
1507,255070,Abyss Odyssey,Action,Action Roguelike,Roguevania,Platformer,Indie,68.0
1508,315080,Foresight,Strategy,Indie,RTS,Space,,75.0
1509,315110,Woah Dave!,Action,Indie,Multiplayer,Arcade,Addictive,78.0
1510,312200,Chasm,Metroidvania,Pixel Graphics,Indie,Adventure,Action,74.0
1511,315860,Celestian Tales: Old North,RPG,Indie,JRPG,Turn-Based,Great Soundtrack,68.0
1512,316080,Parcel,Indie,Puzzle,Sci-fi,Futuristic,Atmospheric,84.0
1513,265300,Lords Of The Fallen,Souls-like,Dark Fantasy,RPG,Action RPG,Difficult,58.0
1514,316140,Appointment With FEAR,Adventure,Indie,Choose Your Own Adventure,Superhero,Interactive Fiction,55.0
1515,316370,Wave of Darkness,Action,RPG,Indie,Action RPG,,38.0
1516,316790,Grim Fandango Remastered,Adventure,Point & Click,Classic,Story Rich,Comedy,90.0
1517,245370,Etherium,Sci-fi,Strategy,RTS,Multiplayer,Space,39.0
1518,317040,Strife: Veteran Edition,RPG,Action,FPS,Classic,Retro,92.0
1519,317250,Airscape: The Fall of Gravity,Shoot 'Em Up,Exploration,Casual,Difficult,Platformer,81.0
1520,317370,The Keep,Dungeon Crawler,RPG,Fantasy,Real-Time,Grid-Based Movement,78.0
1521,313340,Mountain,Simulation,Indie,Casual,Relaxing,Singleplayer,88.0
1522,317620,Space Hulk Ascension,Warhammer 40K,Strategy,Turn-Based Tactics,RPG,Games Workshop,73.0
1523,253510,Warmachine Tactics,Strategy,Turn-Based,Turn-Based Strategy,Steampunk,Tactical,44.0
1524,318020,Act of Aggression,Strategy,RTS,Base Building,Multiplayer,Military,64.0
1525,318100,AXYOS,Hero Shooter,FPS,Wargame,MOBA,Multiplayer,52.0
1526,318220,Enforcer: Police Crime Action,Simulation,Action,Open World,Crime,Adventure,46.0
1527,318430,Squishy the Suicidal Pig,Indie,Platformer,Puzzle,Puzzle Platformer,Adventure,83.0
1528,318570,Hunters Of The Dead,Strategy,Indie,Tower Defense,Zombies,RPG,64.0
1529,318860,Malebolgia,Adventure,Indie,Action,Horror,Souls-like,60.0
1530,319050,Chaos Reborn,Strategy,RPG,Turn-Based,Fantasy,Indie,75.0
1531,319230,Gold Rush! Anniversary,Adventure,Indie,Strategy,Point & Click,Singleplayer,66.0
1532,319270,Great Permutator,Puzzle,Automation,Simulation,Programming,Building,88.0
1533,319320,Time Mysteries 3: The Final Enigma,Hidden Object,Adventure,Casual,Female Protagonist,Point & Click,80.0
1534,319450,Chariot,Adventure,Indie,Local Co-Op,Platformer,Local Multiplayer,83.0
1535,319480,Odallus: The Dark Call,Metroidvania,Action,Indie,Retro,Pixel Graphics,90.0
1536,319830,AX:EL,Action,Indie,Simulation,Sci-fi,Flight,76.0
1537,319910,Trine 3: The Artifacts of Power,Puzzle Platformer,3D Platformer,Adventure,Co-op,Action,63.0
1538,229810,A Fistful of Gun,Action,Indie,Western,Pixel Graphics,Bullet Hell,57.0
1539,319970,The Detail,Adventure,Point & Click,2D,Great Soundtrack,Story Rich,72.0
1540,320040,Moon Hunters,Relaxing,Roguelite,Hack and Slash,Action Roguelike,Dungeon Crawler,79.0
1541,320140,Absolute Drift,Racing,Open World,Driving,Physics,Difficult,90.0
1542,320150,Deadlings - Rotten Edition,Action,Indie,Adventure,Puzzle Platformer,Arcade,76.0
1543,320400,Magnifico,Strategy,Casual,Board Game,,,76.0
1544,320520,Oscura: Lost Light,Indie,Adventure,Platformer,Puzzle Platformer,Dark,52.0
1545,320790,Fabula Mortis,Action,Indie,FPS,Steampunk,Multiplayer,50.0
1546,320820,Toren,Adventure,Indie,Female Protagonist,Singleplayer,Puzzle Platformer,64.0
1547,268050,The Evil Within,Horror,Survival Horror,Psychological Horror,Gore,Atmospheric,84.0
1548,313830,See No Evil,Indie,Adventure,Puzzle,Anime,Strategy,66.0
1549,321150,Melissa K. and the Heart of Gold Collector's Edition,Hidden Object,Adventure,Casual,Indie,Point & Click,65.0
1550,321270,UNLOVED,Gore,Action,Horror,FPS,Co-op,80.0
1551,321360,Primal Carnage: Extinction,Dinosaurs,Multiplayer,PvP,FPS,Class-Based,84.0
1552,321870,Silence of the Sleep,Horror,Adventure,Indie,Psychological Horror,Singleplayer,76.0
1553,321950,Yury,Indie,Adventure,Action,Platformer,Difficult,65.0
1554,322110,20XX,Platformer,Action Roguelike,Action,2D Platformer,Roguelite,92.0
1555,322190,SteamWorld Heist,Strategy,Turn-Based,Steampunk,RPG,Indie,96.0
1556,322210,"Guns, Gore & Cannoli",Action,Side Scroller,2D,Co-op,Gore,91.0
1557,233610,Distance,Racing,Great Soundtrack,Futuristic,Multiplayer,Level Editor,93.0
1558,322290,Gurumin: A Monstrous Adventure,Action RPG,Action,Adventure,RPG,3D Platformer,92.0
1559,322450,FRAMED Collection,Puzzle,Casual,Indie,Adventure,Noir,93.0
1560,289930,TransOcean: The Shipping Company,Simulation,Strategy,Management,Economy,Casual,73.0
1561,258520,The Vanishing of Ethan Carter,Mystery,Atmospheric,Detective,Walking Simulator,Exploration,87.0
1562,400430,The Vanishing of Ethan Carter Redux,Adventure,Indie,Walking Simulator,Story Rich,Horror,86.0
1563,322680,BLACKHOLE,Adventure,Indie,Puzzle Platformer,Action,Difficult,86.0
1564,322970,Subject 13,Adventure,Indie,Puzzle,Point & Click,Exploration,55.0
1565,323040,Laserlife,Indie,Rhythm,Music,,,73.0
1566,323060,Tharsis,Board Game,Space,Strategy,Survival,Singleplayer,71.0
1567,323190,Frostpunk,City Builder,Survival,Resource Management,Strategy,Post-apocalyptic,92.0
1568,323320,Grow Home,Open World,Adventure,Singleplayer,Exploration,3D Platformer,93.0
1569,242640,Styx: Master of Shadows,Stealth,Singleplayer,Action,Adventure,Atmospheric,83.0
1570,323380,The Magic Circle,Adventure,Puzzle,Indie,Story Rich,Simulation,91.0
1571,323450,Alphadia Genesis,RPG,Adventure,Action,JRPG,Anime,77.0
1572,323580,Jotun: Valhalla Edition,Adventure,Mythology,Action,Indie,Hand-drawn,78.0
1573,323720,Decay - The Mare,Adventure,Horror,Indie,Point & Click,Psychological Horror,76.0
1574,302510,Ryse: Son of Rome,Hack and Slash,Action,Quick-Time Events,Rome,Historical,86.0
1575,226560,Escape Dead Island,Zombies,Adventure,Gore,Survival,Action,60.0
1576,324070,iO,Indie,Action,Racing,Physics,Puzzle,81.0
1577,272470,The Incredible Adventures of Van Helsing II,RPG,Action,Adventure,Hack and Slash,Action RPG,70.0
1578,241930,Middle-earth™: Shadow of Mordor™,Open World,Action,Fantasy,Adventure,Third Person,92.0
1579,324420,Desert Ashes,Strategy,Indie,Turn-Based,,,60.0
1580,258970,Gauntlet™ ,Co-op,Dungeon Crawler,Hack and Slash,Local Co-Op,Action,81.0
1581,221540,Defense Grid 2,Strategy,Tower Defense,Indie,Sci-fi,Co-op,85.0
1582,277430,Halo: Spartan Assault,Action,Top-Down Shooter,Sci-fi,Singleplayer,Top-Down,78.0
1583,324750,StuntMANIA Reloaded,Racing,Automobile Sim,Casual,Adventure,Indie,75.0
1584,275670,Space Run,Tower Defense,Strategy,Space,Indie,Sci-fi,86.0
1585,325090,Deep Dungeons of Doom,RPG,Casual,Adventure,Pixel Graphics,Dungeon Crawler,89.0
1586,325150,Run or Die,Casual,Runner,Difficult,Pixel Graphics,Fast-Paced,86.0
1587,325210,Arctico,Open World Survival Craft,Open World,Co-op,Multiplayer,Adventure,74.0
1588,325370,Nova-111,Singleplayer,Sci-fi,Action Roguelike,Puzzle,Turn-Based Tactics,80.0
1589,325860,Fat Chicken,Strategy,Indie,Action,Tower Defense,,86.0
1590,275080,Post Master ,Simulation,Indie,Casual,Management,,48.0
1591,277500,Farming World,Farming Sim,Simulation,Agriculture,Casual,Indie,43.0
1592,326410,Windward,Naval Combat,Pirates,Naval,Sandbox,Adventure,80.0
1593,326480,If My Heart Had Wings,Visual Novel,Romance,Dating Sim,Cute,Point & Click,92.0
1594,326520,Chime Sharp,Casual,Puzzle,Music,,,70.0
1595,326720,Instant Dungeon!,Indie,Action,Action Roguelike,Arcade,Retro,86.0
1596,326950,Sword of Asumi,Visual Novel,Anime,Indie,Female Protagonist,Adventure,77.0
1597,326990,Deep Eclipse,Action,Indie,Space,Shoot 'Em Up,Top-Down Shooter,75.0
1598,327260,Super Life of Pixel,Indie,Platformer,Retro,Pixel Graphics,2D,80.0
1599,327310,The Marvellous Miss Take,Stealth,Indie,Action,Casual,Female Protagonist,81.0
1600,327510,WASTED,Action Roguelike,Action,RPG,Indie,FPS,79.0
1601,327670,Ironcast,Strategy,Match 3,Indie,Steampunk,RPG,73.0
1602,328080,Rise to Ruins,Tower Defense,Colony Sim,City Builder,Strategy,Survival,88.0
1603,328270,Leviathan: The Last Day of the Decade,Visual Novel,Adventure,Story Rich,Indie,Point & Click,78.0
1604,328730,Letter Quest: Grimm's Journey,Casual,Indie,Word Game,Puzzle,Touch-Friendly,96.0
1605,373970,Letter Quest: Grimm's Journey Remastered,Casual,Spelling,Indie,Typing,Word Game,94.0
1606,328760,SanctuaryRPG: Black Edition,RPG,Indie,Text-Based,Action Roguelike,Retro,92.0
1607,328940,The Deer God,Indie,Platformer,Pixel Graphics,Adventure,2D,60.0
1608,329000,Data Hacker: Corruption,Indie,RPG,Adventure,Simulation,RPGMaker,55.0
1609,329110,Gems of War,Free to Play,Match 3,Puzzle,PvE,Card Game,79.0
1610,329130,Reassembly,Building,Space,Sandbox,Strategy,2D,94.0
1611,329380,Stealth Inc 2,Indie,Action,Stealth,Platformer,Adventure,72.0
1612,330020,Children of Morta,Multiplayer,Roguelike,Pixel Graphics,Hack and Slash,Online Co-Op,89.0
1613,308420,Ziggurat,Roguelite,Action,Shooter,FPS,Action Roguelike,87.0
1614,330180,Pix the Cat,Cats,Indie,Action,Arcade,Local Multiplayer,86.0
1615,330270,Warlocks vs Shadows,Indie,Action,RPG,Pixel Graphics,Action RPG,58.0
1616,330350,Robotex,Indie,Casual,Action,Adventure,2D,30.0
1617,246090,Spacebase DF-9,Simulation,Space,Base Building,Sci-fi,Strategy,17.0
1618,330470,Over The Void,Indie,Psychedelic,Abstract,,,69.0
1619,330580,Shark Attack Deathmatch 2,Horror,Arena Shooter,FPS,Survival Horror,Shoot 'Em Up,75.0
1620,330680,Solar Struggle,Action,Indie,Arcade,Shoot 'Em Up,Sci-fi,33.0
1621,330820,2064: Read Only Memories,Cyberpunk,Visual Novel,Interactive Fiction,Story Rich,Noir,84.0
1622,330830,Tales from the Borderlands,Comedy,Adventure,Story Rich,Choices Matter,Singleplayer,94.0
1623,330990,Demon Hunter: Chronicles from Beyond,Casual,Hidden Object,Adventure,Female Protagonist,Mystery,64.0
1624,331190,Master Spy,Platformer,Indie,Stealth,Action,Pixel Graphics,78.0
1625,331220,Thief Town,Action,Indie,Local Multiplayer,4 Player Local,Stealth,78.0
1626,331400,Luna: Shattered Hearts: Episode 1,RPG,Indie,Adventure,Action,Casual,55.0
1627,331440,bit Dungeon II,RPG,Action Roguelike,Pixel Graphics,Indie,Action,83.0
1628,331480,Pinstripe,Indie,Adventure,Casual,Atmospheric,Dark,90.0
1629,331390,Winged Sakura: Mindy's Arc,Anime,RPG,Strategy,Tower Defense,Indie,80.0
1630,331670,The Jackbox Party Pack,Casual,Trivia,Party,Local Multiplayer,Funny,91.0
1631,331720,Survivor Squad: Gauntlets,Strategy,Action,Indie,Zombies,Top-Down,60.0
1632,331790,Data Hacker: Reboot,Indie,RPG,Adventure,RPGMaker,Anime,62.0
1633,331870,AER Memories of Old,Adventure,Exploration,Indie,Relaxing,Open World,87.0
1634,331980,Last Inua,Indie,Adventure,Casual,Platformer,Puzzle Platformer,59.0
1635,332330,PixelJunk™ Shooter Ultimate,Action,Twin Stick Shooter,Physics,Local Co-Op,Shooter,84.0
1636,305620,The Long Dark,Survival,Open World Survival Craft,Open World,Exploration,Atmospheric,91.0
1637,332480,Phoenix Force,Bullet Hell,Difficult,Fantasy,Class-Based,Top-Down Shooter,84.0
1638,332620,PONCHO,Adventure,Indie,Action,Casual,Platformer,61.0
1639,332710,1Quest,RPG,Indie,Roguelike,Turn-Based,,58.0
1640,333120,Inside The Gear,Casual,Indie,Puzzle,Physics,Atmospheric,56.0
1641,333210,Kaiju-A-GoGo,Action,Indie,Strategy,Casual,Singleplayer,63.0
1642,333250,Forward to the Sky,Action,Anime,Adventure,Cute,Female Protagonist,84.0
1643,333300,ADOM (Ancient Domains Of Mystery),Traditional Roguelike,CRPG,Dungeon Crawler,Perma Death,Turn-Based,87.0
1644,333490,Replay - VHS is not dead,Adventure,Indie,Puzzle,Puzzle Platformer,Platformer,
1645,333660,Towers of Altrac,Indie,Strategy,Tower Defense,Fantasy,Action,61.0
1646,333860,Project Night,,,,,,
1647,249050,Dungeon of the ENDLESS™,Roguelike,Strategy,Tower Defense,Pixel Graphics,Indie,88.0
1648,235620,Small World,Board Game,Strategy,Tabletop,Casual,Indie,72.0
1649,334710,Ilamentia,Puzzle,Indie,First-Person,Surreal,Psychedelic,69.0
1650,276810,Mordheim: City of the Damned,Tactical,Games Workshop,RPG,Turn-Based,Strategy,72.0
1651,335010,Steam and Metal,Indie,Steampunk,Shoot 'Em Up,Female Protagonist,Bullet Hell,72.0
1652,335100,Dwarf Tower,Dwarf,Indie,Strategy,Building,Sandbox,73.0
1653,335190,200% Mixed Juice!,RPG,Indie,Adventure,Anime,Cute,86.0
1654,335300,DARK SOULS™ II: Scholar of the First Sin,Souls-like,Dark Fantasy,RPG,Difficult,Action,85.0
1655,222420,THE KING OF FIGHTERS '98 ULTIMATE MATCH FINAL EDITION,Fighting,Arcade,2D Fighter,Action,Classic,90.0
1656,335790,Words for Evil,Word Game,Typing,Spelling,Indie,Adventure,80.0
1657,335900,Angels of Fasaria: Version 2.0,RPG,Adventure,Indie,RPGMaker,Strategy,
1658,335920,Ephemerid: A Musical Adventure,Indie,Adventure,Rhythm,Music,Singleplayer,91.0
1659,336030,Race.a.bit,Racing,Indie,Level Editor,Asynchronous Multiplayer,Moddable,72.0
1660,336060,Raptor: Call of The Shadows - 2015 Edition,Bullet Hell,Shoot 'Em Up,Flight,Difficult,2D,75.0
1661,336090,Sky Mercenaries,Indie,Action,Bullet Hell,Shoot 'Em Up,Arcade,68.0
1662,336200,Starlaxis Supernova Edition,Strategy,Action,Indie,Casual,Puzzle,
1663,274620,Skara - The Blade Remains,Free to Play,Action,Multiplayer,Fighting,RPG,60.0
1664,336380,Catmouth Island,Adventure,Indie,Casual,Point & Click,Singleplayer,56.0
1665,336610,Outcast 1.1,Adventure,Action,Classic,Open World,Third Person,90.0
1666,336940,Basingstoke,Action,Adventure,Indie,Action Roguelike,Roguelite,82.0
1667,337150,Sentinels of the Multiverse,Card Battler,Card Game,Strategy,Indie,Superhero,93.0
1668,337270,Ostrich Island,Adventure,Indie,Casual,RPG,3D Platformer,82.0
1669,337290,Still Not Dead,Action Roguelike,Action,Indie,FPS,Pixel Graphics,80.0
1670,337480,Zombie Vikings,Action,Adventure,Local Co-Op,Beat 'em up,Zombies,76.0
1671,335220,But to Paint a Universe,Indie,Casual,Puzzle,Music,2D,
1672,337940,X-note,Visual Novel,Anime,Otome,Adventure,Female Protagonist,
1673,250900,The Binding of Isaac: Rebirth,Action Roguelike,Roguelike,Indie,Replay Value,Difficult,97.0
1674,338320,Pixel Heroes: Byte & Magic,RPG,Indie,Pixel Graphics,Adventure,Roguelite,78.0
1675,338710,Urja,Strategy,Casual,Indie,Puzzle,Chess,55.0
1676,338760,Death Ray Manta,Action,Indie,Twin Stick Shooter,Shoot 'Em Up,Colorful,87.0
1677,332530,Shutshimi,Indie,Action,Shoot 'Em Up,4 Player Local,Local Co-Op,92.0
1678,339110,Plith,Indie,Casual,Puzzle,Singleplayer,Family Friendly,45.0
1679,339190,Dead Synchronicity: Tomorrow Comes Today,Adventure,Point & Click,Indie,Post-apocalyptic,2D,82.0
1680,339200,Oceanhorn: Monster of Uncharted Seas,Adventure,RPG,Action,Indie,Puzzle,82.0
1681,334690,Squirreltopia,Precision Platformer,Indie,Action,Adventure,Platformer,68.0
1682,339290,Castle,Casual,Indie,Action,Building,Puzzle,71.0
1683,339400,Runestone Keeper,Strategy,RPG,Roguelike,Indie,Casual,82.0
1684,339460,A Pixel Story,Action,Adventure,Indie,Pixel Graphics,Platformer,74.0
1685,339580,Ember,RPG,Adventure,Indie,Fantasy,Action RPG,75.0
1686,304650,Sunless Sea,Exploration,Lovecraftian,Survival,Story Rich,Dark,83.0
1687,339700,"I, Gladiator",Action,RPG,Indie,Adventure,Gore,63.0
1688,242680,Nuclear Throne,Action Roguelike,Roguelike,Pixel Graphics,Indie,Difficult,96.0
1689,339860,AoF World Online,Indie,RPG,Massively Multiplayer,Adventure,Strategy,
1690,339900,One Night,,,,,,
1691,340030,Dungeon of Gain,RPG,Indie,Roguelike,Procedural Generation,Roguelite,31.0
1692,340050,Survivalist,Survival,Zombies,RPG,Open World,Action,80.0
1693,340070,Battle Ranch,Indie,Strategy,Casual,Tower Defense,2D,49.0
1694,340150,Basement,Strategy,Management,Crime,Simulation,Base Building,77.0
1695,340270,TIMEframe,Indie,Casual,Walking Simulator,Atmospheric,Great Soundtrack,79.0
1696,340320,Sinless,Adventure,Indie,RPG,Cyberpunk,Visual Novel,80.0
1697,340340,Domestic Dog,Dog,Cute,Wholesome,Casual,Survival,82.0
1698,340360,Tomb of Tyrants,Indie,Strategy,Casual,Puzzle,Match 3,79.0
1699,340490,Subterrain,Survival,Top-Down,Crafting,Indie,Sci-fi,79.0
1700,340520,Tallowmere,Indie,Action Roguelike,2D Platformer,Hack and Slash,Dungeon Crawler,90.0
1701,340580,Armed with Wings: Rearmed,Action,Indie,Hack and Slash,2D,Swordplay,87.0
1702,340650,Elements: Soul of Fire,RPG,Indie,RPGMaker,,,45.0
1703,340770,Death Goat,Action,Indie,Casual,Great Soundtrack,Gore,75.0
1704,340830,Razenroth,RPG,Indie,Action Roguelike,Action,Top-Down Shooter,80.0
1705,341070,Stay Dead Evolution,Action,Indie,Beat 'em up,Rhythm,FMV,61.0
1706,341160,Steam Heroes,Indie,Casual,Action,Adventure,Match 3,36.0
1707,341310,Greyfox,RPGMaker,Adventure,Indie,RPG,Anime,75.0
1708,341470,Loot Hunter,Casual,Strategy,Indie,Match 3,,59.0
1709,341500,Camera Obscura,Pixel Graphics,Platformer,Indie,Adventure,Level Editor,71.0
1710,341530,Stardust Vanguards,4 Player Local,2D Fighter,Local Multiplayer,PvP,Bullet Hell,85.0
1711,341550,Super Cyborg,Action,Indie,Retro,2D,Gore,86.0
1712,341680,stratO,Indie,Simulation,Action,Flight,,89.0
1713,341730,Dustoff Heli Rescue,Action,Indie,Arcade,Pixel Graphics,Voxel,86.0
1714,310740,NEON STRUCT,Indie,Stealth,Cyberpunk,First-Person,Immersive Sim,87.0
1715,341940,Hatred,Gore,Violent,Action,Dark,Mature,82.0
1716,341950,Lux Delux,Strategy,Indie,Board Game,Turn-Based Strategy,Multiplayer,80.0
1717,314660,Oddworld: New 'n' Tasty,Puzzle Platformer,Adventure,Platformer,Remake,Puzzle,87.0
1718,342300,Zombie Kill of the Week - Reborn,Action,Zombies,Indie,2D,Pixel Graphics,93.0
1719,342360,Train of Afterlife,Visual Novel,Indie,Casual,Adventure,Simulation,63.0
1720,342510,Bret Airborne,RPG,Indie,Casual,Steampunk,Puzzle,83.0
1721,340220,Shadows of War,Strategy,Indie,2D,,,34.0
1722,342580,12 Labours of Hercules,Casual,Time Management,Strategy,Singleplayer,Mythology,93.0
1723,342610,HyperRogue,Traditional Roguelike,Psychedelic,Turn-Based Tactics,Experimental,Open World,98.0
1724,342620,It came from space and ate our brains,Top-Down Shooter,Twin Stick Shooter,Shooter,Survival,Arcade,79.0
1725,343090,SimpleRockets,Simulation,Sandbox,Physics,Space Sim,Indie,84.0
1726,343100,Overture,Action Roguelike,Indie,Action,RPG,Pixel Graphics,71.0
1727,343270,Disillusions Manga Horror,Indie,Adventure,Horror,Anime,Comedy,60.0
1728,343280,Zotrix,Action,Indie,Strategy,Simulation,Shoot 'Em Up,33.0
1729,343800,Shadowgate: MacVenture Series,Adventure,Indie,Point & Click,Classic,Pixel Graphics,70.0
1730,343860,Tacoma,Walking Simulator,Adventure,Story Rich,Sci-fi,Indie,87.0
1731,343930,Fort Defense,Tower Defense,Casual,Strategy,RPG,Indie,78.0
1732,344130,Cataegis : The White Wind,Action,Indie,Pixel Graphics,Retro,Platformer,77.0
1733,344230,Pixel Puzzles 2: Birds,Casual,Indie,Simulation,Strategy,Puzzle,81.0
1734,344850,Big Pharma,Management,Simulation,Medical Sim,Strategy,Indie,78.0
1735,344910,Sun Blast,Action,Shoot 'Em Up,Indie,Adventure,Anime,61.0
1736,345090,Ancient Planet,Tower Defense,Strategy,Casual,Indie,Isometric,84.0
1737,345220,Agent Awesome,Strategy,Tactical,Indie,Comedy,Turn-Based Combat,66.0
1738,301910,Saints Row: Gat out of Hell,Action,Open World,Comedy,Co-op,Third Person,75.0
1739,345440,Vapour,Indie,Action,Adventure,Gore,Horror,37.0
1740,345540,Inbetween Land,Casual,Adventure,Indie,Hidden Object,Point & Click,82.0
1741,323470,DRAGON BALL XENOVERSE,Anime,Fighting,Action,Character Customization,Multiplayer,89.0
1742,345750,Idol Hands,Strategy,Simulation,God Game,Sandbox,Casual,46.0
1743,222440,THE KING OF FIGHTERS 2002 UNLIMITED MATCH,Fighting,Action,2D Fighter,Arcade,Classic,94.0
1744,345820,Shantae and the Pirate's Curse,Platformer,Metroidvania,Female Protagonist,Great Soundtrack,2D,94.0
1745,346140,Hidden Object Bundle 5 in 1,Casual,Adventure,Hidden Object,Point & Click,Singleplayer,58.0
1746,346180,David.,Indie,Action,2D Platformer,Time Manipulation,Bullet Time,79.0
1747,346210,Garden Rescue,Strategy,Casual,Tower Defense,,,85.0
1748,346320,Streets of Chaos,Strategy,Indie,Simulation,Turn-Based,Board Game,39.0
1749,343810,The Uninvited: MacVenture Series,Adventure,Indie,Point & Click,Horror,Atmospheric,83.0
1750,343820,Deja Vu: MacVenture Series,Adventure,Indie,Point & Click,Detective,Noir,69.0
1751,343830,Deja Vu II: MacVenture Series,Adventure,Indie,Point & Click,Noir,Classic,64.0
1752,342020,BiT Evolution,Adventure,Indie,Action,Platformer,Pixel Graphics,62.0
1753,346560,Hero of the Kingdom II,Adventure,Casual,Point & Click,RPG,Indie,94.0
1754,346810,Marble Age,Singleplayer,Survival,Indie,Casual,Strategy,81.0
1755,294440,Shadowgate,Point & Click,Remake,Adventure,Puzzle,Singleplayer,87.0
1756,347040,Keebles,Indie,Action,Physics,Building,Singleplayer,84.0
1757,347160,Steredenn,Shoot 'Em Up,Pixel Graphics,Fast-Paced,Arcade,Roguelike,88.0
1758,347590,Heroes of Hellas 3: Athens,Casual,Strategy,Match 3,Singleplayer,Indie,94.0
1759,347560,Terra Incognita Chapter One: The Descendant,Early Access,Indie,Adventure,RPG,RPGMaker,68.0
1760,347830,Fairy Fencer F,Anime,JRPG,RPG,Cute,Singleplayer,90.0
1761,266510,Hand of Fate,Roguelike Deckbuilder,Roguelike,Deckbuilding,Card Game,Action Roguelike,89.0
1762,348360,Doodle God,Indie,Casual,Puzzle,God Game,Simulation,78.0
1763,348550,GUILTY GEAR XX ACCENT CORE PLUS R,Fighting,2D Fighter,Anime,Great Soundtrack,Action,96.0
1764,348650,The Asskickers,Action,Indie,Beat 'em up,,,25.0
1765,348800,Chester One,Indie,Adventure,Platformer,Action,Retro,86.0
1766,348960,Odysseus: Long Way Home,Adventure,Casual,Hidden Object,Point & Click,,66.0
1767,349140,Corrosion: Cold Winter Waiting [Enhanced Edition],Adventure,Indie,Point & Click,Horror,First-Person,72.0
1768,349460,Lord of the Dark Castle,RPG,Turn-Based,Action,Dungeon Crawler,Strategy,71.0
1769,349500,Cubicle Quest,RPG,Indie,RPGMaker,Simulation,Adventure,74.0
1770,349730,Popup Dungeon,RPG,Strategy,Indie,Dungeon Crawler,Turn-Based,80.0
1771,349790,Galaxy of Pen & Paper,RPG,Indie,Turn-Based,Pixel Graphics,Sci-fi,70.0
1772,298630,The Escapists,Pixel Graphics,Strategy,Crafting,Singleplayer,2D,90.0
1773,202170,Sleeping Dogs™,Open World,Action,Martial Arts,Third Person,Crime,93.0
1774,349950,GunWorld,Action,Indie,Platformer,Pixel Graphics,Retro,72.0
1775,350010,Time Mysteries: Inheritance - Remastered,Casual,Hidden Object,Adventure,Female Protagonist,Puzzle,45.0
1776,346780,Luminosity,Casual,Action,Indie,Strategy,,
1777,287290,Resident Evil Revelations 2,Zombies,Horror,Multiplayer,Survival Horror,Action,77.0
1778,350630,Dodge,Indie,Casual,Arcade,,,84.0
1779,350640,Sherlock Holmes: The Devil's Daughter,Adventure,Detective,Mystery,Story Rich,Puzzle,80.0
1780,350740,The Bug Butcher,Indie,Action,Shoot 'Em Up,Arcade,Local Co-Op,87.0
1781,350970,Planet of the Eyes,Puzzle,Platformer,Indie,Action,Adventure,91.0
1782,351150,DRAGON: A Game About a Dragon,Indie,Dragons,Adventure,Platformer,Anime,69.0
1783,351250,Avalanche 2: Super Avalanche,Indie,Action,Local Co-Op,Arcade,Fast-Paced,91.0
1784,351450,Scribble Space,Indie,Casual,Action,,,49.0
1785,351470,Sometimes: Success Requires Sacrifice,Casual,Indie,Action,Adventure,Strategy,71.0
1786,351490,Intergalactic Bubbles,Casual,Indie,Puzzle,Singleplayer,Arcade,79.0
1787,351920,Crazy Machines 3,Simulation,Puzzle,Strategy,Physics,Sandbox,94.0
1788,291650,Pillars of Eternity,RPG,Fantasy,Isometric,Story Rich,Singleplayer,87.0
1789,352190,Spirit Of War,Strategy,World War I,Turn-Based Strategy,Hex Grid,,61.0
1790,352520,The Silent Age,Point & Click,Side Scroller,Adventure,Psychological Horror,Alternate History,93.0
1791,347440,Pneuma: Breath of Life,Adventure,Indie,Puzzle,First-Person,Narration,68.0
1792,310890,Breach & Clear: Deadline Rebirth (2016),Zombies,Strategy,Action,RPG,Military,53.0
1793,353550,House of Caravan,Indie,Horror,Adventure,First-Person,Puzzle,67.0
1794,353990,Parvaneh: Legacy of the Light's Guardians,Indie,Action,Adventure,RPG,,50.0
1795,350810,Pixel Puzzles 2: Anime,Anime,Puzzle,Casual,Indie,Simulation,80.0
1796,348180,Starship Traveller,Adventure,RPG,Indie,Choose Your Own Adventure,Space,62.0
1797,354180,Bunker - The Underground Game,Indie,Adventure,Pixel Graphics,Casual,Point & Click,53.0
1798,354620,Miner Warfare,Indie,4 Player Local,Local Multiplayer,Casual,Action,82.0
1799,354860,The Adventures of Tree,Indie,Adventure,RPG,Cute,Open World,83.0
1800,336110,Bloody Streets,Indie,Action,Top-Down Shooter,Zombies,Gore,82.0
1801,355020,Bomb The Monsters!,Casual,Adventure,Action,Strategy,Puzzle,78.0
1802,355050,Sky Force Anniversary,Shoot 'Em Up,Bullet Hell,Action,Arcade,Indie,92.0
1803,355350,Reign of Bullets,Indie,Action,Shoot 'Em Up,Side Scroller,,81.0
1804,354240,"Please, Don’t Touch Anything",Puzzle,Indie,Pixel Graphics,Point & Click,Singleplayer,88.0
1805,355530,Last Word,Indie,RPG,Adventure,Casual,Female Protagonist,82.0
1806,351640,Eternal Senia,Anime,Free to Play,RPG,Female Protagonist,RPGMaker,97.0
1807,355970,Home is Where One Starts...,Adventure,Indie,Walking Simulator,First-Person,Atmospheric,78.0
1808,356040,Sheltered,Survival,Base Building,Post-apocalyptic,Pixel Graphics,Strategy,81.0
1809,356400,Thumper,Rhythm,Indie,Action,Psychedelic,Great Soundtrack,91.0
1810,352620,Porcunipine,Indie,Action,4 Player Local,Local Multiplayer,Local Co-Op,87.0
1811,334420,Out There: Ω Edition,Space,Indie,Sci-fi,Roguelike,Adventure,75.0
1812,357190,Ultimate Marvel vs. Capcom 3,Fighting,2D Fighter,Action,Superhero,Multiplayer,91.0
1813,357280,Alter World,Indie,Puzzle,Puzzle Platformer,Platformer,Difficult,69.0
1814,357290,Red Lake,Indie,Action,Adventure,Horror,FPS,48.0
1815,357300,Snakebird,Puzzle,Difficult,Indie,Cute,Colorful,95.0
1816,45770,Dead Rising 2: Off the Record,Action,Zombies,Open World,Adventure,Online Co-Op,77.0
1817,357600,Unium,Casual,Indie,Puzzle,Strategy,Minimalist,95.0
1818,357780,Defend Your Life,Tower Defense,Casual,Strategy,Indie,2D,82.0
1819,345180,Victor Vran,Action RPG,Hack and Slash,RPG,Adventure,Co-op,85.0
1820,345350,LIGHTNING RETURNS: FINAL FANTASY XIII,RPG,JRPG,Female Protagonist,Fantasy,Open World,79.0
1821,297120,Heavy Bullets,Indie,Action,FPS,Action Roguelike,Roguelike,82.0
1822,234920,Dyscourse,Adventure,Indie,Casual,Simulation,Choose Your Own Adventure,77.0
1823,358080,No Turning Back: The Pixel Art Action-Adventure Roguelike,Early Access,Action,Indie,Adventure,RPG,60.0
1824,358090,D4: Dark Dreams Don't Die,Adventure,Quick-Time Events,Detective,Mystery,Story Rich,80.0
1825,358650,Gryphon Knight Epic,Indie,Action,Shoot 'Em Up,Fantasy,Medieval,86.0
1826,358830,Good Robot,Action Roguelike,Indie,Action,RPG,Shoot 'Em Up,89.0
1827,338530,Trouble In The Manor,Casual,Action,Indie,Multiplayer,Horror,58.0
1828,359100,Q.U.B.E. 2,Adventure,Action,Indie,Puzzle,First-Person,84.0
1829,359250,City of Fools,Adventure,Point & Click,Comedy,Funny,Exploration,80.0
1830,359280,Heroes of Loot,Action,Adventure,RPG,Loot,Dungeon Crawler,67.0
1831,359810,Hare In The Hat,Adventure,Indie,Puzzle,Casual,Singleplayer,61.0
1832,359840,Shift Happens,Co-op,Online Co-Op,Local Co-Op,Puzzle Platformer,Local Multiplayer,81.0
1833,359870,FINAL FANTASY X/X-2 HD Remaster,JRPG,Turn-Based Combat,Story Rich,RPG,Great Soundtrack,89.0
1834,359900,The Incredible Adventures of Van Helsing III,RPG,Action,Adventure,Indie,Hack and Slash,64.0
1835,359960,Choice Chamber,Action Roguelike,2D Platformer,Hack and Slash,Roguelite,Perma Death,89.0
1836,360040,Our Nation's Miner,Indie,Casual,RPG,Sci-fi,Space,
1837,360150,How To Survive Third Person,Survival,Zombies,Open World Survival Craft,Action,Third Person,56.0
1838,360170,How to Survive 2,Survival,Zombies,Multiplayer,Open World Survival Craft,Open World,69.0
1839,232090,Killing Floor 2,Zombies,Online Co-Op,FPS,Gore,Multiplayer,88.0
1840,360380,Tiny Bridge: Ratventure,Indie,Puzzle,Casual,Strategy,Adventure,64.0
1841,360450,Kiai Resonance,Indie,Action,Simulation,Martial Arts,Fighting,77.0
1842,360640,12 Labours of Hercules II: The Cretan Bull,Casual,Strategy,Time Management,Singleplayer,Mythology,90.0
1843,360830,Yooka-Laylee,3D Platformer,Collectathon,Adventure,Kickstarter,Indie,78.0
1844,360880,Nightfall: Escape,Indie,Gore,Violent,Adventure,Simulation,29.0
1845,360890,The Lost Valley,Indie,Walking Simulator,Adventure,Casual,Simulation,43.0
1846,336420,Bloodsports.TV,Action,Hack and Slash,Indie,MOBA,Post-apocalyptic,83.0
1847,360940,The Mean Greens - Plastic Warfare,Action,Multiplayer,Third-Person Shooter,Shooter,Funny,81.0
1848,361190,Sparkle 3 Genesis,Casual,Simulation,Indie,Action,Relaxing,60.0
1849,361280,Turmoil,Mining,Management,Strategy,Time Management,Resource Management,92.0
1850,361300,Mother Russia Bleeds,Beat 'em up,Gore,Violent,Action,Pixel Graphics,87.0
1851,361850,Portal of Evil: Stolen Runes Collector's Edition,Casual,Hidden Object,Adventure,Point & Click,Puzzle,91.0
1852,362090,Siralim,Creature Collector,Collectathon,Procedural Generation,Dungeon Crawler,RPG,85.0
1853,47780,Dead Space 2,Horror,Survival Horror,Third-Person Shooter,Shooter,Survival,94.0
1854,362680,Fran Bow,Psychological Horror,Story Rich,Point & Click,Puzzle,Horror,97.0
1855,344410,Magnetic: Cage Closed,Puzzle,Puzzle Platformer,Indie,Action,Adventure,67.0
1856,362890,Black Mesa,FPS,Remake,Action,Sci-fi,First-Person,95.0
1857,363240,Caveman Craig,Dinosaurs,Strategy,Indie,Survival,Comedy,85.0
1858,363330,Mind Snares: Alice's Journey,Hidden Object,Casual,Adventure,Puzzle,Point & Click,88.0
1859,363420,Leap of Fate,Action Roguelike,Action,Cyberpunk,Indie,Roguelike,88.0
1860,363440,Mega Man Legacy Collection,Platformer,Retro,Classic,Action,2D,87.0
1861,363460,Spermination,Action,Indie,Racing,Comedy,Simulation,87.0
1862,363490,Escape Machines,Early Access,Action,Indie,Strategy,Adventure,41.0
1863,363600,Holy Potatoes! A Weapon Shop?!,Management,Simulation,Indie,Casual,Crafting,71.0
1864,363610,Botology,Action,Indie,Third-Person Shooter,Futuristic,Shooter,39.0
1865,363930,Dead Age,RPG,Zombies,Strategy,Turn-Based Combat,Survival,83.0
1866,363940,Solar Shifter EX,Action,Indie,Shoot 'Em Up,Bullet Hell,,47.0
1867,363970,Clicker Heroes,Clicker,Idler,Casual,2D,Management,89.0
1868,311720,Sproggiwood,Turn-Based,Procedural Generation,Grid-Based Movement,Traditional Roguelike,Roguelike,79.0
1869,364230,Lucius Demake,Adventure,Indie,Gore,Retro,Pixel Graphics,94.0
1870,364480,Red Goblin: Cursed Forest,Indie,Casual,Retro,Platformer,Metroidvania,33.0
1871,329460,JumpJet Rex,Side Scroller,2D Platformer,Runner,Racing,Difficult,92.0
1872,365280,Alexia Crow,Adventure,Indie,Casual,Female Protagonist,Puzzle,
1873,365350,How to Take Off Your Mask,Visual Novel,Indie,Casual,Otome,Adventure,86.0
1874,352640,The Indie Mixtape,Indie,Adventure,RPG,Action,Pixel Graphics,80.0
1875,274270,NOT A HERO,Pixel Graphics,Action,Indie,Comedy,Adventure,86.0
1876,365720,Skyrim Script Extender (SKSE),Mod,RPG,Utilities,Game Development,Singleplayer,98.0
1877,365770,Volume,Stealth,Action,Cyberpunk,Heist,Indie,79.0
1878,365880,Mirrored - Chapter 1,Adventure,Indie,Point & Click,Mystery,Episodic,63.0
1879,366180,Disposable Heroes,Adventure,Indie,Casual,Action,,45.0
1880,366320,Seasons after Fall,Adventure,Indie,Platformer,Great Soundtrack,Atmospheric,80.0
1881,357070,UBERMOSH,Cyberpunk,Pixel Graphics,Action,Great Soundtrack,Indie,88.0
1882,366910,The Long Journey Home,Simulation,Strategy,RPG,Indie,Space,58.0
1883,364900,Red Bit Ninja,Metroidvania,Roguevania,2D Platformer,Difficult,Platformer,
1884,367300,Pixel Star,Indie,Action,Space,Arcade,Shoot 'Em Up,95.0
1885,367350,Demon Hearts,Action,Indie,Platformer,Female Protagonist,,77.0
1886,367450,Poly Bridge,Building,Simulation,Physics,Puzzle,Singleplayer,91.0
1887,367500,Dragon's Dogma: Dark Arisen,RPG,Open World,Character Customization,Fantasy,Action,88.0
1888,367670,Controller Companion,Utilities,Controller,Software,,,90.0
1889,367780,Aero's Quest,Action,Indie,Side Scroller,Platformer,Puzzle Platformer,94.0
1890,238370,Magicka 2,Magic,Co-op,Adventure,Multiplayer,Comedy,82.0
1891,368080,Aurion: Legacy of the Kori-Odan,Story Rich,Lore-Rich,Fantasy,Action RPG,2D,81.0
1892,104200,BEEP,Indie,Platformer,Adventure,2D,Singleplayer,84.0
1893,315430,Polarity,Puzzle,First-Person,Indie,Local Co-Op,Adventure,79.0
1894,368370,Her Story,Typing,Investigation,Choose Your Own Adventure,Interactive Fiction,Exploration,89.0
1895,368430,Through the Woods,Adventure,Indie,Horror,Mythology,Third Person,71.0
1896,368590,Albert and Otto: The Adventure Begins,Indie,Puzzle,Platformer,Dark,Singleplayer,62.0
1897,368700,Mysterious Space,Indie,Action,Action Roguelike,Shoot 'Em Up,Roguelite,78.0
1898,368740,Obliteracers,Racing,Indie,Local Multiplayer,Action,Multiplayer,64.0
1899,368970,Haywire on Fuel Station Zeta,Adventure,Indie,,,,
1900,247950,Sacred 3,Hack and Slash,Action,RPG,Arcade,Co-op,25.0
1901,369560,The Story Goes On,Action Roguelike,Action,Casual,Adventure,Arcade,72.0
1902,3810,BloodRayne,Action,Vampire,Female Protagonist,Third Person,Singleplayer,78.0
1903,1373510,BloodRayne: Terminal Cut,Action,Vampire,Female Protagonist,Hack and Slash,Third-Person Shooter,91.0
1904,3820,BloodRayne 2,Action,Vampire,Female Protagonist,Gore,Hack and Slash,70.0
1905,1373550,BloodRayne 2: Terminal Cut,Action,Female Protagonist,Character Action Game,Vampire,Third-Person Shooter,79.0
1906,3800,Advent Rising,Action,Sci-fi,Third-Person Shooter,Story Rich,Singleplayer,79.0
1907,369890,Riddled Corpses,Action,Indie,Pixel Graphics,Adventure,RPG,68.0
1908,369990,"Gremlins, Inc.",Board Game,Tabletop,Card Game,Strategy,Multiplayer,85.0
1909,329050,Devil May Cry 4 Special Edition,Action,Hack and Slash,Character Action Game,Great Soundtrack,Singleplayer,89.0
1910,370300,8-Bit Adventures 1: The Forgotten Journey Remastered Edition,RPG,Adventure,Indie,RPGMaker,Pixel Graphics,91.0
1911,370460,Arcana Heart 3 LOVE MAX!!!!!,Anime,Fighting,2D Fighter,Action,Local Multiplayer,82.0
1912,370480,Pixel Galaxy,Bullet Hell,Co-op,Shoot 'Em Up,Replay Value,Great Soundtrack,87.0
1913,370490,ASCII Attack,Action,Indie,Bullet Hell,Tanks,,80.0
1914,370510,Marble Mayhem: Fragile Ball,Casual,Indie,Puzzle,Difficult,2D,66.0
1915,370590,Gem Wars: Attack of the Jiblets,Action,Indie,Casual,Free to Play,Multiplayer,61.0
1916,370870,Dark Future: Blood Red States,Vehicular Combat,RTS,Turn-Based Tactics,Games Workshop,Automobile Sim,70.0
1917,370910,Kathy Rain,Point & Click,Adventure,Pixel Graphics,Female Protagonist,Mystery,93.0
1918,370940,Demons with Shotguns,Action,Indie,Local Co-Op,4 Player Local,Local Multiplayer,88.0
1919,371140,Aegis Defenders,Pixel Graphics,Tower Defense,Action,Indie,Strategy,77.0
1920,371180,Super 3-D Noah's Ark,FPS,Action,Family Friendly,Classic,Singleplayer,92.0
1921,371200,Halcyon 6: Starbase Commander (CLASSIC),Strategy,Space,Indie,Turn-Based Combat,Pixel Graphics,80.0
1922,651660,Halcyon 6: Lightspeed Edition,4X,Tactical RPG,Turn-Based,Exploration,Turn-Based Strategy,80.0
1923,371220,VERLIES II,Hack and Slash,Dungeon Crawler,Roguelite,Perma Death,Difficult,61.0
1924,371300,Knee Deep,Adventure,Mystery,Indie,Choices Matter,Female Protagonist,79.0
1925,371460,Gnumz: Masters of Defense,Action,Strategy,Adventure,RPG,Casual,73.0
1926,371510,Gunnheim,Action,Indie,Gore,Violent,Co-op,38.0
1927,371550,A Bastard's Tale,Indie,Adventure,Difficult,Action,Swordplay,83.0
1928,371570,Tap Heroes,Tactical RPG,Clicker,Idler,Auto Battler,Automation,67.0
1929,371670,Rolling Sun,Indie,Platformer,Adventure,Singleplayer,Casual,50.0
1930,371900,Pillar,Puzzle,Psychological,Experimental,Adventure,Indie,91.0
1931,372210,Spooky Cats,Casual,Action,Indie,Cats,Platformer,85.0
1932,226860,Galactic Civilizations III,Aliens,Sci-fi,4X,Turn-Based Strategy,Sandbox,76.0
1933,372360,Tales of Symphonia,JRPG,RPG,Anime,Story Rich,Fantasy,85.0
1934,371330,Two Digits,Casual,Indie,Puzzle,Minimalist,,75.0
1935,373240,Black Sails,Adventure,Point & Click,Horror,Female Protagonist,Pirates,66.0
1936,373480,1993 Space Machine,Gun Customization,Co-op,Shoot 'Em Up,Arcade,Side Scroller,78.0
1937,373610,Shoot 1UP,Side Scroller,Shoot 'Em Up,Bullet Hell,Shooter,Arcade,77.0
1938,373620,Explosionade,Action,Platformer,Shoot 'Em Up,Mechs,Arcade,85.0
1939,373770,LiEat,Anime,RPG,Cute,Indie,Pixel Graphics,96.0
1940,373930,Sudden Strike 4,Strategy,RTS,World War II,War,Multiplayer,78.0
1941,374030,Virginia,Adventure,Female Protagonist,Walking Simulator,Detective,Mystery,65.0
1942,374320,DARK SOULS™ III,Souls-like,Dark Fantasy,Difficult,RPG,Atmospheric,94.0
1943,374900,Agatha Christie - The ABC Murders,Adventure,Detective,Point & Click,Mystery,Puzzle,80.0
1944,375010,Energy Balance,Indie,Casual,Puzzle,,,74.0
1945,375040,Death Tractor,Casual,Action,Simulation,Indie,Horror,82.0
1946,375200,Sakura Fantasy Chapter 1,Nudity,Anime,Visual Novel,Mature,Female Protagonist,90.0
1947,375420,The Architect,Indie,Puzzle Platformer,Puzzle,,,
1948,375430,The Logomancer,Indie,Adventure,RPG,RPGMaker,,
1949,375460,16bit Trader,Simulation,Indie,Strategy,Casual,RPG,40.0
1950,375480,Chronicon,Loot,Action RPG,Hack and Slash,Dungeon Crawler,Pixel Graphics,94.0
1951,375510,New kind of adventure,Early Access,Indie,Adventure,RPG,Psychological Horror,42.0
1952,375680,Apartment 666,Action,Indie,Adventure,Horror,,44.0
1953,375790,Build 'n Bump,2D Platformer,Sandbox,PvP,Platformer,Arcade,76.0
1954,375950,Viridi,Free to Play,Relaxing,Simulation,Casual,Singleplayer,91.0
1955,369310,Monstro: Battle Tactics,Indie,Strategy,Casual,Free to Play,Puzzle,93.0
1956,376560,Big Fish Legend,Indie,Casual,Adventure,Platformer,Free to Play,78.0
1957,376570,WildStar,Free to Play,Massively Multiplayer,MMORPG,Open World,RPG,65.0
1958,376730,Monument,Arena Shooter,Boomer Shooter,FPS,Shooter,First-Person,75.0
1959,377310,The Tower Of Elements,Indie,Action,Casual,,,73.0
1960,377360,Western Press,Indie,Typing,Local Multiplayer,Western,Action,79.0
1961,377570,Space Drifters 2D,Indie,2D,Space,,,73.0
1962,377760,Fox & Flock,Casual,Indie,Puzzle,Horror,Board Game,85.0
1963,378080,Rack N Ruin,Action,Adventure,RPG,Indie,Villain Protagonist,77.0
1964,378270,Putrefaction,Action,FPS,Indie,Horror,Gore,71.0
1965,378810,Steamroll,Adventure,Indie,Steampunk,Puzzle,Puzzle Platformer,72.0
1966,379290,Sumo Revise,2D Fighter,Comedy,Stylized,Local Multiplayer,Action,50.0
1967,375850,Island Defense,Strategy,Indie,Tower Defense,Casual,Action,54.0
1968,379530,Fate Tectonics,Strategy,Indie,Simulation,Pixel Graphics,God Game,75.0
1969,380020,Three Heroes,Action,Fantasy,Funny,Hack and Slash,Indie,69.0
1970,380150,STASIS,Point & Click,Isometric,Horror,Sci-fi,Adventure,79.0
1971,380360,Tap Tap Infinity,Clicker,Free to Play,Casual,Indie,RPG,74.0
1972,381170,Lost in Paradise,Action,Adventure,Indie,Point & Click,Puzzle,50.0
1973,381210,Dead by Daylight,Horror,Survival Horror,Multiplayer,Online Co-Op,Co-op,80.0
1974,381220,Hydraulic Empire,Casual,Tower Defense,Strategy,Action,Indie,40.0
1975,380560,Spandex Force: Champion Rising,RPG,Casual,Match 3,Comedy,Superhero,71.0
1976,382490,Relic Hunters Zero: Remix,Looter Shooter,Twin Stick Shooter,Action,Top-Down Shooter,Action Roguelike,93.0
1977,383230,Dungeon Souls,RPG,Action Roguelike,Pixel Graphics,Dungeon Crawler,Indie,77.0
1978,383330,Star Chronicles: Delta Quadrant,Indie,Strategy,Roguelike,,,60.0
1979,383580,Flesh Eaters,Indie,Action,Adventure,RPG,Zombies,74.0
1980,383750,Funk of Titans,Casual,Action,Adventure,Platformer,Runner,71.0
1981,383840,Nimbatus - The Space Drone Constructor,Strategy,Singleplayer,Adventure,Sci-fi,Space Sim,80.0
1982,384000,Cross of the Dutchman,Action,Adventure,Indie,Atmospheric,Singleplayer,73.0
1983,384110,Pathologic Classic HD,Atmospheric,Story Rich,Survival,Psychological Horror,Cult Classic,88.0
1984,384150,TeraBlaster,Indie,Casual,Action,Retro,Shoot 'Em Up,69.0
1985,384190,ABZÛ,Relaxing,Atmospheric,Underwater,Exploration,Great Soundtrack,92.0
1986,384310,Dead In Bermuda,Survival,Strategy,Simulation,Indie,Adventure,71.0
1987,384500,Zombie Party,Action,Action Roguelike,Indie,Adventure,RPG,78.0
1988,384630,Aviary Attorney,Visual Novel,Indie,Adventure,Detective,Mystery,94.0
1989,384680,MechaNika,Adventure,Indie,Point & Click,Female Protagonist,Dark Humor,90.0
1990,367580,Hook,Casual,Puzzle,Relaxing,Minimalist,Abstract,97.0
1991,385070,Atonement: Scourge of Time,Indie,RPG,Adventure,RPGMaker,Dark Fantasy,73.0
1992,385080,Guardians of Victoria,Casual,Indie,Fantasy,Steampunk,Adventure,30.0
1993,385360,Super Trench Attack 2,Indie,Strategy,Female Protagonist,Pixel Graphics,Anime,58.0
1994,385560,Shadow Complex Remastered,Action,Metroidvania,Platformer,Side Scroller,2.5D,83.0
1995,352220,King of Dragon Pass,Strategy,RPG,Fantasy,Adventure,Story Rich,79.0
1996,385710,INK,Platformer,Indie,Action,Colorful,Adventure,87.0
1997,385830,Burgers,Indie,Action,Adventure,RPG,Shooter,57.0
1998,385860,Tachyon Project,Indie,Action,Twin Stick Shooter,Shoot 'Em Up,Arcade,78.0
1999,386050,Proto Raider,Indie,Action,Platformer,Puzzle Platformer,,79.0
2000,386140,After The End: The Harvest,Space,Post-apocalyptic,Choose Your Own Adventure,JRPG,Hack and Slash,74.0
2001,386160,Vampire of the Sands,Action,Action Roguelike,Roguelite,Pixel Graphics,,70.0
2002,386280,Vendetta - Curse of Raven's Cry,Action,Indie,RPG,Pirates,Open World,46.0
2003,386360,SMITE,Free to Play,MOBA,Multiplayer,Action,Third Person,78.0
2004,386620,"Cook, Serve, Delicious! 2!!",Typing,Casual,Management,Difficult,Arcade,90.0
2005,386700,The Oil Blue,Simulation,Strategy,Indie,Management,GameMaker,70.0
2006,290340,Armello,Board Game,PvP,Turn-Based Strategy,Card Game,Turn-Based,82.0
2007,387060,Earth Overclocked,Action Roguelike,Adventure,Indie,Action,Roguelite,83.0
2008,387240,Steel Rain,Shoot 'Em Up,Action,Indie,Side Scroller,RPG,86.0
2009,387340,Hyperdimension Neptunia U: Action Unleashed,Anime,Female Protagonist,Hack and Slash,Action,JRPG,91.0
2010,387840,Alpha Runner,Indie,Casual,Adventure,Platformer,Runner,85.0
2011,387860,the static speaks my name,Free to Play,Psychological Horror,Indie,Horror,Dark,81.0
2012,388050,Snik,Casual,Indie,Puzzle,,,54.0
2013,295790,Never Alone (Kisima Ingitchuna),Indie,Platformer,Local Co-Op,Atmospheric,Female Protagonist,81.0
2014,388410,Darksiders II Deathinitive Edition,Action,Hack and Slash,Adventure,RPG,Open World,78.0
2015,388420,In Between,2D,Indie,Puzzle Platformer,Atmospheric,Platformer,85.0
2016,388080,Borderless Gaming,Utilities,Software,2D,3D,,84.0
2017,388660,Project Tarvotan,Strategy,Indie,Simulation,Space,Turn-Based Strategy,57.0
2018,388750,BlazBlue: Chronophantasma Extend,Anime,Fighting,2D Fighter,Action,Great Soundtrack,92.0
2019,388880,Oxenfree,Story Rich,Choices Matter,Atmospheric,Supernatural,Female Protagonist,91.0
2020,389140,Horizon Chase Turbo,Racing,Arcade,Casual,Indie,Retro,94.0
2021,389160,Shadow Ninja: Apocalypse,Ninja,Roguelike,Parkour,Hack and Slash,Action,57.0
2022,313020,Soul Gambler,Visual Novel,Adventure,Indie,RPG,Choices Matter,87.0
2023,364050,Face It - A game to fight inner demons,Indie,Adventure,Action,Puzzle,3D Platformer,58.0
2024,388160,Project Druid - 2D Labyrinth Explorer-,Casual,Indie,RPGMaker,,,30.0
2025,301860,Submerged,Exploration,Relaxing,Female Protagonist,Walking Simulator,Family Friendly,75.0
2026,390290,Bulb Boy,Adventure,Indie,Point & Click,Horror,Dark,90.0
2027,234140,Mad Max,Open World,Vehicular Combat,Post-apocalyptic,Action,Driving,91.0
2028,390570,Three Digits,Indie,Casual,Puzzle,Minimalist,,50.0
2029,390720,Anarcute,Cute,Action,Indie,Destruction,Great Soundtrack,92.0
2030,390870,Circuit Breakers,Bullet Hell,Shoot 'Em Up,Top-Down Shooter,Twin Stick Shooter,Shooter,75.0
2031,390880,Redemption: Eternal Quest,Casual,RPG,Indie,Strategy,Management,59.0
2032,391070,Stellar 2D,Indie,Casual,Action,2D,Shoot 'Em Up,41.0
2033,391120,The Archetype,Adventure,Psychological Horror,Story Rich,Atmospheric,,56.0
2034,391140,Blast-off,Action,Indie,Arcade,Shoot 'Em Up,Futuristic,87.0
2035,391160,The Deletion,Precision Platformer,Side Scroller,Puzzle Platformer,2D Platformer,Runner,76.0
2036,391170,Void Invaders,Indie,Action,Great Soundtrack,Shoot 'Em Up,Arcade,87.0
2037,391520,Labyrinth Simulator,Early Access,Simulation,Indie,Illuminati,Memes,25.0
2038,391540,Undertale,Great Soundtrack,Story Rich,Choices Matter,Multiple Endings,Pixel Graphics,96.0
2039,391600,King Lucas,Indie,Action,Adventure,Platformer,2D,62.0
2040,391660,Incitement 3,Indie,RPG,Adventure,RPGMaker,Sci-fi,71.0
2041,391420,Gun Rocket,Indie,Casual,Adventure,Shoot 'Em Up,Difficult,72.0
2042,391960,Super Mega Bob,Indie,Action,Adventure,,,
2043,393190,TSIOQUE,Adventure,Point & Click,Indie,Puzzle,Story Rich,95.0
2044,393420,Hurtworld,Survival,FPS,Open World,Multiplayer,Open World Survival Craft,76.0
2045,393430,Ice Lakes,Fishing,Sports,Simulation,Indie,Multiplayer,86.0
2046,393460,Crazy Pixel Streaker,Sports,Action,Indie,Beat 'em up,Multiplayer,60.0
2047,393520,Iconoclasts,Indie,Pixel Graphics,Metroidvania,Action,Female Protagonist,87.0
2048,393530,Insanity Clicker,Free to Play,Clicker,Horror,Casual,RPG,67.0
2049,393610,ROOT,Action,Indie,Stealth,FPS,Shooter,78.0
2050,393950,Get Over Here,Action,Indie,,,,81.0
2051,394280,Dark Heritage: Guardians of Hope,Casual,Adventure,Hidden Object,Point & Click,Puzzle,57.0
2052,394540,Spaceport Hope,Indie,Action,Adventure,Platformer,Pixel Graphics,77.0
2053,394680,Mountain Crime: Requital,Casual,Adventure,Hidden Object,Point & Click,Singleplayer,82.0
2054,394690,Tower Unite,Multiplayer,Casual,Mini Golf,Character Customization,Massively Multiplayer,89.0
2055,394760,Dead Effect 2,Action,Zombies,FPS,Co-op,Horror,72.0
2056,395140,Miracle Fly,Action,Indie,Platformer,Anime,Female Protagonist,85.0
2057,395570,We Are The Dwarves,Indie,Adventure,Action,Singleplayer,Dwarf,74.0
2058,395860,The Last Dream: Developer's Edition,Adventure,Hidden Object,Casual,Indie,Point & Click,76.0
2059,396160,Secret Of Magia,RPGMaker,Anime,RPG,Indie,Adventure,51.0
2060,396350,Bleed 2,Action,Indie,Shoot 'Em Up,Bullet Hell,Arcade,96.0
2061,396360,LocoSoccer Classic,Sports,Indie,Strategy,2D,Arcade,63.0
2062,396750,EVERSPACE™,Space,Action Roguelike,Action,Indie,Sci-fi,78.0
2063,352720,The Universim,City Builder,God Game,Colony Sim,Sandbox,Building,80.0
2064,396790,Dracula's Legacy,Casual,Hidden Object,Indie,Point & Click,Vampire,78.0
2065,396800,12 Labours of Hercules IV: Mother Nature,Casual,Strategy,Indie,Time Management,Singleplayer,90.0
2066,397340,SimplePlanes,Flight,Sandbox,Automation,Physics,Building,93.0
2067,397570,Shmadow,Indie,Action,Bullet Hell,Twin Stick Shooter,Shoot 'Em Up,78.0
2068,397770,Age of Invention,Casual,Time Management,Singleplayer,Resource Management,Strategy,59.0
2069,391260,Labyronia RPG,RPG,RPGMaker,Adventure,Anime,Action,73.0
2070,397500,Labyronia RPG 2,RPGMaker,RPG,Anime,Adventure,Indie,76.0
2071,407230,Legend of Mysteria,Anime,RPG,RPGMaker,Indie,Adventure,69.0
2072,331600,ONE PIECE PIRATE WARRIORS 3,Anime,Action,Pirates,Adventure,Hack and Slash,80.0
2073,398850,Epistory - Typing Chronicles,Typing,Adventure,Narrative,Exploration,Story Rich,94.0
2074,398970,Fasaria World Online,Massively Multiplayer,Indie,Strategy,RPG,Adventure,41.0
2075,399070,Dragon's Wake,Dragons,Adventure,Indie,Action,Platformer,89.0
2076,399130,Massive Cleavage vs Zombies: Awesome Edition,Gore,Action,Indie,Casual,Violent,55.0
2077,399430,Tinboy,Side Scroller,Trading Card Game,Precision Platformer,Puzzle Platformer,2D Platformer,66.0
2078,399040,Legends of Solitaire: Curse of the Dragons,Casual,Indie,Card Game,Solitaire,,87.0
2079,399670,Game Corp DX,Management,Simulation,Economy,Indie,2D,87.0
2080,399810,Call of Cthulhu,Lovecraftian,Horror,Psychological Horror,Adventure,Detective,79.0
2081,399920,Blowy Fish,Action,Casual,,,,72.0
2082,400080,Out of Space,Casual,Strategy,Indie,Multiplayer,Co-op,79.0
2083,400170,The Incredible Adventures of Van Helsing: Final Cut,RPG,Hack and Slash,Adventure,Action RPG,Action,76.0
2084,400180,Okhlos: Omega,Action Roguelike,Action,Indie,Comedy,Mythology,79.0
2085,306670,Overlord: Fellowship of Evil,Action,Adventure,Villain Protagonist,Dark Fantasy,RPG,21.0
2086,400250,Heaven Island - VR MMO,Walking Simulator,Adventure,Indie,Massively Multiplayer,VR,52.0
2087,400450,NeuroVoider,Indie,Action,Action Roguelike,RPG,Local Co-Op,78.0
2088,400510,FINAL TAKE,Indie,Adventure,Horror,First-Person,,56.0
2089,401190,Dinosaur Hunt,Dinosaurs,Action,Indie,Adventure,Multiplayer,67.0
2090,401680,POSTAL Redux,Online Co-Op,Multiplayer,Singleplayer,Gore,Violent,92.0
2091,264300,Guns'N'Zombies,Action,Zombies,RPG,Adventure,Co-op,68.0
2092,387870,Mold on Pizza 🍕,Strategy,Indie,Casual,Action,Cute,80.0
2093,401810,Poi,3D Platformer,Collectathon,Indie,Platformer,Family Friendly,93.0
2094,402020,The Park,Horror,Psychological Horror,Walking Simulator,First-Person,Singleplayer,69.0
2095,402210,Airport Madness: Time Machine,Adventure,Simulation,Strategy,,,80.0
2096,402310,Overfall,RPG,Turn-Based Combat,Indie,Strategy,Roguelike,76.0
2097,402330,Press X to Not Die,Comedy,FMV,Quick-Time Events,Action,Nudity,90.0
2098,402530,The Last Door: Season 2 - Collector's Edition,Adventure,Point & Click,Lovecraftian,Pixel Graphics,Horror,95.0
2099,402840,Crusaders of the Lost Idols,Free to Play,Clicker,Casual,Indie,Funny,82.0
2100,393380,Squad,Military,Realistic,FPS,Multiplayer,Tactical,83.0
2101,403120,THE GAME OF LIFE ,Board Game,Multiplayer,Tabletop,Casual,Family Friendly,74.0
2102,403180,Draw a Stickman: EPIC 2,Adventure,Indie,Casual,Puzzle,Hand-drawn,87.0
2103,369360,Car Washer: Summer of the Ninja,Indie,Action,Casual,,,
2104,403560,Eaten Alive,Indie,Zombies,Pixel Graphics,RPGMaker,Female Protagonist,39.0
2105,403900,Clergy Splode,Indie,Action,Arcade,,,51.0
2106,403940,Dungelot : Shattered Lands,RPG,Indie,Action,Dungeon Crawler,Action Roguelike,70.0
2107,404540,Nex Machina,Twin Stick Shooter,Bullet Hell,Action,Arcade,Great Soundtrack,89.0
2108,404590,Vikings - Wolves of Midgard,RPG,Hack and Slash,Action,Mythology,Action RPG,59.0
2109,404700,Curvatron,Casual,Indie,Difficult,Arcade,Free to Play,82.0
2110,405010,Bitardia,Action-Adventure,Story Rich,Memes,Atmospheric,Adventure,88.0
2111,405590,Stone Tales,Indie,Adventure,Platformer,,,92.0
2112,405610,Flight of the Paladin,Action,Indie,Adventure,Casual,Shoot 'Em Up,53.0
2113,351970,Tales of Zestiria,JRPG,Anime,RPG,Fantasy,Story Rich,81.0
2114,405900,Disgaea PC,Strategy RPG,JRPG,Anime,Turn-Based,RPG,87.0
2115,406720,Alekhine's Gun,Stealth,Action,Adventure,Cold War,Third Person,64.0
2116,406850,Crush Your Enemies,Strategy,Indie,Action,RTS,Comedy,82.0
2117,407150,Trap Them - Sniper Edition,Action,Adventure,Strategy,Indie,Casual,53.0
2118,407290,There Was a Caveman,Dinosaurs,Difficult,Short,Colorful,Precision Platformer,68.0
2119,407560,Killing Room,Action,FPS,Indie,RPG,Roguelike,71.0
2120,407780,Lethe - Episode One,Adventure,Indie,Action,Horror,Atmospheric,87.0
2121,407810,Hard Reset Redux,Action,FPS,Adventure,Cyberpunk,Shooter,82.0
2122,407840,Guardians of Orion (Phase 2),Action,Dinosaurs,Multiplayer,Co-op,Indie,53.0
2123,407880,Mad Nords: Probably an Epic Quest,RPG,Indie,Adventure,2D,Pixel Graphics,91.0
2124,408110,Planet R-12,Indie,Action,Adventure,Strategy,,84.0
2125,408410,X-Morph: Defense,Tower Defense,Strategy,Action,Indie,Co-op,91.0
2126,409070,Fist Slash: Of Ultimate Fury,Indie,Action,Pixel Graphics,Retro,Platformer,75.0
2127,409100,The Purring Quest,Cats,Indie,Cute,Platformer,Singleplayer,82.0
2128,409380,Among the Heavens,Casual,Simulation,Time Management,Match 3,Singleplayer,87.0
2129,410210,Ampersand,Racing,Indie,Singleplayer,Futuristic,,34.0
2130,410320,EARTH DEFENSE FORCE 4.1  The Shadow of New Despair,Action,Third-Person Shooter,Co-op,Online Co-Op,Aliens,95.0
2131,410430,Morphine,Indie,Adventure,Horror,Psychological Horror,Drama,72.0
2132,410670,Suits: A Business RPG,RPG,Dark Comedy,Stylized,Turn-Based Combat,Hand-drawn,89.0
2133,410710,System Shock: Enhanced Edition,Immersive Sim,Cyberpunk,Classic,RPG,Sci-fi,91.0
2134,410820,Starward Rogue,Action Roguelike,Bullet Hell,Shoot 'Em Up,Twin Stick Shooter,Dungeon Crawler,89.0
2135,410900,Forts,Base Building,Physics,Multiplayer,Strategy,Destruction,92.0
2136,411120,Galaxy Admirals,Strategy,Turn-Based Strategy,Space,Turn-Based,2D,79.0
2137,411300,ELEX,RPG,Open World,Singleplayer,Post-apocalyptic,Sci-fi,72.0
2138,411370,MELTY BLOOD Actress Again Current Code,Anime,2D Fighter,Fighting,Action,Great Soundtrack,93.0
2139,411760,Swordbreaker The Game,Adventure,Indie,Interactive Fiction,Visual Novel,Choices Matter,82.0
2140,412170,City of Chains,Indie,RPG,Adventure,RPGMaker,Strategy,77.0
2141,412290,The Dreamlord,Adventure,Casual,Indie,,,53.0
2142,412600,Lup,Indie,Action,Platformer,,,53.0
2143,412880,Drift Streets Japan,Racing,Automobile Sim,Simulation,Driving,Multiplayer,64.0
2144,409730,Death by Game Show,Strategy,Action,Indie,Comedy,Replay Value,66.0
2145,399790,Destiny Warriors,Anime,RPGMaker,RPG,Adventure,Indie,51.0
2146,414700,Outlast 2,Horror,Psychological Horror,Survival Horror,First-Person,Gore,91.0
2147,415030,One More Dungeon,RPG,Action Roguelike,Dungeon Crawler,Indie,Action,78.0
2148,415150,Pang Adventures,Action,Arcade,Strategy,Retro,Casual,85.0
2149,415300,Monster Monpiece,Strategy,Card Battler,Deckbuilding,Anime,Hentai,70.0
2150,415350,Shooting Stars!,Action,Indie,Shoot 'Em Up,Memes,Pixel Graphics,84.0
2151,415420,Nyan Cat: Lost In Space,Memes,Cats,Platformer,Adventure,Action-Adventure,93.0
2152,415480,Hyperdevotion Noire: Goddess Black Heart,Anime,RPG,Strategy,JRPG,Female Protagonist,80.0
2153,415830,Gnomes Garden,Casual,Strategy,Time Management,Resource Management,Fantasy,87.0
2154,415960,Energy Cycle,Casual,Indie,Puzzle,,,73.0
2155,416080,God Game : The Odyssey,Indie,Simulation,Strategy,Action,Adventure,63.0
2156,416130,Written in the Sky,Nudity,Visual Novel,Anime,Sexual Content,Free to Play,77.0
2157,416200,Door To Door,Adventure,Indie,Casual,Detective,Noir,58.0
2158,416290,Bleeding Border,Choose Your Own Adventure,FPS,3D Platformer,Point & Click,Walking Simulator,50.0
2159,416370,Showing Tonight: Mindhunters Incident,Casual,Adventure,Hidden Object,Movie,Point & Click,60.0
2160,416600,Full Metal Furies,Action,Co-op,Indie,RPG,Beat 'em up,91.0
2161,416680,Zombie Night Terror,Zombies,Strategy,Pixel Graphics,Indie,Action,93.0
2162,307670,Hard West,Western,Strategy,Turn-Based Strategy,RPG,Turn-Based Combat,75.0
2163,311210,Call of Duty: Black Ops III,Multiplayer,Zombies,FPS,Shooter,Action,87.0
2164,417430,Moto Racer  4,Racing,Multiplayer,Sports,Action,Offroad,58.0
2165,418000,Demented,Indie,Casual,Horror,Stealth,Early Access,77.0
2166,418040,hocus,Indie,Casual,Puzzle,Minimalist,Singleplayer,91.0
2167,418070,Turbo Pug,Indie,Pixel Graphics,Casual,2D,Difficult,92.0
2168,418160,Garden Rescue: Christmas Edition,Strategy,Casual,Tower Defense,,,79.0
2169,418180,Tempest,Pirates,Action,Naval,RPG,Action RPG,70.0
2170,418240,Shadow Tactics: Blades of the Shogun,Stealth,Strategy,Tactical,Ninja,Real Time Tactics,96.0
2171,418120,Cally's Caves 3,Female Protagonist,Indie,Action,Adventure,RPG,83.0
2172,418360,Gurgamoth,Action,Indie,Local Multiplayer,Competitive,Fighting,82.0
2173,418430,Survive Me Miolhr,Strategy,RPG,Sandbox,Creature Collector,Anime,
2174,418300,Wick,Horror,Indie,Adventure,Action,Survival Horror,88.0
2175,418950,DreadOut: Keepers of The Dark,Adventure,Indie,Horror,Survival Horror,Female Protagonist,81.0
2176,420060,Candle,Indie,Adventure,Hand-drawn,Puzzle,Puzzle Platformer,78.0
2177,420270,Into the Void,Strategy,Adventure,Space,RPG,Indie,45.0
2178,208650,Batman™: Arkham Knight,Action,Open World,Superhero,Stealth,Third Person,91.0
2179,420520,Lost Technology,Anime,Simulation,Indie,Strategy,Wargame,87.0
2180,420770,The Legend of Dark Witch,Action,Indie,Adventure,Pixel Graphics,Female Protagonist,76.0
2181,420970,RoBoRumble,Strategy,Indie,1990's,Classic,,80.0
2182,421050,Deponia Doomsday,Adventure,Point & Click,Comedy,Singleplayer,Story Rich,84.0
2183,421060,Age of Steel: Recharge,Strategy,Action,Indie,Casual,Tower Defense,64.0
2184,421740,Goetia,Indie,Adventure,Point & Click,Puzzle,Female Protagonist,77.0
2185,421880,Plastiland,Casual,Indie,Adventure,Puzzle,Singleplayer,58.0
2186,422250,ShipLord,Indie,Casual,Action,Adventure,Bullet Hell,46.0
2187,422810,River City Ransom: Underground,Action,Beat 'em up,Retro,Indie,RPG,76.0
2188,423230,Furi,Hack and Slash,Bullet Hell,Difficult,Shoot 'Em Up,Beat 'em up,91.0
2189,423580,Project Highrise,Simulation,Management,Building,Strategy,Singleplayer,85.0
2190,423590,The Little Acre,Colorful,Fantasy,Adventure,Narration,2D,85.0
2191,423620,Hero Defense,Tower Defense,Indie,Strategy,Action,RPG,66.0
2192,423710,Invasion: Brain Craving,Indie,RPG,Adventure,Strategy,Action,44.0
2193,423760,Hit Tank PRO,Casual,Action,Indie,Strategy,Adventure,36.0
2194,423870,Astervoid 2000,Indie,Action,Casual,4 Player Local,Arcade,
2195,424000,Project Pulsation,Action,Adventure,FPS,Horror,,53.0
2196,424370,Wolcen: Lords of Mayhem,Action RPG,Hack and Slash,Singleplayer,Isometric,RPG,55.0
2197,424830,Bell Ringer,Action,Indie,Free to Play,Platformer,Fighting,23.0
2198,424840,Little Nightmares,Horror,Atmospheric,Adventure,Singleplayer,Dark,94.0
2199,376300,GUILTY GEAR Xrd -SIGN-,Fighting,Anime,2D Fighter,Great Soundtrack,Action,91.0
2200,304240,Resident Evil,Survival Horror,Zombies,Horror,Classic,Remake,91.0
2201,339340,Resident Evil 0,Horror,Zombies,Survival Horror,Adventure,Classic,82.0
2202,391220,Rise of the Tomb Raider,Adventure,Action,Female Protagonist,Singleplayer,Third Person,94.0
2203,427190,Dead Rising,Zombies,Action,Adventure,Singleplayer,Open World,88.0
2204,270880,American Truck Simulator,Automobile Sim,Driving,Open World,Transportation,Simulation,97.0
2205,268500,XCOM 2,Strategy,Turn-Based,Turn-Based Strategy,Tactical,Turn-Based Tactics,84.0
2206,427490,Shadowhand,CRPG,Visual Novel,Character Customization,Historical,Card Battler,81.0
2207,427820,Hitman GO: Definitive Edition,Strategy,Puzzle,Turn-Based,Singleplayer,Stealth,85.0
2208,428100,Beyond Reality,RPGMaker,RPG,Casual,Adventure,Indie,77.0
2209,428110,Save Halloween: City of Witches,Adventure,Casual,Match 3,,,78.0
2210,359550,Tom Clancy's Rainbow Six Siege,FPS,PvP,eSports,Multiplayer,Shooter,85.0
2211,428510,Solitaire Christmas. Match 2 Cards,Indie,Casual,Adventure,Card Game,Solitaire,75.0
2212,428530,Machine Gun Train Run,Action,Indie,Shooter,,,92.0
2213,428550,Momodora: Reverie Under the Moonlight,Metroidvania,2D Platformer,Side Scroller,Exploration,Pixel Graphics,93.0
2214,428750,Neon Chrome,Cyberpunk,Twin Stick Shooter,Action Roguelike,Action,Top-Down Shooter,93.0
2215,428430,Endorlight,Indie,Adventure,Casual,Platformer,Roguelike,56.0
2216,428950,"Kivi, Toilet and Shotgun",Indie,Action,Casual,Adventure,Pixel Graphics,50.0
2217,429060,Zombie Wars: Invasion,Strategy,Indie,Casual,Tower Defense,Zombies,60.0
2218,239140,Dying Light,Zombies,Survival Horror,Horror,Online Co-Op,Open World,95.0
2219,429280,Gems of the Aztecs,Casual,Match 3,Puzzle,Adventure,Singleplayer,78.0
2220,429300,Sepia Tears,Visual Novel,Romance,Emotional,Anime,Snow,88.0
2221,429330,Stikbold!,Action,Sports,Indie,Funny,Colorful,89.0
2222,428900,"Linea, the Game",Indie,Casual,Minimalist,Difficult,Action,86.0
2223,429350,Satellite Rush,Action,Indie,Top-Down Shooter,Shoot 'Em Up,,94.0
2224,429790,AdventureQuest 3D,MMORPG,Exploration,Hack and Slash,Parkour,PvE,81.0
2225,429950,ABO MANDO,Action,Indie,Adventure,Platformer,Pixel Graphics,65.0
2226,430020,Dance of Death,Hidden Object,Adventure,Puzzle,Horror,Casual,59.0
2227,431250,Mushroom Wars,Strategy,Action,Indie,RTS,Multiplayer,78.0
2228,431650,Phoning Home,Adventure,Action,Indie,Survival,Open World Survival Craft,68.0
2229,431750,Iron Sea Defenders,Casual,Action,Tower Defense,Adventure,RPG,82.0
2230,431840,3DRPG,RPG,Procedural Generation,Roguelike,Voxel,Crafting,66.0
2231,394310,Punch Club,Management,Pixel Graphics,Time Management,Boxing,Beat 'em up,82.0
2232,431940,Wildfire,Stealth,Puzzle Platformer,Immersive Sim,Pixel Graphics,Action,86.0
2233,432010,World's Dawn,Farming Sim,Life Sim,Casual,Relaxing,Dating Sim,80.0
2234,432190,Chef Solitaire: USA,Casual,Indie,Card Game,Solitaire,,90.0
2235,432470,Magdalena,Indie,Adventure,Walking Simulator,Historical,Horror,39.0
2236,432950,Orange Moon,Action,Indie,Adventure,RPG,Gore,63.0
2237,432990,Green Game: TimeSwapper,Indie,Action,Platformer,,,89.0
2238,433100,The Town of Light,Exploration,Psychological,Female Protagonist,Horror,Psychological Horror,79.0
2239,433550,DARQ,Horror,Dark,Adventure,Puzzle,Singleplayer,94.0
2240,244070,Sid Meier's Ace Patrol,Strategy,Casual,Turn-Based,Turn-Based Strategy,World War I,71.0
2241,244090,Sid Meier's Ace Patrol: Pacific Skies,Strategy,Casual,Turn-Based,Turn-Based Strategy,World War II,69.0
2242,282210,Sid Meier's Starships,Strategy,Space,Turn-Based Strategy,Sci-fi,Tactical,49.0
2243,65980,Sid Meier's Civilization: Beyond Earth,Strategy,Turn-Based Strategy,Sci-fi,Space,4X,60.0
2244,433850,Z1 Battle Royale,Survival,Massively Multiplayer,Multiplayer,Open World,Battle Royale,55.0
2245,434170,The Jackbox Party Pack 3,Trivia,Local Multiplayer,Multiplayer,Funny,Casual,96.0
2246,434250,Masked Shooters 2,Action,Indie,FPS,Shooter,Multiplayer,75.0
2247,434300,Wormhole City,Adventure,Action,Indie,Sci-fi,Mechs,38.0
2248,434420,The Chosen RPG,Anime,Mature,RPG,Nudity,RPGMaker,71.0
2249,434460,Rock of Ages 2,Strategy,Action,Comedy,Racing,Indie,89.0
2250,434570,Blood and Bacon,Gore,Funny,Multiplayer,Shooter,Action,95.0
2251,434650,Lost Castle,4 Player Local,Action Roguelike,Beat 'em up,Side Scroller,Dungeon Crawler,87.0
2252,434660,Octahedron: Transfixed Edition,Great Soundtrack,Platformer,Indie,Precision Platformer,Rhythm,94.0
2253,435100,2Dark,Indie,Horror,Stealth,Survival Horror,Strategy,81.0
2254,290790,Grey Goo,Strategy,RTS,Sci-fi,Multiplayer,Aliens,69.0
2255,435400,Hidden Folks,Hidden Object,Casual,Hand-drawn,Indie,Puzzle,97.0
2256,433530,Heliborne Collection,Military,Flight,Multiplayer,Co-op,Experimental,76.0
2257,435530,The Final Station,Pixel Graphics,Post-apocalyptic,Survival,Indie,2D,87.0
2258,436290,Children of Zodiarcs,Strategy,RPG,Indie,Card Battler,Deckbuilding,69.0
2259,436500,Diaries of a Spaceport Janitor,Indie,Adventure,Casual,Simulation,Pixel Graphics,79.0
2260,587520,Dungeons of Sundaria,Dungeon Crawler,Hack and Slash,RPG,PvE,Action,73.0
2261,437390,HoPiKo,Indie,Casual,Action,Platformer,Great Soundtrack,85.0
2262,437530,A Blind Legend,Adventure,Action,Indie,,,80.0
2263,416110,Blitz Breaker,Indie,Action,Platformer,Difficult,Pixel Graphics,88.0
2264,437630,State of Mind,Sci-fi,Story Rich,Adventure,Futuristic,Singleplayer,77.0
2265,437920,Tricky Towers,Party Game,Puzzle,Multiplayer,Physics,Casual,90.0
2266,438010,PulseCharge,Indie,Platformer,Action,2D,Puzzle,50.0
2267,438020,AI: Rampage,Indie,Strategy,Action,Top-Down,,41.0
2268,438030,Dead6hot,Action,Casual,2D,Pixel Graphics,Platformer,48.0
2269,438080,Surfingers,Casual,Indie,Action,Platformer,2D,84.0
2270,438180,Super Mustache,Indie,Adventure,Platformer,Action,Casual,75.0
2271,438270,Learn Japanese To Survive - Hiragana Battle,Education,RPG,Indie,Adventure,RPGMaker,92.0
2272,438490,GOD EATER 2 Rage Burst,Anime,Action,Character Customization,RPG,Hunting,80.0
2273,460870,GOD EATER RESURRECTION,,,,,,
2274,384490,Necropolis,Souls-like,Action Roguelike,Co-op,Adventure,Roguelike,63.0
2275,439910,Risky Rescue,Casual,Action,Indie,Multiplayer,,81.0
2276,364360,Total War: WARHAMMER,Strategy,Fantasy,RTS,War,Turn-Based Strategy,78.0
2277,440420,True Fear: Forsaken Souls Part 1,Hidden Object,Adventure,Horror,Psychological Horror,Story Rich,92.0
2278,440550,RunGunJumpGun,Indie,Action,Pixel Graphics,Platformer,Difficult,86.0
2279,440650,Niche - a genetics survival game,Puzzle,Adventure,Turn-Based Strategy,Turn-Based,Nature,88.0
2280,440730,Survival Zombies The Inverted Evolution,Action,Adventure,Indie,Zombies,Simulation,57.0
2281,431230,Tiny Guardians,Indie,Strategy,Adventure,Tower Defense,Cute,88.0
2282,442780,STRAFE: Gold Edition,Roguelite,Action,Shooter,FPS,First-Person,74.0
2283,443460,Star Sky 2,Casual,Adventure,Indie,Simulation,Walking Simulator,75.0
2284,230270,N++,Precision Platformer,2D Platformer,Local Co-Op,Local Multiplayer,Action,95.0
2285,443570,DreamBreak,Adventure,Action,Indie,Pixel Graphics,Cyberpunk,54.0
2286,443810,This Is the Police,Strategy,Management,Story Rich,Crime,Choices Matter,83.0
2287,429430,Tyrfing Cycle |Vanilla|,Action,Indie,Early Access,Adventure,Female Protagonist,
2288,444480,Broken Dreams,Indie,Casual,Platformer,,,70.0
2289,444640,Bloons TD Battles,Free to Play,Tower Defense,Multiplayer,Strategy,Competitive,90.0
2290,444940,UBERMOSH:BLACK,Action,Indie,Arcade,Fast-Paced,Bullet Hell,84.0
2291,445190,Expeditions: Viking,RPG,Turn-Based,Vikings,Strategy,Character Customization,83.0
2292,515570,UBERMOSH Vol.3,Action,Indie,Arcade,Fast-Paced,Pixel Graphics,89.0
2293,586350,UBERMOSH:WRAITH,Action,Indie,Arcade,Fast-Paced,Pixel Graphics,91.0
2294,640380,UBERMOSH Vol.5,Indie,Action,Arcade,Fast-Paced,Retro,93.0
2295,445980,Wizard of Legend,Action Roguelike,Pixel Graphics,Roguelike,Dungeon Crawler,Action,91.0
2296,446120,Bunker Punks,Action Roguelike,Action,Indie,FPS,Pixel Graphics,73.0
2297,446910,Night Blights,Indie,Horror,,,,97.0
2298,447290,Redeemer,Action,Beat 'em up,Top-Down,Gore,Violent,86.0
2299,447890,Cat on a Diet,Cats,Casual,Indie,Action,Puzzle,82.0
2300,447950,Bad Caterpillar,Casual,Indie,Action,Shoot 'Em Up,Arcade,94.0
2301,448000,Sparkle ZERO,Indie,Simulation,Action,Casual,,49.0
2302,448090,Virtual Rogue,Action,Indie,Arcade,Shooter,Roguelike,65.0
2303,448150,Mystica: The Ninth Society,Massively Multiplayer,Indie,RPG,Early Access,,58.0
2304,448510,Overcooked,Local Co-Op,Multiplayer,Local Multiplayer,Co-op,Casual,90.0
2305,448620,Rebirth of Island,Indie,Strategy,Adventure,RPG,Survival,41.0
2306,448630,Rabiez: Epidemic,Indie,Strategy,Sci-fi,Top-Down,,47.0
2307,448640,Elements II: Hearts of Light,Early Access,Indie,RPG,RPGMaker,,59.0
2308,448780,Sixtieth Kilometer,Visual Novel,Indie,Adventure,Casual,Post-apocalyptic,78.0
2309,448830,ASMR Universe,Utilities,Relaxing,Atmospheric,Indie,Casual,67.0
2310,448850,Overload,Action,6DOF,FPS,Sci-fi,VR,94.0
2311,448910,Axes and Acres,Indie,Strategy,Turn-Based,Procedural Generation,Turn-Based Strategy,86.0
2312,449060,Cellar,Arcade,Action-Adventure,Female Protagonist,2D,Top-Down,80.0
2313,449170,Gnomes Garden 2,Strategy,Casual,Adventure,Time Management,Fantasy,91.0
2314,449200,Calcu-Late,Indie,Adventure,RPG,RPGMaker,Puzzle,59.0
2315,449210,Verdict Guilty - 유죄 평결,Casual,Action,2D Fighter,Indie,Fighting,86.0
2316,449530,Grand Pigeon's Duty,Choose Your Own Adventure,Side Scroller,Hero Shooter,Third-Person Shooter,Top-Down Shooter,75.0
2317,450500,Ace of Seafood,Underwater,Memes,Spectacle fighter,Funny,Comedy,90.0
2318,275850,No Man's Sky,Open World,Open World Survival Craft,Space,Exploration,Sci-fi,79.0
2319,451880,Catch a Falling Star,Casual,Indie,Relaxing,,,79.0
2320,451920,Thorne - Death Merchants,RPGMaker,Action,RPG,Indie,Adventure,78.0
2321,241760,Kill to Collect,Action Roguelike,Twin Stick Shooter,Roguelite,PvP,Difficult,68.0
2322,452060,Caveblazers,Action Roguelike,Pixel Graphics,Platformer,Roguelite,Roguelike,86.0
2323,452320,Party Saboteurs,Strategy,Indie,Local Multiplayer,Pixel Graphics,4 Player Local,72.0
2324,452510,UNDER NIGHT IN-BIRTH Exe:Late,Anime,2D Fighter,Fighting,Action,Great Soundtrack,91.0
2325,452570,Battle Chef Brigade,Action,RPG,Indie,Adventure,Cooking,96.0
2326,452860,Mad Bullets,Action,Western,Arcade,On-Rails Shooter,Shooter,93.0
2327,453100,Frederic: Resurrection of Music Director's Cut,Indie,Action,Casual,Great Soundtrack,Music,82.0
2328,453670,The Lost Souls,Indie,Horror,First-Person,Gothic,Story Rich,40.0
2329,453820,Hero Quest: Tower Conflict,Casual,Indie,Strategy,Action,,32.0
2330,454060,Blueprint Tycoon,Management,Simulation,Colony Sim,Casual,Indie,81.0
2331,454100,Dungeon Escape,Precision Platformer,Retro,Difficult,Action,Platformer,80.0
2332,454200,Neon Hardcorps,Indie,Action,Top-Down,Pixel Graphics,,56.0
2333,454870,Magic Quest,Strategy,Casual,Tower Defense,Action,Indie,57.0
2334,454890,Project Starship,Indie,Action,Casual,Bullet Hell,Shoot 'Em Up,82.0
2335,455820,Omensight,Action,Indie,Adventure,RPG,Fantasy,88.0
2336,368390,The Darkside Detective,Point & Click,Detective,Pixel Graphics,Adventure,Story Rich,94.0
2337,456810,Zombillie,Indie,Casual,Action,Puzzle,Zombies,75.0
2338,457210,SEUM: Speedrunners from Hell,3D Platformer,Parkour,Precision Platformer,First-Person,Platformer,95.0
2339,457680,OPUS: The Day We Found Earth,Story Rich,Atmospheric,Visual Novel,Singleplayer,Puzzle,86.0
2340,457760,The Signal From Tölva,Open World,Robots,FPS,Action,Sci-fi,70.0
2341,457820,Outrage,Indie,RPG,Adventure,RPGMaker,Cyberpunk,60.0
2342,457570,Camp Sunshine,Indie,Adventure,Action,Casual,Horror,91.0
2343,459350,BATTLESLOTHS 2025: The Great Pizza Wars,Action,Indie,4 Player Local,Pixel Graphics,Multiplayer,85.0
2344,459820,Crush Crush,Sexual Content,Nudity,Free to Play,Hentai,Dating Sim,89.0
2345,460120,Megadimension Neptunia VII,Anime,JRPG,Female Protagonist,Cute,RPG,94.0
2346,460190,Rocket Riot,Casual,Action,Indie,Arcade,Pixel Graphics,81.0
2347,460950,Katana ZERO,Pixel Graphics,Action,Great Soundtrack,Story Rich,Platformer,98.0
2348,461010,Roll'd,Casual,Action,Indie,Racing,Multiplayer,78.0
2349,461640,Sins Of The Demon RPG,Anime,RPG,RPGMaker,Adventure,Sexual Content,84.0
2350,461710,Tales Across Time,RPG,Adventure,Indie,RPGMaker,Pixel Graphics,96.0
2351,461730,Blaite,Indie,Action,Casual,Adventure,Platformer,80.0
2352,461760,Reptilian Rebellion,Casual,Action,Indie,,,52.0
2353,462680,BalanCity,Physics,City Builder,Puzzle,Casual,Simulation,84.0
2354,462730,Townopolis,Casual,Simulation,Indie,Time Management,Strategy,72.0
2355,462770,Pyre,Indie,RPG,Great Soundtrack,Story Rich,Action,90.0
2356,271240,Offworld Trading Company,Replay Value,Atmospheric,3D,PvP,Sci-fi,76.0
2357,463100,Liveza: Death of the Earth,Adventure,Indie,Platformer,,,67.0
2358,463210,State of Anarchy,Indie,Action,Casual,Shoot 'Em Up,Top-Down Shooter,85.0
2359,463220,Dungeon of Zolthan,Indie,Action,Adventure,Platformer,Metroidvania,79.0
2360,384250,Super Rude Bear Resurrection,Indie,Action,Precision Platformer,Difficult,Platformer,89.0
2361,463350,Storm of Spears,Anime,RPGMaker,RPG,Mature,Female Protagonist,71.0
2362,463670,Runeyana,Action,Adventure,RPG,Casual,Female Protagonist,48.0
2363,464060,RUINER,Cyberpunk,Action,Top-Down Shooter,Great Soundtrack,Indie,89.0
2364,464100,Codex of Victory,Strategy,Indie,Turn-Based,Sci-fi,Base Building,69.0
2365,463870,Deathwave,Indie,Action,Early Access,FPS,,55.0
2366,465020,Sector Six,Looter Shooter,Character Customization,Building,Story Rich,Procedural Generation,94.0
2367,465200,Fury Unleashed,Replay Value,Roguelike,Fast-Paced,Difficult,Online Co-Op,88.0
2368,465280,Yesterday Origins,Adventure,Point & Click,Violent,Singleplayer,Mystery,82.0
2369,466130,White Day: A Labyrinth Named School,Horror,Adventure,Sexual Content,Action,Nudity,81.0
2370,466270,Half-Life: A Place in the West,Indie,Comic Book,Violent,Sexual Content,Story Rich,88.0
2371,466300,Planescape: Torment: Enhanced Edition,RPG,Story Rich,CRPG,Isometric,Choices Matter,94.0
2372,466500,35MM,FPS,Survival Horror,Walking Simulator,Hidden Object,Shooter,71.0
2373,466560,Northgard,Strategy,City Builder,Simulation,RTS,Base Building,87.0
2374,466630,The Pedestrian,Puzzle,Puzzle Platformer,Logic,Side Scroller,Platformer,96.0
2375,466840,Super Space Pug,Side Scroller,Bullet Hell,FPS,Shoot 'Em Up,Sports,57.0
2376,467000,Insincere,Indie,Action,FPS,Shooter,Sci-fi,47.0
2377,447120,Where the Water Tastes Like Wine,Adventure,Indie,Story Rich,Great Soundtrack,Interactive Fiction,77.0
2378,467320,God of Word,Indie,Casual,Typing,Word Game,Action,75.0
2379,467330,Just a Cleric,RPG,Indie,Action,Pixel Graphics,Difficult,80.0
2380,379720,DOOM,FPS,Gore,Action,Shooter,Demons,95.0
2381,467950,Survive in Space,Action,Indie,Casual,RPG,Adventure,68.0
2382,324060,Planet Ancyra Chronicles,,,,,,
2383,468570,De-Void,Adventure,Indie,Walking Simulator,Sci-fi,Story Rich,55.0
2384,425220,ONE PIECE BURNING BLOOD,Anime,Action,Fighting,Multiplayer,Pirates,81.0
2385,469730,Super Mega Neo Pug,Casual,Indie,Pixel Graphics,Action,Difficult,89.0
2386,469890,Space Codex,Casual,Retro,Shoot 'Em Up,Bullet Hell,Arcade,87.0
2387,470260,Event[0],Adventure,Sci-fi,Atmospheric,Space,Indie,79.0
2388,470270,Tribal Pass,Adventure,Indie,Action,Pixel Graphics,Runner,74.0
2389,470780,She Remembered Caterpillars,Puzzle,Indie,Hand-drawn,Isometric,Cute,96.0
2390,572410,Steel Division: Normandy 44,World War II,Strategy,RTS,Military,Simulation,74.0
2391,471010,Seven: Enhanced Edition,Action RPG,Stealth,Cyberpunk,Isometric,Open World,77.0
2392,471550,Nine Parchments,Action RPG,Twin Stick Shooter,4 Player Local,Magic,Isometric,77.0
2393,472680,Elisa: The Innkeeper - Prequel,Free to Play,Visual Novel,Anime,Female Protagonist,Fantasy,78.0
2394,473470,Purgatory,Strategy,Indie,Adventure,RPG,Action,63.0
2395,473530,Slime-san,Platformer,Precision Platformer,2D Platformer,Difficult,Funny,88.0
2396,473560,Cosmic Dust & Rust,Casual,Strategy,Tower Defense,Indie,Pixel Graphics,59.0
2397,473670,The Dolls,Indie,Simulation,Horror,,,49.0
2398,473690,Absolver,Fighting,Martial Arts,Action,Multiplayer,PvP,73.0
2399,474210,BUTCHER,Action,Gore,Indie,Pixel Graphics,2D,89.0
2400,274500,Brigador: Up-Armored Edition,Twin Stick Shooter,Action,Top-Down Shooter,Mechs,Difficult,94.0
2401,474910,The Mahjong Huntress,Strategy,Adventure,Indie,Mahjong,Puzzle,61.0
2402,474960,Quantum Break,Action,Story Rich,Time Manipulation,Sci-fi,Singleplayer,86.0
2403,475190,Scanner Sombre,Exploration,Walking Simulator,Horror,Atmospheric,Indie,91.0
2404,475550,Beholder,Dystopian,Choices Matter,Political Sim,Strategy,Singleplayer,91.0
2405,476240,KNIGHTS,Puzzle,Immersive Sim,Tabletop,Strategy,2D,93.0
2406,223100,Homefront: The Revolution,Action,FPS,Open World,Shooter,Multiplayer,63.0
2407,394360,Hearts of Iron IV,Strategy,World War II,Grand Strategy,War,Historical,91.0
2408,383150,Dead Island Definitive Edition,Zombies,Open World,Multiplayer,Co-op,Survival,82.0
2409,383180,Dead Island Riptide Definitive Edition,Zombies,Co-op,Multiplayer,Open World,Gore,76.0
2410,381120,Shoppe Keep,Simulation,RPG,Indie,Management,Adventure,68.0
2411,390340,Umbrella Corps,Action,Zombies,Multiplayer,Shooter,Third-Person Shooter,37.0
2412,480480,Slash or Die,Souls-like,Hack and Slash,Roguelite,Rhythm,Perma Death,85.0
2413,338390,The Technomancer,RPG,Action,Sci-fi,Open World,Singleplayer,68.0
2414,382050,Eon Altar,RPG,Adventure,Action,Local Co-Op,4 Player Local,87.0
2415,485330,Star Drifter,Indie,Action,Casual,Shoot 'Em Up,,50.0
2416,485360,Disgraced,Choose Your Own Adventure,Character Customization,Open World,RPG,Exploration,83.0
2417,485510,Nioh: Complete Edition,Souls-like,Action,RPG,Difficult,Hack and Slash,78.0
2418,485730,Shift,Indie,Strategy,Puzzle,Anime,Singleplayer,79.0
2419,486120,Escape The Past,Casual,Adventure,Point & Click,,,72.0
2420,486150,Radical Spectrum: Volume 1,Action,Arcade,,,,47.0
2421,486310,Meadow,Cute,Massively Multiplayer,Open World,Relaxing,Adventure,90.0
2422,486540,Townsmen,Simulation,Strategy,Casual,City Builder,Medieval,73.0
2423,938380,Townsmen - A Kingdom Rebuilt,Strategy,Simulation,Casual,Colony Sim,City Builder,79.0
2424,487000,Quest Hunter,Character Customization,Isometric,Cartoon,Exploration,Party-Based RPG,81.0
2425,487220,Freebie,Casual,Indie,Arcade,2D,Singleplayer,74.0
2426,487350,Pirate Pop Plus,Casual,Action,Indie,Arcade,Retro,88.0
2427,355800,Space Run Galaxy,Strategy,Indie,Tower Defense,Space,Sci-fi,68.0
2428,489140,Mr Shifty,Action,Indie,Adventure,Top-Down,Beat 'em up,88.0
2429,327030,Worms W.M.D,Strategy,Multiplayer,Action,Turn-Based Strategy,Funny,86.0
2430,489520,Minion Masters,PvE,Trading Card Game,Stylized,Turn-Based Tactics,Free to Play,89.0
2431,489610,Chicken Assassin: Reloaded,Clicker,Casual,Singleplayer,2D,Funny,94.0
2432,489630,"Warhammer 40,000: Gladius - Relics of War",Strategy,Warhammer 40K,4X,Turn-Based Strategy,Hex Grid,82.0
2433,489940,BATTALION: Legacy,FPS,Arena Shooter,PvP,Competitive,Shooter,59.0
2434,361230,Super Daryl Deluxe,Action,Indie,RPG,Hand-drawn,2D,90.0
2435,490820,Fly O'Clock,Indie,Casual,Action,Pixel Graphics,,87.0
2436,490870,Weird Hero,Action,Indie,Platformer,Comedy,Shooter,73.0
2437,490980,Daily Chthonicle: Editor's Edition,Simulation,Indie,Adventure,RPG,Casual,73.0
2438,491040,Bot Vice,Top-Down Shooter,Bullet Hell,Shoot 'Em Up,Pixel Graphics,Difficult,93.0
2439,491260,Take Thy Throne,Adventure,Action,Casual,Indie,Strategy,62.0
2440,403640,Dishonored 2,Stealth,First-Person,Action,Assassin,Singleplayer,89.0
2441,491720,Nary,Side Scroller,Action Roguelike,Precision Platformer,2D Platformer,Runner,88.0
2442,492170,Planet Driller,Casual,Action,Adventure,Indie,Strategy,52.0
2443,492290,Has-Been Heroes,Action Roguelike,Strategy,RPG,Indie,Action,79.0
2444,492430,Alteric,Indie,Adventure,Platformer,Minimalist,2D,67.0
2445,493200,RiME,Adventure,Puzzle,Exploration,Atmospheric,Great Soundtrack,90.0
2446,493370,Ragnarok Clicker,Free to Play,Clicker,Casual,RPG,Simulation,72.0
2447,493540,Figment,Adventure,Indie,Action,Puzzle,Hand-drawn,87.0
2448,493650,Deep Space Dash,Action,Indie,Casual,Space,Sci-fi,42.0
2449,493700,Monster Puzzle,Indie,Action,Casual,Puzzle,,92.0
2450,493710,Laraan,Action,Adventure,Indie,Exploration,,65.0
2451,484900,Aven Colony,City Builder,Colony Sim,Strategy,Simulation,Sci-fi,72.0
2452,494600,EARTH'S DAWN,Action,Indie,Side Scroller,2D,Beat 'em up,73.0
2453,495050,Mega Man Legacy Collection 2,Action,Platformer,Classic,Retro,Great Soundtrack,85.0
2454,495280,Disgaea 2 PC,RPG,Strategy RPG,JRPG,Anime,Turn-Based Tactics,90.0
2455,496320,Running Gods,Casual,Indie,Action,Adventure,,
2456,496390,Shiny,Action,Indie,Space,Platformer,Sci-fi,72.0
2457,496400,Renoir,Adventure,Indie,Noir,Platformer,Puzzle,52.0
2458,496620,Monster Slayers,Roguelike Deckbuilder,Card Battler,Card Game,RPG,Roguelite,80.0
2459,496690,Adventures On The Polluted Islands,Indie,Adventure,Casual,,,69.0
2460,496810,MegaTagmension Blanc + Neptune VS Zombies,Anime,Action,Hack and Slash,Female Protagonist,Cute,88.0
2461,496890,Replica,Indie,Pixel Graphics,Puzzle,Hacking,Adventure,86.0
2462,497050,ShapeShifter,Indie,Casual,,,,66.0
2463,497400,1 Moment Of Time: Silentville,Adventure,Hidden Object,Indie,Point & Click,Puzzle,77.0
2464,497700,Safety First!,Indie,Casual,Simulation,Sports,Puzzle,86.0
2465,498620,The Shadowland,Metroidvania,Puzzle Platformer,2D Platformer,Souls-like,Difficult,59.0
2466,499420,Star Fields,Casual,Indie,Arcade,,,77.0
2467,499440,klocki,Puzzle,Relaxing,Casual,Minimalist,Singleplayer,96.0
2468,499520,The Turing Test,Puzzle,Sci-fi,First-Person,Female Protagonist,Space,87.0
2469,499660,Medieval Kingdom Wars,Grand Strategy,RTS,Medieval,Base Building,City Builder,77.0
2470,499890,Aaero,Indie,Action,Music,Rhythm,Great Soundtrack,92.0
2471,500670,Tormentor❌Punisher,Action,Indie,Violent,Twin Stick Shooter,Gore,92.0
2472,500940,Get The Gems,Old School,Casual,Retro,2D,Puzzle,89.0
2473,501300,What Remains of Edith Finch,Story Rich,Atmospheric,Walking Simulator,First-Person,Exploration,95.0
2474,501320,The Shrouded Isle,Political Sim,2D,Management,Horror,Turn-Based Strategy,71.0
2475,502140,Drayt Empire,Indie,RPG,RPGMaker,,,53.0
2476,502200,Orczz,Casual,Tower Defense,Survival,Strategy,2D,70.0
2477,502740,50 years,Strategy,Indie,Turn-Based Strategy,Turn-Based,Casual,90.0
2478,503480,Mahluk:Dark demon,Action,Adventure,Indie,RPG,Casual,67.0
2479,503560,911 Operator,Simulation,Strategy,Management,Singleplayer,Indie,89.0
2480,505730,Holy Potatoes! We’re in Space?!,Adventure,Indie,Simulation,Turn-Based Combat,Space,70.0
2481,391720,Layers of Fear (2016),Horror,Psychological Horror,Atmospheric,Walking Simulator,First-Person,90.0
2482,369070,Slain: Back from Hell,Action,Pixel Graphics,Gore,Platformer,Indie,71.0
2483,506870,Unexplored,Action Roguelike,Roguelite,RPG,Indie,Adventure,89.0
2484,507120,The Superfluous,Action,Indie,Adventure,Platformer,2D,72.0
2485,508170,BlackSmith HIT,Casual,Action,Indie,Multiplayer,,81.0
2486,402570,Atlas Reactor,Free to Play,Multiplayer,Strategy,Turn-Based Tactics,Turn-Based,83.0
2487,508180,Fly and Destroy,Casual,Action,Indie,Strategy,Adventure,64.0
2488,508290,$1 Ride,Casual,Action,Indie,Arcade,,68.0
2489,508530,HackyZack,Indie,Sports,Action,Platformer,Puzzle Platformer,100.0
2490,503620,Fictorum,Action Roguelike,Magic,Destruction,Third-Person Shooter,Choose Your Own Adventure,78.0
2491,508900,Zup! X,Puzzle,Casual,Indie,Fast-Paced,2D,96.0
2492,509110,Spikit,Indie,Casual,Bullet Hell,Difficult,,84.0
2493,509220,Save Jesus,Memes,Illuminati,Casual,Cold War,Anime,91.0
2494,509570,In Celebration of Violence,Action Roguelike,Roguelite,Pixel Graphics,Souls-like,Procedural Generation,88.0
2495,509600,BattleTime,Strategy,Action,Adventure,Indie,Tower Defense,77.0
2496,489660,Fabric,First-Person,Puzzle,Indie,Puzzle Platformer,Great Soundtrack,82.0
2497,511160,Cubway,Indie,Action,Adventure,Arcade,,61.0
2498,511740,Gal*Gun: Double Peace,On-Rails Shooter,Anime,Dating Sim,FPS,Cute,86.0
2499,512020,Box Maze,Indie,Casual,Action,Adventure,Strategy,74.0
2500,512250,Oh...Sir! The Insult Simulator,Comedy,Indie,Simulation,Funny,Multiplayer,91.0
2501,496300,Kingdom: New Lands,Tower Defense,Survival,Minimalist,Base Building,Exploration,86.0
2502,512640,Final Quest,Indie,RPG,RPGMaker,,,70.0
2503,512900,Streets of Rogue,Roguelite,Pixel Graphics,Action Roguelike,Multiplayer,RPG,96.0
2504,513290,Lucius III,Adventure,Gore,Violent,Villain Protagonist,Indie,53.0
2505,513330,Party Hard Tycoon,Simulation,Strategy,Indie,Early Access,Management,48.0
2506,513510,Intralism,Music,Rhythm,Indie,Level Editor,Difficult,86.0
2507,513590,So Many Cubes,Early Access,Casual,Strategy,Action,,42.0
2508,513740,Joana's Life,Indie,Adventure,Horror,First-Person,Psychological Horror,44.0
2509,514580,Cooking Witch,Side Scroller,Flight,Arcade,Female Protagonist,Villain Protagonist,90.0
2510,514920,Crash Wheels,Racing,Indie,Destruction,Arcade,Singleplayer,86.0
2511,514970,Drive Megapolis,Simulation,Racing,Indie,Casual,,29.0
2512,515470,Hyper color ball,Indie,Casual,Simulation,,,53.0
2513,515690,Warriors of Vilvatikta,RPG,Indie,Adventure,RPGMaker,,65.0
2514,517710,Redout: Enhanced Edition,Racing,Flight,Driving,Sports,Space,85.0
2515,518060,Chess Ultra,Strategy,Chess,Indie,Board Game,Tabletop,76.0
2516,518620,Ballistick,Action,Indie,Stealth,Side Scroller,Tactical,60.0
2517,518730,Zombo Buster Rising,Action,Indie,2D,Tower Defense,Zombies,91.0
2518,360430,Mafia III: Definitive Edition,Crime,Open World,Action,Story Rich,Singleplayer,57.0
2519,289070,Sid Meier's Civilization VI,Strategy,Turn-Based Strategy,Multiplayer,Historical,Singleplayer,86.0
2520,520440,GUILTY GEAR Xrd REV 2,Fighting,Anime,2D Fighter,Great Soundtrack,Action,94.0
2521,520520,It Comes Around - A Kinetic Novel,Indie,Casual,Visual Novel,Simulation,RPG,33.0
2522,312660,Sniper Elite 4,Sniper,Action,Multiplayer,Shooter,War,91.0
2523,521100,MinosMaze - The Minotaur's Labyrinth,Action,Adventure,Indie,Puzzle,Great Soundtrack,55.0
2524,521230,Stone Age Wars,Strategy,Action,Indie,Violent,,81.0
2525,521590,Subterra,RPG,Anime,RPGMaker,Action,Adventure,69.0
2526,521630,Toadled,Action,Indie,Casual,Clicker,Cute,82.0
2527,521890,Hello Neighbor,Horror,Sandbox,Stealth,First-Person,Story Rich,85.0
2528,521920,Death's Hangover,Action,Indie,Casual,Arcade,Pixel Graphics,88.0
2529,522240,Pool Panic,Sports,Action,Adventure,Funny,Puzzle,81.0
2530,523780,Emily is Away Too,Indie,Simulation,Choices Matter,Dating Sim,Casual,94.0
2531,366640,Shiness: The Lightning Kingdom,RPG,Adventure,Action,Indie,Anime,67.0
2532,292030,The Witcher 3: Wild Hunt,Open World,RPG,Story Rich,Atmospheric,Mature,96.0
2533,524580,Fairy Fencer F Advent Dark Force,Anime,JRPG,RPG,Adventure,Turn-Based Combat,85.0
2534,525480,.hack//G.U. Last Recode,RPG,JRPG,Anime,Singleplayer,Story Rich,87.0
2535,525510,"Guns, Gore and Cannoli 2",Action,Side Scroller,Co-op,Gore,2D,94.0
2536,526160,The Wild Eight,Survival,Open World Survival Craft,Multiplayer,Open World,Mystery,71.0
2537,526540,8infinity,Action,Casual,Indie,Rhythm,,75.0
2538,527230,For The King,RPG,Online Co-Op,Strategy,Open World,Roguelike,87.0
2539,527380,Captain Kaon,Action,Indie,2D,Space,Shooter,90.0
2540,527470,Donuts'n'Justice,Action,Indie,Pixel Graphics,1980s,Local Co-Op,79.0
2541,527710,Crown Champion: Legends of the Arena,RPG,Adventure,Indie,RPGMaker,Crime,83.0
2542,483420,Adam Wolfe,Adventure,Casual,Hidden Object,Puzzle,Mystery,91.0
2543,527770,Russian SuperHero Dead Ivan,Indie,Casual,,,,58.0
2544,527990,Gladiator Trainer,RPG,RPGMaker,Indie,Action,Adventure,74.0
2545,528300,Soulless: Ray Of Hope,Side Scroller,Sokoban,Precision Platformer,2D Platformer,Puzzle Platformer,71.0
2546,528510,Turbo Pug 3D,Casual,Indie,Cute,Singleplayer,Platformer,77.0
2547,529660,Mages of Mystralia,Adventure,Action,Indie,Magic,Female Protagonist,86.0
2548,530020,World to the West,Indie,Adventure,Action,Action-Adventure,RPG,79.0
2549,530320,Wandersong,Music,Adventure,Comedy,Indie,Emotional,96.0
2550,530950,Tower 57,Action,Indie,Pixel Graphics,Top-Down Shooter,Dystopian,64.0
2551,307780,Mortal Kombat X,Fighting,Gore,Action,Violent,Multiplayer,87.0
2552,531960,Bloody Walls,Free to Play,Action,Pixel Graphics,Indie,Zombies,78.0
2553,532660,Exteria,Indie,Action,,,,41.0
2554,533300,Zup!,Puzzle,Casual,Indie,Fast-Paced,2D,94.0
2555,533330,Shut Eye,Action,Adventure,Indie,Casual,Horror,62.0
2556,533820,Atonement 2: Ruptured by Despair,RPG,RPGMaker,,,,80.0
2557,534010,Defense of Egypt: Cleopatra Mission,Casual,Strategy,Indie,Tower Defense,War,69.0
2558,534290,Cursed Castilla (Maldita Castilla EX),Indie,2D Platformer,Retro,Action,Platformer,93.0
2559,534370,Pure Farming 2018,Farming Sim,Simulation,Open World,Agriculture,Management,71.0
2560,397950,Clustertruck,Parkour,Automobile Sim,Action,First-Person,3D Platformer,93.0
2561,437570,GoNNER,Roguelite,Indie,Action Roguelike,Platformer,Shooter,84.0
2562,537340,Guts and Glory,Action,Casual,Racing,Indie,Gore,82.0
2563,115800,Owlboy,Pixel Graphics,Adventure,Indie,Metroidvania,Platformer,86.0
2564,537700,Octave,Indie,Adventure,Horror,Point & Click,,77.0
2565,538840,City Climber,Difficult,Psychological Horror,Physics,Singleplayer,Funny,77.0
2566,540020,Final Quest II,Indie,RPG,RPGMaker,,,53.0
2567,540840,Lara Croft GO,Puzzle,Adventure,Female Protagonist,Turn-Based,Singleplayer,94.0
2568,541230,Alien Shooter TD,Tower Defense,Strategy,Gore,Action,Blood,84.0
2569,542050,Forgotton Anne,Story Rich,Atmospheric,Female Protagonist,Hand-drawn,Steampunk,90.0
2570,542260,The Herbalist,Anime,Visual Novel,Nudity,Singleplayer,Relaxing,94.0
2571,542400,Pixel Gladiator,Action,Indie,Pixel Graphics,Tower Defense,2D,81.0
2572,543460,Dead Rising 4,Zombies,Open World,Action,Multiplayer,Co-op,58.0
2573,544730,Catan Universe,Board Game,Casual,Strategy,Multiplayer,Card Game,48.0
2574,544750,SOULCALIBUR VI,Fighting,Action,Character Customization,Multiplayer,Fantasy,82.0
2575,545040,Feather,Exploration,Flight,Sandbox,Nature,Third Person,85.0
2576,545690,VOI,Casual,Indie,Puzzle,Simulation,Singleplayer,94.0
2577,545700,The Land of Dasthir,Adventure,Indie,RPG,RPGMaker,,
2578,546090,Trip to Vinelands,Indie,Action,Arcade,Fast-Paced,Pixel Graphics,90.0
2579,546200,Gnomes Garden 3: The thief of castles,Casual,Strategy,Time Management,Puzzle,2D,89.0
2580,529760,TAIKU MANSION,Adventure,Action,Point & Click,Puzzle,Horror,55.0
2581,546610,Acro Storm,Indie,Early Access,Racing,Sports,,
2582,546900,Fear Effect Sedna,Action,Strategy,Indie,Puzzle,Isometric,45.0
2583,546930,Machine Hunt,Action,Indie,FPS,Shooter,,50.0
2584,546980,Midnight Carnival,Early Access,Casual,Visual Novel,,,47.0
2585,546990,Town of Night,RPG,Adventure,Indie,Anime,Dungeon Crawler,61.0
2586,547340,LoveKami -Divinity Stage-,Anime,Visual Novel,Dating Sim,Sexual Content,Nudity,82.0
2587,547680,Guild Quest,Free to Play,Strategy,Casual,Simulation,Early Access,66.0
2588,549260,Alwa's Awakening,Metroidvania,Indie,Adventure,Pixel Graphics,Platformer,80.0
2589,549900,Leviathan Starblade,Action,Shoot 'Em Up,,,,80.0
2590,550420,Stargazer Christmas,Indie,Casual,Adventure,RPG,RPGMaker,79.0
2591,550580,Sticker Craft,Casual,Indie,,,,73.0
2592,551080,Rescue your chickens,Action,Indie,Psychological Horror,World War II,Nudity,80.0
2593,337340,Finding Paradise,Story Rich,Emotional,Pixel Graphics,Adventure,RPG,98.0
2594,552390,Druid,Metroidvania,2.5D,Exploration,Silent Protagonist,2D,76.0
2595,552410,Project Abyss,Action,Adventure,Indie,Simulation,RPG,57.0
2596,552590,The Sexy Brutale,Puzzle,Adventure,Mystery,Indie,Time Manipulation,92.0
2597,553260,Realpolitiks,Strategy,Diplomacy,Political Sim,Politics,Grand Strategy,61.0
2598,553310,Lethal League Blaze,Action,Indie,2D Fighter,Great Soundtrack,Sports,97.0
2599,292730,Call of Duty: Infinite Warfare,Action,FPS,Multiplayer,Zombies,Futuristic,61.0
2600,393080,Call of Duty: Modern Warfare Remastered (2017),FPS,Singleplayer,Multiplayer,Action,Shooter,52.0
2601,393100,Call of Duty: Modern Warfare Remastered - Multiplayer,,,,,,
2602,553640,ICEY,Action,Female Protagonist,Hack and Slash,Anime,Side Scroller,90.0
2603,553960,Husk,Horror,Indie,Atmospheric,Psychological,Walking Simulator,62.0
2604,554600,Learn Japanese To Survive! Katakana War,RPG,Indie,Education,Adventure,Strategy,93.0
2605,555150,The First Tree,Atmospheric,Adventure,Walking Simulator,Indie,Exploration,77.0
2606,555210,Trick and Treat - Visual Novel,Free to Play,Visual Novel,Anime,Horror,Sexual Content,89.0
2607,555220,Detention,Horror,Indie,Psychological Horror,Atmospheric,Puzzle,95.0
2608,555260,The Butterfly Sign: Human Error,Adventure,Indie,Action,,,51.0
2609,556160,PHAT STACKS,Casual,Indie,Action,Puzzle,,75.0
2610,526920,SQUAKE,Racing,Action,Indie,Casual,Sports,64.0
2611,556240,Disoriented,Puzzle,Indie,First-Person,Minimalist,Abstract,81.0
2612,556280,Neon Prism,Casual,Action,Indie,Puzzle,,72.0
2613,556770,Star Phoenix,Early Access,Action,Gore,RPG,Indie,
2614,557190,BuildMoreCubes,Casual,Strategy,Action,Adventure,Indie,73.0
2615,557680,Germ Wars,Action,Casual,Indie,Arcade,Great Soundtrack,69.0
2616,557970,Teria,Adventure,Indie,Action,Sci-fi,Shooter,65.0
2617,558260,Gravel,Racing,Sports,Automobile Sim,Offroad,Driving,76.0
2618,558420,Stories Untold,Adventure,Text-Based,Horror,Indie,Atmospheric,87.0
2619,560720,Dark Angels: Masquerade of Shadows,Casual,Adventure,Hidden Object,Point & Click,Singleplayer,85.0
2620,560730,The Esoterica: Hollow Earth,Adventure,Casual,Hidden Object,Point & Click,Singleplayer,65.0
2621,560750,World Keepers: Last Resort,Casual,Adventure,Hidden Object,Point & Click,Singleplayer,69.0
2622,560760,Sacra Terra: Kiss of Death Collector’s Edition,Adventure,Casual,Hidden Object,Point & Click,Addictive,47.0
2623,561770,Just Ignore Them,Pixel Graphics,Horror,Adventure,Indie,Gore,78.0
2624,402560,Tabletopia,Sandbox,Tabletop,Free to Play,Game Development,Board Game,63.0
2625,562160,The Inner Darkness,Time Manipulation,Puzzle,Puzzle Platformer,Dark,Short,71.0
2626,562220,Zup! 2,Puzzle,Casual,Indie,2D,Fast-Paced,95.0
2627,562240,The Spirit Underneath,Indie,Adventure,Violent,Horror,,37.0
2628,562570,Access Denied,Indie,Casual,Puzzle,Singleplayer,Futuristic,79.0
2629,562640,Introvert Quest,Mystery,Adventure,Anime,JRPG,Indie,77.0
2630,562730,MechDefender,Trading Card Game,Turn-Based Tactics,Wargame,Tower Defense,Real Time Tactics,76.0
2631,563120,Desolate Wastes: Vendor Chronicles,Casual,Action,Indie,Strategy,Simulation,65.0
2632,563560,Alien Swarm: Reactive Drop,Twin Stick Shooter,PvE,Top-Down Shooter,Co-op,Third-Person Shooter,94.0
2633,563840,Lost Ember,Atmospheric,Exploration,Singleplayer,Relaxing,Story Rich,88.0
2634,429660,Tales of Berseria,Anime,JRPG,RPG,Female Protagonist,Story Rich,91.0
2635,564710,Soda Dungeon,Free to Play,RPG,Pixel Graphics,Casual,2D,94.0
2636,501590,Bulletstorm: Full Clip Edition,Action,Gore,FPS,Violent,Adventure,88.0
2637,566160,Zup! 6,Puzzle,Casual,Indie,2D,Fast-Paced,94.0
2638,567090,8-Bit Bayonetta,,,,,,
2639,567160,Katy and Bob: Safari Cafe,Casual,Strategy,Time Management,Management,Family Friendly,89.0
2640,544180,Orbox C,Casual,Adventure,Puzzle,Space,Sci-fi,93.0
2641,569800,LEAVES - The Journey,Adventure,Indie,Puzzle,Point & Click,Surreal,81.0
2642,569810,LEAVES - The Return,Adventure,Indie,Puzzle,Point & Click,,85.0
2643,571260,THE KING OF FIGHTERS XIV STEAM EDITION,Fighting,Arcade,Action,2D Fighter,Multiplayer,82.0
2644,572430,Party Hard 2 ,Indie,Violent,Pixel Graphics,Action,Stealth,79.0
2645,572890,Pikuniku,Indie,Adventure,Casual,Puzzle,Cute,95.0
2646,573120,Dead In Vinland,RPG,Strategy,Adventure,Survival,Simulation,79.0
2647,573210,Mistwood Heroes,Hack and Slash,Turn-Based,Party-Based RPG,JRPG,RPG,61.0
2648,574090,MOTHERGUNSHIP,Action Roguelike,FPS,Action,First-Person,Boomer Shooter,78.0
2649,574720,Little Big Workshop,Simulation,Strategy,Management,Building,Resource Management,85.0
2650,574980,Them's Fightin' Herds,2D Fighter,Action,Fighting,Cute,Indie,83.0
2651,575330,Oh...Sir! The Hollywood Roast,Indie,Simulation,Adventure,Multiplayer,Funny,86.0
2652,575490,Let's Draw,Casual,Indie,Family Friendly,Singleplayer,,66.0
2653,575640,Zup! 3,Puzzle,Casual,Indie,Fast-Paced,2D,90.0
2654,575700,Fruit Arranger,Indie,Casual,Match 3,Psychological Horror,Puzzle,75.0
2655,575830,rooMaze,Action Roguelike,Adventure,Action,Indie,RPG,60.0
2656,575890,Katy and Bob Way Back Home,Strategy,Casual,Time Management,Cooking,Arcade,81.0
2657,576310,Oracle,Adventure,Indie,Walking Simulator,Casual,Simulation,50.0
2658,576500,Evergarden,Puzzle,Strategy,Adventure,Open World,Exploration,86.0
2659,576960,🧠 OUT OF THE BOX,Adventure,Choose Your Own Adventure,Simulation,Choices Matter,Singleplayer,88.0
2660,576980,Western 1849 Reloaded,Action,Indie,Casual,Western,Arcade,83.0
2661,577460,Hunter's Grimm,Anime,RPG,Adventure,RPGMaker,Indie,61.0
2662,579760,The Journey Down: Chapter Three,Adventure,Point & Click,Indie,Great Soundtrack,Comedy,92.0
2663,580420,Tourists Kidnapped a Little Bear,Gore,Indie,Casual,Action,Adventure,86.0
2664,581100,Langoth,Indie,Adventure,Action,,,64.0
2665,581200,Nash Racing,Racing,Indie,,,,48.0
2666,581270,Old Man's Journey,Adventure,Casual,Indie,Puzzle,Atmospheric,87.0
2667,581970,Zombie Ballz,Puzzle,Indie,Casual,Level Editor,Action,73.0
2668,582270,Everything,Simulation,Philosophical,Casual,Indie,Relaxing,83.0
2669,582550,Passpartout: The Starving Artist,Casual,Simulation,Indie,Singleplayer,Relaxing,88.0
2670,582620,Copoka,Casual,Indie,Exploration,Flight,Atmospheric,83.0
2671,582660,Black Desert,MMORPG,Massively Multiplayer,Open World,RPG,Character Customization,75.0
2672,584980,Late Shift,Choices Matter,FMV,Choose Your Own Adventure,Multiple Endings,Story Rich,86.0
2673,285190,"Warhammer 40,000: Dawn of War III",Warhammer 40K,Strategy,RTS,Sci-fi,Multiplayer,49.0
2674,585420,Trailmakers,Puzzle,Open World,Multiplayer,Vehicular Combat,Jet,93.0
2675,586140,BlazBlue Centralfiction,Fighting,Anime,2D Fighter,Action,Great Soundtrack,94.0
2676,586170,Mad Dojo,Indie,Action,Ninja,Difficult,Platformer,
2677,586620,OR,Casual,Indie,Puzzle,,,52.0
2678,588650,Dead Cells,Adventure,Action Roguelike,Metroidvania,Pixel Graphics,Roguelike,97.0
2679,588970,Oik,Casual,Clicker,2D,Cute,Relaxing,89.0
2680,446790,Diluvion,Action,Underwater,Adventure,RPG,Indie,62.0
2681,590380,Into the Breach,Strategy,Turn-Based Strategy,Indie,Pixel Graphics,Turn-Based Tactics,94.0
2682,590590,Remnants of Naezith,Precision Platformer,Indie,Action,Racing,Platformer,95.0
2683,590870,Planetoid,Indie,Strategy,Action,Adventure,Space,48.0
2684,591420,Zup! 4,Puzzle,Casual,Indie,Fast-Paced,2D,90.0
2685,355790,Styx: Shards of Darkness,Stealth,Action,Singleplayer,Adventure,Atmospheric,83.0
2686,591560,Red Death,Action,Indie,Shoot 'Em Up,Bullet Hell,,78.0
2687,593330,Algotica Iterations,Adventure,Indie,Puzzle,Programming,Education,52.0
2688,593960,Lorelai,Adventure,Horror,Female Protagonist,Psychological Horror,Singleplayer,90.0
2689,594680,Shuyan Saga,Action,Adventure,Indie,Casual,Visual Novel,87.0
2690,595140,Immortal Redneck,Boomer Shooter,FPS,Action Roguelike,Fast-Paced,Procedural Generation,91.0
2691,595280,Throne of Lies®: Medieval Politics,Social Deduction,Multiplayer,Mystery,Werewolves,RPG,76.0
2692,596380,Coffee Crisis,Action,Indie,Beat 'em up,Pixel Graphics,Co-op,58.0
2693,596590,Linked,Indie,Casual,2D,Puzzle,Relaxing,92.0
2694,597150,Hyper Knights,Action,Indie,Adventure,2D,Medieval,88.0
2695,597760,Yuppie Psycho,Puzzle,Pixel Graphics,Psychological Horror,Exploration,2D,95.0
2696,597820,BIOMUTANT,Open World,Action,Singleplayer,RPG,Adventure,67.0
2697,598330,SimAirport,Flight,City Builder,Management,Casual,Base Building,79.0
2698,598550,Huntdown,Shooter,Action,Pixel Graphics,Side Scroller,Local Co-Op,94.0
2699,598700,The Vagrant,Female Protagonist,Action,2D,Metroidvania,RPG,89.0
2700,598810,Carcassonne: The Official Board Game,Board Game,Strategy,Tabletop,Multiplayer,Casual,84.0
2701,599080,The Blackout Club,Horror,Indie,Co-op,Action,Multiplayer,79.0
2702,600090,The Coma: Recut,Adventure,Indie,Horror,Action,Anime,85.0
2703,600130,Valfaris,Action,Indie,Gore,Platformer,Pixel Graphics,87.0
2704,600370,Paradigm,Adventure,Indie,Point & Click,Comedy,Surreal,95.0
2705,601220,Zup! F,Puzzle,Casual,Indie,Fast-Paced,2D,97.0
2706,601430,The Evil Within 2,Horror,Survival Horror,Psychological Horror,Story Rich,Open World,91.0
2707,602430,Yono and the Celestial Elephants,Adventure,Indie,Cute,Puzzle,Family Friendly,84.0
2708,602960,Barotrauma,Co-op,Multiplayer,Survival,Submarine,Survival Horror,94.0
2709,603020,Skautfold: Usurper,Action,Indie,RPG,Metroidvania,Lovecraftian,70.0
2710,603060,Tarim: Guardians,Action,Adventure,Casual,RPG,2D,74.0
2711,599880,Tequila Zombies 3,Action,Indie,Zombies,,,76.0
2712,604010,Chimpology,Typing,Arcade,Rhythm,Capitalism,PvP,87.0
2713,606280,Darksiders III,Hack and Slash,Action,Female Protagonist,Singleplayer,Adventure,76.0
2714,606880,GreedFall,RPG,Open World,Character Customization,Singleplayer,Choices Matter,77.0
2715,607050,Wargroove,Strategy,Turn-Based Tactics,Pixel Graphics,Turn-Based Strategy,Tactical RPG,84.0
2716,378540,The Surge,Souls-like,Action,RPG,Sci-fi,Third Person,76.0
2717,383980,Rivals of Aether,Fighting,2D Fighter,Multiplayer,Pixel Graphics,Indie,96.0
2718,609110,Blazing Chrome,Action,Retro,Pixel Graphics,Indie,Side Scroller,89.0
2719,609320,FAR: Lone Sails,Atmospheric,Adventure,Post-apocalyptic,Singleplayer,2.5D,94.0
2720,610130,UltraGoodness,Action Roguelike,Top-Down Shooter,Twin Stick Shooter,Dungeon Crawler,Roguelite,73.0
2721,610180,The Jackbox Party Pack 4,Casual,Trivia,Local Multiplayer,Indie,Strategy,94.0
2722,610360,Zup! Zero,Puzzle,Casual,Indie,Fast-Paced,2D,93.0
2723,610370,Desperados III,Strategy,Real Time Tactics,Stealth,Western,Tactical,96.0
2724,610840,JASEM: Just Another Shooter with Electronic Music,Action,Indie,Shooter,Top-Down Shooter,Top-Down,68.0
2725,611980,Oik 2,Minimalist,Physics,Casual,Clicker,Singleplayer,92.0
2726,612570,Fort Triumph,3D,Tactical RPG,Turn-Based Tactics,Co-op,Local Multiplayer,78.0
2727,613100,House Flipper,Simulation,Design & Illustration,Building,Singleplayer,Relaxing,94.0
2728,614090,Deadbeat Heroes,Action,Local Co-Op,Superhero,Co-op,Singleplayer,78.0
2729,615970,Displaced,Indie,Adventure,Strategy,,,49.0
2730,614030,Rhythm Rush!,Action,Indie,Music,Rhythm,Music-Based Procedural Generation,68.0
2731,617440,Juanito Arcade Mayhem,Action,Adventure,Indie,Casual,Arcade,96.0
2732,617480,Tower of Time,RPG,Strategy,Indie,Real-Time with Pause,Real Time Tactics,84.0
2733,617670,Zup! S,Puzzle,Casual,Indie,2D,Physics,97.0
2734,617830,SUPERHOT VR,VR,Shooter,Bullet Time,FPS,Puzzle,83.0
2735,619700,Steel Rats,Action,Racing,Platformer,Arcade,Singleplayer,65.0
2736,620980,Beat Saber,VR,Rhythm,Music,Moddable,Fast-Paced,95.0
2737,460790,Bayonetta,Action,Female Protagonist,Hack and Slash,Sexual Content,Nudity,92.0
2738,623940,HIVESWAP: ACT 1,Adventure,Point & Click,Great Soundtrack,RPG,Indie,94.0
2739,626510,LoveKami -Useless Goddess-,Hentai,Cute,Mature,Sexual Content,Visual Novel,80.0
2740,234270,Ken Follett's The Pillars of the Earth,Choices Matter,Adventure,Visual Novel,Story Rich,Point & Click,92.0
2741,627690,Idle Champions of the Forgotten Realms,Dungeons & Dragons,Free to Play,Idler,Strategy,Fantasy,77.0
2742,628670,Hellpoint,Souls-like,Sci-fi,Action,RPG,Multiplayer,77.0
2743,629220,Rise of Insanity,Indie,Adventure,Horror,Simulation,Psychological Horror,79.0
2744,629760,MORDHAU,Medieval,Multiplayer,First-Person,Swordplay,Gore,80.0
2745,629770,Tiny Echo,Adventure,Indie,Casual,Point & Click,Atmospheric,90.0
2746,629820,Maneater,Open World,Dark Humor,Nature,Violent,RPG,89.0
2747,460810,Vanquish,Action,Third-Person Shooter,Sci-fi,Singleplayer,Shooter,89.0
2748,630720,Mana Spark,Action Roguelike,Souls-like,Roguelite,Dungeon Crawler,Roguelike,79.0
2749,631510,Devil May Cry HD Collection,Action,Hack and Slash,Character Action Game,Great Soundtrack,Difficult,92.0
2750,631570,Whispers of a Machine,Adventure,Point & Click,Detective,Sci-fi,Female Protagonist,93.0
2751,633360,Remothered: Tormented Fathers,Action,Horror,Female Protagonist,Adventure,Indie,75.0
2752,633460,Tannenberg,Gore,World War I,Team-Based,Shooter,PvP,86.0
2753,374040,Portal Knights,Adventure,Multiplayer,Sandbox,RPG,Building,83.0
2754,633950,Fall of Light: Darkest Edition,Adventure,RPG,Indie,Action,Hack and Slash,56.0
2755,635200,Distrust,Survival,Multiplayer,Isometric,Adventure,Co-op,73.0
2756,391210,Arclight Cascade,Action,Indie,4 Player Local,Local Multiplayer,Multiplayer,86.0
2757,636070,Corridor Z,Action,Indie,Adventure,Zombies,Runner,83.0
2758,636100,Tesla vs Lovecraft,Top-Down Shooter,Lovecraftian,Arena Shooter,Action,Indie,90.0
2759,638070,Murderous Pursuits,Action,Simulation,Indie,Strategy,Stealth,66.0
2760,638160,Moero Chronicle,RPG,Anime,JRPG,Dungeon Crawler,Nudity,72.0
2761,641990,The Escapists 2,Multiplayer,Strategy,Pixel Graphics,Online Co-Op,Co-op,91.0
2762,643880,Strikey Sisters,Action-Adventure,Arcade,Mystery Dungeon,Female Protagonist,2D,90.0
2763,645090,Zup! 5,Puzzle,Casual,Indie,Fast-Paced,2D,93.0
2764,645630,Car Mechanic Simulator 2018,Simulation,Automobile Sim,Driving,Building,Realistic,91.0
2765,646270,60 Parsecs!,Turn-Based Strategy,Text-Based,Funny,Dark Humor,Sci-fi,89.0
2766,648350,Jurassic World Evolution,Building,Dinosaurs,Simulation,Management,Strategy,86.0
2767,648120,Pixel Sketch,Education,Casual,Word Game,PvP,Board Game,73.0
2768,427290,Vampyr,Vampire,RPG,Choices Matter,Story Rich,Open World,77.0
2769,651500,My Memory of Us,Relaxing,Action,World War II,Platformer,Side Scroller,92.0
2770,655100,Oik 3,Puzzle,Minimalist,Physics,Singleplayer,Casual,87.0
2771,655730,This Strange Realm Of Mine,FPS,Psychological Horror,Story Rich,Choices Matter,Horror,84.0
2772,658160,ClickRaid,Clicker,Action,Adventure,Indie,Casual,80.0
2773,658550,Zup! Zero 2,Puzzle,Casual,Indie,Fast-Paced,2D,94.0
2774,658560,Zup! 7,Puzzle,Casual,Indie,Fast-Paced,2D,95.0
2775,661940,Regular Human Basketball,Mechs,Basketball,Funny,Party Game,Local Multiplayer,93.0
2776,664320,Holy Potatoes! What the Hell?!,Simulation,Strategy,Indie,Casual,Management,45.0
2777,664830,Zombotron,Action,2D,Adventure,Indie,Singleplayer,90.0
2778,665360,Comedy Night,Casual,Comedy,Experimental,Dark Humor,Funny,75.0
2779,668550,8Doors: Arum's Afterlife Adventure,Action,Indie,Adventure,Metroidvania,Platformer,79.0
2780,493900,Dungeons 3,Strategy,Villain Protagonist,Base Building,Simulation,RTS,94.0
2781,671440,Rise of Industry,Management,Strategy,Economy,Simulation,City Builder,75.0
2782,671510,Desolate,Survival,Open World,Horror,Zombies,First-Person,68.0
2783,673130,AMID EVIL,Boomer Shooter,Old School,Arena Shooter,FPS,Sci-fi,94.0
2784,673800,Zup! XS,Casual,Indie,Puzzle,Relaxing,Physics,85.0
2785,674520,Fight'N Rage,Beat 'em up,Action,2D,Local Multiplayer,Local Co-Op,92.0
2786,674750,Yet Another Zombie Defense HD,Zombies,Top-Down Shooter,Tower Defense,Violent,Gore,84.0
2787,678800,SAS: Zombie Assault 4,Free to Play,Zombies,Top-Down Shooter,Multiplayer,Co-op,86.0
2788,678900,Farmer's Dynasty,Simulation,Farming Sim,Life Sim,RPG,Agriculture,77.0
2789,680360,Regions Of Ruin,RPG,Adventure,Indie,Hack and Slash,Pixel Graphics,85.0
2790,681730,Nowhere Prophet,Roguelike,Deckbuilding,Card Game,Turn-Based,Post-apocalyptic,78.0
2791,535520,Nidhogg 2,Local Multiplayer,Indie,Action,Fighting,Casual,81.0
2792,686200,Door Kickers: Action Squad,2D Platformer,Pixel Graphics,Retro,Local Co-Op,Action,95.0
2793,681280,Descenders,Sports,Racing,Cycling,Action,Bikes,95.0
2794,687260,Tokyo Dark,Anime,Visual Novel,Detective,Horror,Point & Click,86.0
2795,230190,War for the Overworld,Simulation,God Game,Strategy,City Builder,RTS,86.0
2796,747350,Hellblade: Senua's Sacrifice VR Edition,Action,Adventure,Indie,Violent,Female Protagonist,85.0
2797,688420,Bad North,Wargame,Vikings,Tower Defense,Real Time Tactics,Survival,93.0
2798,535480,Sundered: Eldritch Edition,Roguevania,Metroidvania,Lovecraftian,Action Roguelike,Indie,82.0
2799,690140,Sword Legacy Omen,RPG,Strategy,Indie,Turn-Based Tactics,Turn-Based Strategy,68.0
2800,690640,Trine 4: The Nightmare Prince,Puzzle Platformer,Local Co-Op,Online Co-Op,Action-Adventure,Co-op,89.0
2801,691830,Avernum 3: Ruined World,RPG,Indie,Adventure,Strategy,Isometric,86.0
2802,692850,Bloodstained: Ritual of the Night,Metroidvania,RPG,Female Protagonist,Action,Adventure,94.0
2803,692890,Roboquest,FPS,Action Roguelike,Roguelite,Co-op,Online Co-Op,95.0
2804,696480,The Norwood Suite,First-Person,Exploration,Surreal,Adventure,Great Soundtrack,96.0
2805,698640,Deep Sky Derelicts,Roguelike Deckbuilder,RPG,Strategy,Card Battler,Deckbuilding,73.0
2806,584400,Sonic Mania,Great Soundtrack,2D,Platformer,Retro,Classic,94.0
2807,699170,Fell Seal: Arbiter's Mark,RPG,Strategy,Turn-Based Tactics,Indie,Turn-Based Combat,89.0
2808,700600,Evil Genius 2,Strategy,Base Building,Villain Protagonist,Simulation,Building,68.0
2809,701160,Kingdom Two Crowns,Tower Defense,Minimalist,City Builder,Building,Singleplayer,91.0
2810,701470,TTV2,Indie,Action,Retro,Pixel Graphics,Fast-Paced,88.0
2811,702670,Donut County,Casual,Indie,Cute,Funny,Puzzle,91.0
2812,703080,Planet Zoo,Management,Simulation,Building,Sandbox,Nature,90.0
2813,636450,Rez Infinite,On-Rails Shooter,Flight,Rhythm,Action,Singleplayer,91.0
2814,704270,Generation Zero®,Open World,Survival,Co-op,FPS,Base Building,75.0
2815,704450,Neverwinter Nights: Enhanced Edition,RPG,Dungeons & Dragons,Fantasy,Character Customization,CRPG,89.0
2816,635320,Last Day of June,Adventure,Indie,Atmospheric,Story Rich,Choices Matter,87.0
2817,710920,Darksiders Genesis,Action,Adventure,Co-op,Hack and Slash,Multiplayer,83.0
2818,714120,Little Misfortune,Psychological Horror,Point & Click,Story Rich,Choices Matter,Indie,91.0
2819,714250,Eternity: The Last Unicorn,Indie,Action,RPG,Adventure,Female Protagonist,39.0
2820,435150,Divinity: Original Sin 2,Tactical RPG,RPG,Turn-Based Strategy,Story Rich,Fantasy,95.0
2821,717610,A Case of Distrust,Adventure,Indie,Detective,Female Protagonist,Mystery,86.0
2822,718590,Dark Devotion,Souls-like,Pixel Graphics,Female Protagonist,Action,Action Roguelike,76.0
2823,718650,Driftland: The Magic Revival,3D,Colorful,Strategy,Simulation,God Game,74.0
2824,611500,Quake Champions,Arena Shooter,Hero Shooter,Early Access,FPS,Multiplayer,73.0
2825,719750,PUSS!,Psychedelic,Difficult,Indie,Bullet Hell,Cats,92.0
2826,306130,The Elder Scrolls Online,RPG,MMORPG,Open World,Fantasy,Adventure,83.0
2827,725340,Lines X Free,Puzzle,Casual,Free to Play,Indie,Strategy,93.0
2828,725480,Slap City,Indie,Action,Fighting,2.5D,Multiplayer,95.0
2829,730390,Raji: An Ancient Epic,Relaxing,Mythology,Female Protagonist,Hand-drawn,Adventure,85.0
2830,409320,Syndrome,Horror,FPS,Survival Horror,Shooter,Stealth,70.0
2831,678950,DRAGON BALL FighterZ,Fighting,Anime,Action,2D Fighter,Multiplayer,90.0
2832,735580,11-11 Memories Retold,Adventure,Casual,World War I,Story Rich,Historical,89.0
2833,735850,Trailer Park Boys: Greasy Money,Free to Play,Clicker,Simulation,Indie,Casual,80.0
2834,582160,Assassin's Creed Origins,Open World,Assassin,Action,RPG,Stealth,86.0
2835,418370,Resident Evil 7 Biohazard,Horror,Survival Horror,First-Person,Singleplayer,Gore,95.0
2836,738520,Breathedge,Open World Survival Craft,Space,Singleplayer,Survival,Sandbox,83.0
2837,740080,Deadly Days,Indie,Action,Roguelite,Casual,Action Roguelike,87.0
2838,740090,Lost Grimoires 3: The Forgotten Well,Casual,Adventure,Hidden Object,Family Friendly,Puzzle,82.0
2839,742300,Mega Man 11,Action,Platformer,Side Scroller,Classic,Singleplayer,90.0
2840,743390,DISTRAINT 2,Psychological Horror,Horror,Story Rich,Atmospheric,Singleplayer,96.0
2841,743450,Monster Prom,Dating Sim,Comedy,LGBTQ+,Multiplayer,Choices Matter,93.0
2842,743890,Mega Man X Legacy Collection,Action,Platformer,Classic,2D,Retro,77.0
2843,745920,Temtem,Co-op,Multiplayer,Creature Collector,RPG,Turn-Based Combat,82.0
2844,746840,Chronicles of Magic: Divided Kingdoms,Casual,Adventure,Hidden Object,Point & Click,Fantasy,83.0
2845,746850,Cloudpunk,Cyberpunk,Open World,Atmospheric,Sci-fi,Futuristic,88.0
2846,476600,Call of Duty: WWII,World War II,FPS,Multiplayer,Singleplayer,Zombies,69.0
2847,476620,Call of Duty: WWII - Multiplayer,World War II,FPS,Multiplayer,Singleplayer,Zombies,69.0
2848,504370,Battlerite,PvP,Multiplayer,MOBA,Competitive,Action,84.0
2849,464340,Syberia 3,Adventure,Puzzle,Story Rich,Point & Click,Female Protagonist,51.0
2850,503940,Railway Empire,Strategy,Simulation,Management,Trains,Economy,82.0
2851,469600,Legion TD 2,Tower Defense,Multiplayer,Auto Battler,Strategy,PvP,86.0
2852,756500,Noir Chronicles: City of Crime,Adventure,Casual,Hidden Object,Detective,Noir,64.0
2853,757310,Sable,Atmospheric,Story Rich,Exploration,Choose Your Own Adventure,Adventure,86.0
2854,757320,Atomicrops,Action,Indie,Farming Sim,Bullet Hell,Roguelike,93.0
2855,758190,Dragon Cliff 龙崖,RPG,Strategy,Idler,Loot,Pixel Graphics,89.0
2856,759440,Learn Japanese To Survive! Kanji Combat,RPG,Indie,Adventure,Strategy,Education,85.0
2857,760060,Mutant Year Zero: Road to Eden,Strategy,RPG,Turn-Based Combat,Post-apocalyptic,Turn-Based Tactics,90.0
2858,760650,Hammerting,Colony Sim,Base Building,Simulation,Management,Automation,58.0
2859,760810,Retimed,Multiplayer,Online Co-Op,Comedy,Party Game,Casual,90.0
2860,761030,EARTHLOCK,RPG,Adventure,Strategy,Indie,Turn-Based Combat,76.0
2861,761830,Mr. Prepper,Survival,Simulation,Base Building,Crafting,Adventure,82.0
2862,765880,The Occupation,Immersive Sim,Detective,Stealth,Adventure,Indie,68.0
2863,379430,Kingdom Come: Deliverance,Medieval,RPG,Open World,Singleplayer,Realistic,82.0
2864,587620,Okami HD,Adventure,Mythology,Great Soundtrack,Story Rich,Singleplayer,92.0
2865,768520,Red Solstice 2: Survivors,Strategy RPG,Zombies,Third Person,Multiplayer,Real Time Tactics,71.0
2866,770100,One Deck Dungeon,Dungeon Crawler,Board Game,Roguelite,Perma Death,Card Game,81.0
2867,772430,Hero of the Kingdom III,Adventure,RPG,Casual,Indie,Point & Click,79.0
2868,774171,Muse Dash,Music,Rhythm,Anime,Cute,Sexual Content,90.0
2869,774241,Warhammer: Chaosbane,Singleplayer,PvE,RPG,Co-op Campaign,Hack and Slash,59.0
2870,774361,Blasphemous,Metroidvania,Pixel Graphics,Souls-like,Dark Fantasy,Gore,90.0
2871,774461,The Jackbox Party Pack 5,Casual,Local Multiplayer,Trivia,Comedy,Multiplayer,93.0
2872,774801,Crab Champions,Early Access,Action Roguelike,Soundtrack,Arcade,Looter Shooter,97.0
2873,774861,Project Winter,Funny,Co-op,Social Deduction,Multiplayer,Survival,85.0
2874,777880,Fluffy Horde,Tower Defense,Indie,Strategy,Action,2D,77.0
2875,779290,Stygian: Reign of the Old Ones,RPG,Indie,Lovecraftian,Horror,Turn-Based Combat,66.0
2876,782140,Re-Legion,Strategy,Action,RPG,Cyberpunk,RTS,60.0
2877,782330,DOOM Eternal,FPS,Action,Great Soundtrack,Gore,Fast-Paced,91.0
2878,783050,Bear With Me - Collector's Edition,Adventure,Indie,Point & Click,Noir,Detective,94.0
2879,787400,Fantasy Versus,Action,RPG,Indie,Adventure,Casual,78.0
2880,787810,Rogue Heroes: Ruins of Tasos,Co-op,RPG,Action,Adventure,Pixel Graphics,77.0
2881,543900,METAL GEAR SURVIVE,Survival,Action,Memes,Zombies,Co-op,64.0
2882,790850,Undead Horde,Villain Protagonist,RPG,Action,Adventure,Indie,87.0
2883,792710,Levelhead,Precision Platformer,Difficult,Funny,Comedy,Sandbox,97.0
2884,793460,112 Operator,Simulation,Realistic,Casual,Moddable,Time Management,89.0
2885,795100,Friday the 13th: Killer Puzzle,Free to Play,Puzzle,Horror,Gore,Violent,93.0
2886,798490,Othercide,Strategy,Indie,Turn-Based Tactics,Female Protagonist,Turn-Based Combat,83.0
2887,799070,Zup! 8,Puzzle,Casual,Fast-Paced,Indie,2D,95.0
2888,620590,Ancestors Legacy,Strategy,Medieval,RTS,Historical,Violent,80.0
2889,803050,Per Aspera,Online Co-Op,Moddable,Management,Multiplayer,Automation,76.0
2890,803330,Destroy All Humans!,Action,Adventure,Villain Protagonist,Aliens,Open World,92.0
2891,804010,SteamWorld Quest: Hand of Gilgamech,Card Battler,Turn-Based,Card Game,Party-Based RPG,RPG,87.0
2892,805660,Rad Rodgers,Side Scroller,2D Platformer,3D Platformer,Platformer,Arcade,66.0
2893,637090,BATTLETECH,Mechs,Strategy,Turn-Based Tactics,Turn-Based,Sci-fi,83.0
2894,807120,Iratus: Lord of the Dead,RPG,Strategy,Indie,Turn-Based Combat,Roguelike,85.0
2895,684410,Bridge Constructor Portal,Puzzle,Simulation,Strategy,Physics,Building,91.0
2896,813540,Scheming Through The Zombie Apocalypse: The Beginning,Point & Click,Choices Matter,Story Rich,Interactive Fiction,Dark Comedy,85.0
2897,814030,Queen's Quest 4: Sacred Truce,Adventure,Casual,Hidden Object,Puzzle,Singleplayer,67.0
2898,337000,Deus Ex: Mankind Divided™,Cyberpunk,Stealth,RPG,Sci-fi,Story Rich,76.0
2899,627270,Injustice™ 2,Fighting,Action,Superhero,Multiplayer,Local Multiplayer,86.0
2900,814370,Monster Sanctuary,Creature Collector,Pixel Graphics,Turn-Based Tactics,Metroidvania,Singleplayer,91.0
2901,632350,Cyberdimension Neptunia: 4 Goddesses Online,Anime,JRPG,RPG,Female Protagonist,Cute,87.0
2902,301840,City Of Brass,Action Roguelike,Swordplay,Roguelike,First-Person,Singleplayer,77.0
2903,830370,Monster Crown,Turn-Based Combat,JRPG,Collectathon,Exploration,RPG,68.0
2904,830590,Holy Potatoes! A Spy Story?!,Casual,Strategy,Simulation,Indie,Isometric,65.0
2905,834390,King's Heir: Rise to the Throne,Casual,Adventure,Hidden Object,Point & Click,2D,81.0
2906,834740,Circle Empires,Strategy,Indie,Casual,RTS,Fantasy,89.0
2907,552500,Warhammer: Vermintide 2,Dark Fantasy,Games Workshop,Co-op,Online Co-Op,Hack and Slash,84.0
2908,24200,DC Universe Online,Free to Play,Superhero,MMORPG,Massively Multiplayer,Character Customization,80.0
2909,838310,Bloodstained: Curse of the Moon,Action,Pixel Graphics,Retro,Platformer,Metroidvania,94.0
2910,839770,Phoenix Point,Tactical,Turn-Based Strategy,Grand Strategy,RPG,Procedural Generation,72.0
2911,840260,Endless World Idle RPG,PvP,Hack and Slash,Clicker,Idler,RPG,78.0
2912,570940,DARK SOULS™: REMASTERED,Souls-like,Dark Fantasy,RPG,Difficult,Action,91.0
2913,485460,The Banner Saga 3,Strategy,RPG,Turn-Based Tactics,Story Rich,Indie,80.0
2914,844050,Desert Child,Racing,Action-Adventure,Shooter,Singleplayer,Shoot 'Em Up,74.0
2915,846770,DYSMANTLE,Survival,Open World,Crafting,Zombies,RPG,91.0
2916,846870,Yooka-Laylee and the Impossible Lair,Adventure,Indie,Platformer,2.5D,Great Soundtrack,86.0
2917,847370,Sunset Overdrive,Open World,Action,Parkour,Character Customization,Third-Person Shooter,90.0
2918,848030,Roundguard,Pinball,Physics,Puzzle,Cartoon,Roguelike,81.0
2919,848350,Katamari Damacy REROLL,Great Soundtrack,Casual,Colorful,Surreal,Cute,93.0
2920,750920,Shadow of the Tomb Raider,Adventure,Action,Female Protagonist,Singleplayer,Open World,85.0
2921,440900,Conan Exiles,Survival,Open World,Building,Nudity,Open World Survival Craft,78.0
2922,855640,My Brother Rabbit,Adventure,Puzzle,Point & Click,Singleplayer,Great Soundtrack,96.0
2923,859570,Secret Neighbor,Multiplayer,Horror,Online Co-Op,PvP,Co-op,88.0
2924,864680,Rover Mechanic Simulator,Simulation,Indie,Building,Sandbox,Singleplayer,85.0
2925,866140,Arise: A Simple Story,Emotional,3D Platformer,Time Manipulation,Exploration,Cute,91.0
2926,867050,Endless Fables 3: Dark Moor,Casual,Adventure,Hidden Object,Point & Click,Horror,85.0
2927,867210,Songs of Conquest,Local Multiplayer,Turn-Based Tactics,4X,Tactical,Turn-Based Strategy,86.0
2928,871420,Lovecraft's Untold Stories,Lovecraftian,Action,Adventure,Indie,Action Roguelike,79.0
2929,872200,Rogue Company,Free to Play,Multiplayer,Shooter,Third-Person Shooter,Action,74.0
2930,873940,Crying Suns,Strategy,Space,Roguelite,Indie,Pixel Graphics,85.0
2931,874390,The Battle of Polytopia,Strategy,Turn-Based,Multiplayer,Turn-Based Strategy,Singleplayer,94.0
2932,875310,LIBERATED,Conspiracy,Comic Book,Action-Adventure,Hand-drawn,Noir,76.0
2933,718670,Cultist Simulator,Strategy,Choices Matter,Simulation,Singleplayer,Card Game,82.0
2934,480490,Prey,Sci-fi,Immersive Sim,Space,Singleplayer,Atmospheric,90.0
2935,878580,GARAGE: Bad Trip,Gore,Action,Violent,Indie,Top-Down,73.0
2936,310950,Street Fighter V,Fighting,Action,2D Fighter,Multiplayer,Competitive,71.0
2937,881690,The Slater,Action,Violent,Indie,Stealth,Gore,74.0
2938,882100,XCOM: Chimera Squad,Strategy,Turn-Based Tactics,Turn-Based Strategy,Turn-Based,Aliens,72.0
2939,883710,Resident Evil 2,Zombies,Survival Horror,Horror,Singleplayer,Remake,96.0
2940,884260,Akane,Indie,Cyberpunk,Action,Pixel Graphics,Gore,95.0
2941,356190,Middle-earth™: Shadow of War™,Open World,Action,RPG,Fantasy,Singleplayer,88.0
2942,758330,Shenmue I & II,Adventure,Open World,Story Rich,Martial Arts,Classic,90.0
2943,887720,Devil's Hunt,Action,Adventure,Indie,Violent,Demons,42.0
2944,893050,Hasbro's BATTLESHIP,Board Game,Family Friendly,Multiplayer,Tabletop,Strategy,81.0
2945,893680,Project Warlock,Boomer Shooter,FPS,Retro,Pixel Graphics,Blood,88.0
2946,894020,Death's Door,Cute,Souls-like,Cartoony,3D Platformer,Action,93.0
2947,895420,Path of Sin: Greed,Casual,Adventure,Hidden Object,Point & Click,Detective,89.0
2948,895620,Spellcaster University,Simulation,Magic,Colony Sim,Base Building,Immersive Sim,84.0
2949,678960,CODE VEIN,Souls-like,Anime,Character Customization,Action RPG,JRPG,84.0
2950,896440,Eternal Edge,Action RPG,Exploration,Character Customization,RPG,Pixel Graphics,70.0
2951,897330,Coloring Pixels,Free to Play,Pixel Graphics,Relaxing,Casual,Singleplayer,96.0
2952,898650,The Shapeshifting Detective,FMV,Adventure,Indie,Detective,Choices Matter,78.0
2953,899440,GOD EATER 3,Anime,Action,Character Customization,Hack and Slash,Multiplayer,80.0
2954,900040,ELEX II,Open World,Singleplayer,RPG,Adventure,Action,74.0
2955,905340,Heave Ho,Indie,Adventure,Multiplayer,Co-op,Local Multiplayer,91.0
2956,812140,Assassin's Creed Odyssey,Open World,RPG,Singleplayer,Historical,Action,89.0
2957,910490,Killsquad,Action,Hack and Slash,Top-Down Shooter,Co-op,Online Co-Op,71.0
2958,910630,Arcade Spirits,Cute,Dating Sim,LGBTQ+,Visual Novel,Romance,95.0
2959,559100,Phantom Doctrine,Turn-Based Tactics,Strategy,Cold War,Stealth,RPG,74.0
2960,912570,BEAUTIFUL DESOLATION,Point & Click,Isometric,Adventure,Post-apocalyptic,Story Rich,75.0
2961,915310,SNKRX,Action Roguelike,Roguelite,Arena Shooter,Top-Down Shooter,Shoot 'Em Up,94.0
2962,673880,"Warhammer 40,000: Mechanicus",Warhammer 40K,Strategy,Turn-Based Tactics,Games Workshop,Turn-Based Combat,92.0
2963,916730,Gato Roboto,Indie,Metroidvania,Action,Adventure,Pixel Graphics,94.0
2964,917720,Gamedec - Definitive Edition,Cyberpunk,Isometric,Detective,CRPG,Choices Matter,79.0
2965,919410,Felix the Reaper,Adventure,Indie,Puzzle,Logic,Isometric,81.0
2966,419480,Starpoint Gemini Warlords,Space,RPG,Open World,Strategy,Simulation,72.0
2967,640820,Pathfinder: Kingmaker,RPG,Party-Based RPG,Fantasy,CRPG,Isometric,77.0
2968,925570,The Uncertain: Light At The End,Cinematic,Choices Matter,Story Rich,Multiple Endings,Singleplayer,64.0
2969,764790,The Messenger,Retro,Platformer,Pixel Graphics,Metroidvania,2D,93.0
2970,929010,Swag and Sorcery,Pixel Graphics,RPG,Singleplayer,Management,Indie,54.0
2971,933820,Endzone - A World Apart,City Builder,Survival,Strategy,Post-apocalyptic,Simulation,76.0
2972,933860,Discolored,Puzzle,Exploration,Point & Click,Walking Simulator,First-Person,79.0
2973,389730,TEKKEN 7,Fighting,Action,Multiplayer,Competitive,Arcade,82.0
2974,934780,American Fugitive,Action,Open World,Adventure,Indie,Top-Down,76.0
2975,935400,Alchemy Garden,Relaxing,Cute,Colorful,Family Friendly,Cozy,69.0
2976,939100,Darksburg,Roguelike,Co-op,Action,Zombies,Medieval,64.0
2977,940710,Colt Canyon,Western,Blood,Action Roguelike,Action,Roguelike,91.0
2978,940910,Minoria,Action,Metroidvania,Female Protagonist,Adventure,Indie,83.0
2979,943140,Sparklite,Action Roguelike,Pixel Graphics,Roguelite,RPG,Indie,77.0
2980,943370,Bravery and Greed,Multiplayer,Roguelite,Hack and Slash,Beat 'em up,Action Roguelike,77.0
2981,946050,Soda Dungeon 2,Free to Play,RPG,Idler,Pixel Graphics,Dungeon Crawler,94.0
2982,492720,Tropico 6,Strategy,City Builder,Simulation,Economy,Management,87.0
2983,951940,Almost There: The Platformer,Indie,2D Platformer,Casual,Platformer,Unforgiving,79.0
2984,953880,First Class Trouble,Social Deduction,Funny,Survival,Difficult,Multiplayer,78.0
2985,955050,Bright Memory,Female Protagonist,FPS,Hack and Slash,Shooter,First-Person,90.0
2986,959520,Fantasy Blacksmith,Simulation,Indie,Medieval,Magic,Replay Value,64.0
2987,960690,One Step From Eden,Action Roguelike,Difficult,Roguelite,Card Battler,Deckbuilding,94.0
2988,960990,Beyond: Two Souls,Adventure,Choices Matter,Story Rich,Female Protagonist,Cinematic,88.0
2989,962580,Summer in Mara,Life Sim,Relaxing,Farming Sim,Cozy,Exploration,76.0
2990,965680,Boomerang Fu,4 Player Local,Local Multiplayer,Family Friendly,Party Game,Fighting,97.0
2991,966330,Flower,Immersive,Relaxing,Casual,Atmospheric,Adventure,79.0
2992,968870,Close to the Sun,Indie,Adventure,Steampunk,Walking Simulator,Gore,74.0
2993,969990,SpongeBob SquarePants: Battle for Bikini Bottom - Rehydrated,Adventure,3D Platformer,Cult Classic,Remake,Multiplayer,94.0
2994,783170,INSOMNIA: The Ark,RPG,Post-apocalyptic,Singleplayer,Sci-fi,Action,62.0
2995,970830,The Dungeon Of Naheulbeuk: The Amulet Of Chaos,RPG,Turn-Based Tactics,Adventure,Singleplayer,Turn-Based,88.0
2996,970960,Rebel Cops,Strategy,Turn-Based,Turn-Based Tactics,Singleplayer,Violent,77.0
2997,973760,Thronebreaker: The Witcher Tales,RPG,Adventure,Card Game,Story Rich,Singleplayer,90.0
2998,975470,Silver Chains,Horror,Adventure,Indie,Psychological Horror,Multiplayer,71.0
2999,975510,Panzer Paladin,2D Platformer,Mechs,Retro,Action,Pixel Graphics,78.0
3000,975950,Effie,3D Platformer,Collectathon,Colorful,Cute,Cartoony,80.0
3001,976700,Size Matters,Simulation,Casual,Science,Indie,Education,89.0
3002,978300,Saints Row The Third Remastered,Action,Adventure,Open World,Action-Adventure,Comedy,68.0
3003,978460,Emily is Away <3,Choices Matter,Simulation,Dating Sim,Indie,Multiple Endings,92.0
3004,978520,Legend of Keepers,Pixel Graphics,Turn-Based Combat,Dungeon Crawler,Roguelike,Villain Protagonist,79.0
3005,509580,The Lord of the Rings: Adventure Card Game - Definitive Edition,Card Battler,Turn-Based,Card Game,Tutorial,Character Customization,77.0
3006,979640,Cepheus Protocol,Sandbox,Zombies,RTS,Survival,Post-apocalyptic,81.0
3007,980300,One Finger Death Punch 2,Action,Indie,Beat 'em up,Casual,Fast-Paced,96.0
3008,223850,3DMark,Benchmark,Utilities,Software,3D,,93.0
3009,982290,Airborne Kingdom,City Builder,Base Building,Exploration,Building,Singleplayer,87.0
3010,396900,GRIP: Combat Racing,Racing,Action,Indie,Automobile Sim,Futuristic,86.0
3011,984800,Automachef,Simulation,Indie,Puzzle,Automation,Resource Management,75.0
3012,985890,Streets of Rage 4,Action,Beat 'em up,Indie,2D,Fighting,92.0
3013,986800,AVICII Invector,Casual,Indie,Music,Rhythm,Multiplayer,97.0
3014,987840,Expeditions: Rome,RPG,Strategy,Party-Based RPG,Turn-Based Strategy,Rome,88.0
3015,893180,Catherine Classic,Sexual Content,Anime,Mature,Nudity,Puzzle,88.0
3016,990630,The Last Campfire,Puzzle,Adventure,Singleplayer,Cute,Indie,97.0
3017,976310,Mortal Kombat 11,Fighting,Gore,Violent,Multiplayer,Blood,88.0
3018,449960,Book of Demons,Dungeon Crawler,Roguelike Deckbuilder,Hack and Slash,RPG,Deckbuilding,91.0
3019,519860,DUSK,Boomer Shooter,FPS,Retro,Shooter,Fast-Paced,97.0
3020,998740,Ring of Pain,Dungeon Crawler,Card Game,Roguelite,Turn-Based,Difficult,91.0
3021,412020,Metro Exodus,Post-apocalyptic,FPS,Singleplayer,Open World,Story Rich,89.0
3022,1000010,Crown Trick,Roguelike,Turn-Based Combat,RPG,Perma Death,Dungeon Crawler,85.0
3023,1000030,"Cook, Serve, Delicious! 3?!",Typing,Management,Difficult,Casual,Arcade,93.0
3024,308600,Gene Shift Auto,Battle Royale,Free to Play,Hero Shooter,Top-Down Shooter,Multiplayer,83.0
3025,1004490,Tools Up!,Casual,Indie,Simulation,Action,Adventure,79.0
3026,1004860,The Secret Order 7: Shadow Breach,Adventure,Casual,Hidden Object,Female Protagonist,Mystery,87.0
3027,1009560,The Tenants,Management,Design & Illustration,City Builder,Life Sim,Building,81.0
3028,1012840,Moons of Madness,Adventure,Horror,Lovecraftian,Sci-fi,Space,76.0
3029,1013320,Firestone: Online Idle RPG,Idler,Clicker,RPG,Action,Free to Play,78.0
3030,1016180,Terror of Hemasaurus,Physics,Villain Protagonist,Destruction,Dinosaurs,Dark Humor,92.0
3031,1016920,Unrailed!,Multiplayer,Co-op,Online Co-Op,Local Co-Op,Casual,93.0
3032,285800,Braveland,Turn-Based Strategy,Casual,Strategy,Turn-Based,Fantasy,80.0
3033,1018850,Smile For Me,Puzzle,Point & Click,Cute,First-Person,2D,98.0
3034,1020270,Demon Hunter 5: Ascendance,Adventure,Casual,Hidden Object,2D,Investigation,90.0
3035,718850,Age of Wonders: Planetfall,Strategy,Turn-Based Strategy,4X,Sci-fi,Character Customization,80.0
3036,524220,NieR:Automata™,Great Soundtrack,Story Rich,Female Protagonist,Hack and Slash,Action,87.0
3037,752590,A Plague Tale: Innocence,Story Rich,Adventure,Stealth,Female Protagonist,Medieval,93.0
3038,1026420,WARSAW,Tactical RPG,Wargame,Turn-Based Strategy,Historical,Strategy RPG,65.0
3039,1026820,Coloring Game,Free to Play,Relaxing,Pixel Graphics,Casual,Singleplayer,92.0
3040,1037020,ScourgeBringer,Indie,Action,Adventure,Pixel Graphics,Roguelite,88.0
3041,244450,Men of War: Assault Squad 2,Strategy,World War II,War,Simulation,RTS,91.0
3042,1037910,Paw Paw Paw,Platformer,Action RPG,Action,Action-Adventure,2D,73.0
3043,1040070,Merchant of the Skies,Trading,Base Building,Management,Exploration,Casual,87.0
3044,601150,Devil May Cry 5,Action,Hack and Slash,Great Soundtrack,Character Action Game,Demons,96.0
3045,838380,DEAD OR ALIVE 6,PvP,Competitive,3D Fighter,eSports,Female Protagonist,74.0
3046,1045580,Deleveled,Precision Platformer,Puzzle Platformer,Physics,2D,Indie,95.0
3047,1046930,Dota Underlords,Free to Play,Strategy,Auto Battler,Casual,Multiplayer,82.0
3048,1049320,River City Girls,Beat 'em up,Action,Female Protagonist,Pixel Graphics,Anime,85.0
3049,794260,Outward,RPG,Open World,Survival,Co-op,Online Co-Op,73.0
3050,1051200,Trover Saves the Universe,Adventure,Indie,Action,VR,Comedy,91.0
3051,1054430,Fling to the Finish,Physics,Party Game,Casual,Multiplayer,Online Co-Op,85.0
3052,1054490,Wingspan,Building,Board Game,Card Game,Relaxing,Strategy,94.0
3053,1056640,Phantasy Star Online 2 New Genesis,Free to Play,MMORPG,Character Customization,Anime,Multiplayer,70.0
3054,1059980,Just King,Roguelite,Strategy,Arena Shooter,Auto Battler,Tactical,90.0
3055,1059990,Trombone Champ,Rhythm,Comedy,Funny,Music,Cute,98.0
3056,418460,Rising Storm 2: Vietnam,FPS,Wargame,Massively Multiplayer,Cold War,Immersive Sim,87.0
3057,859580,Imperator: Rome,Strategy,Grand Strategy,Simulation,Rome,Historical,64.0
3058,1067540,Röki,Adventure,Puzzle,Story Rich,Atmospheric,Singleplayer,91.0
3059,1069690,Rogue Lords,RPG,Roguelike,Dark Fantasy,Turn-Based Combat,2D,72.0
3060,1070710,Kind Words,Emotional,Relaxing,Cozy,Wholesome,Multiplayer,98.0
3061,1072150,Hedon Bloodrite,FPS,Retro,Pixel Graphics,Dark Fantasy,Shooter,94.0
3062,1073910,Before We Leave,City Builder,Casual,Economy,Relaxing,Hex Grid,78.0
3063,1075200,TOHU,Point & Click,Casual,Cute,Female Protagonist,2D,85.0
3064,1075740,Banners of Ruin,Roguelike Deckbuilder,Card Battler,Roguelike,Card Game,Difficult,79.0
3065,1082430,Before Your Eyes,Emotional,Narrative,Story Rich,Indie,First-Person,97.0
3066,1083310,OUTBUDDIES DX,Metroidvania,Indie,Action,Adventure,Platformer,68.0
3067,1084160,Jagged Alliance 3,Strategy,Turn-Based Tactics,Tactical,Turn-Based Strategy,Turn-Based Combat,89.0
3068,1084640,Chicken Police,Visual Novel,Detective,Noir,Story Rich,Adventure,95.0
3069,1086010,198X,Indie,Retro,1980s,Pixel Graphics,Arcade,86.0
3070,1086940,Baldur's Gate 3,RPG,Character Customization,Choices Matter,Story Rich,Turn-Based Combat,96.0
3071,1087760,The Gunk,Action-Adventure,Atmospheric,Sci-fi,Family Friendly,3D Platformer,86.0
3072,1088790,Rebel Inc: Escalation,Strategy,Simulation,Casual,Political Sim,Indie,83.0
3073,1091500,Cyberpunk 2077,Cyberpunk,Open World,Nudity,RPG,Singleplayer,84.0
3074,1096410,Vampire: The Masquerade - Coteries of New York,Visual Novel,Indie,Vampire,Interactive Fiction,Story Rich,73.0
3075,1097150,Fall Guys,Multiplayer,Party Game,Family Friendly,Battle Royale,Massively Multiplayer,81.0
3076,644830,The Surge 2,Souls-like,RPG,Action,Open World,Sci-fi,77.0
3077,1098340,Zup! 9,Puzzle,Casual,Indie,Fast-Paced,2D,95.0
3078,1099640,Jack Move,Turn-Based,JRPG,Cyberpunk,Story Rich,Pixel Graphics,80.0
3079,1101360,Rock of Ages 3: Make & Break,Strategy,Action,Indie,Comedy,Racing,77.0
3080,1102190,Monster Train,Card Battler,Roguelite,Card Game,Turn-Based Tactics,Deckbuilding,96.0
3081,1085660,Destiny 2,Free to Play,Open World,Multiplayer,Looter Shooter,FPS,80.0
3082,1104450,Bombergrounds: Reborn,Multiplayer,Battle Royale,Funny,Family Friendly,Online Co-Op,86.0
3083,1106530,GemCraft - Frostborn Wrath,Tower Defense,Difficult,RTS,Strategy,2D,88.0
3084,1108590,Eldest Souls,Pixel Graphics,Souls-like,Dark Fantasy,Action RPG,Singleplayer,77.0
3085,976730,Halo: The Master Chief Collection,Great Soundtrack,FPS,Classic,Multiplayer,Story Rich,92.0
3086,1113000,Persona 4 Golden,JRPG,Great Soundtrack,Story Rich,Anime,Turn-Based Combat,97.0
3087,1113780,Uncharted Tides: Port Royal,Adventure,Casual,Hidden Object,Pirates,Mystery,81.0
3088,1114290,Windjammers 2,Sports,PvP,Arcade,Multiplayer,Fast-Paced,90.0
3089,1115690,"Yes, Your Grace",Medieval,Choices Matter,RPG,Pixel Graphics,Management,86.0
3090,1116580,Shady Part of Me,Indie,Puzzle,Platformer,Atmospheric,Female Protagonist,94.0
3091,1119600,Help Will Come Tomorrow,Survival,Adventure,Resource Management,Simulation,Strategy,80.0
3092,1119700,As Far As The Eye,Strategy,Building,Colony Sim,City Builder,Tabletop,73.0
3093,1120320,Builder Simulator,Simulation,Building,Design & Illustration,Singleplayer,Sandbox,75.0
3094,1123050,GRIME,Metroidvania,Souls-like,Platformer,Dark Fantasy,Difficult,86.0
3095,1123770,Curse of the Dead Gods,Action Roguelike,Isometric,Dark Fantasy,Roguelite,Difficult,85.0
3096,1100600,Football Manager 2020,Simulation,Sports,Management,Football (Soccer),Football (American),88.0
3097,1127400,Mindustry,Base Building,Resource Management,Tower Defense,Strategy,Automation,95.0
3098,1127610,Iris and the giant,Roguelike Deckbuilder,Card Game,Card Battler,Roguelike,Deckbuilding,88.0
3099,1128920,EVERSPACE™ 2,Arcade,Exploration,Flight,Space,Looter Shooter,87.0
3100,1129030,Endless Fables 4: Shadow Within,Casual,Adventure,Hidden Object,Female Protagonist,2D,90.0
3101,1097840,Gears 5,Action,Adventure,Third-Person Shooter,Multiplayer,Co-op,71.0
3102,1138660,Black Book,Card Battler,Turn-Based Tactics,Card Game,Female Protagonist,Turn-Based,93.0
3103,1139940,ATOM RPG Trudograd,CRPG,Open World,Survival,RPG,Post-apocalyptic,86.0
3104,1140270,Monster Prom 2: Monster Camp,Dating Sim,LGBTQ+,Comedy,Multiplayer,Indie,97.0
3105,1142390,Remothered: Broken Porcelain ,Action,Violent,Gore,Horror,Female Protagonist,60.0
3106,617290,Remnant: From the Ashes,Souls-like,Action,Co-op,RPG,Adventure,85.0
3107,1146310,Beyond a Steel Sky,Adventure,Point & Click,Cyberpunk,Indie,Action,88.0
3108,1026680,FINAL FANTASY VIII - REMASTERED,RPG,Adventure,JRPG,Story Rich,Turn-Based,71.0
3109,1147550,Not For Broadcast,Adventure,1980s,Choices Matter,Dystopian,Simulation,94.0
3110,1147560,Skul: The Hero Slayer,Indie,Action,Action Roguelike,Pixel Graphics,2D,93.0
3111,1147690,NGU IDLE,Free to Play,Idler,Indie,Clicker,Adventure,96.0
3112,1150950,Timelie,Puzzle Platformer,Puzzle,Female Protagonist,Time Manipulation,Isometric,95.0
3113,1154810,Going Under,Action Roguelike,Dungeon Crawler,Beat 'em up,Hack and Slash,Roguelite,93.0
3114,1155660,The Deed II,Adventure,Indie,RPG,Choices Matter,Story Rich,84.0
3115,1157220,Nebuchadnezzar,City Builder,Sandbox,Economy,Building,Management,80.0
3116,1158220,Kraken Academy!!,Funny,Adventure,Dark Humor,Comedy,Time Travel,91.0
3117,1160220,Paradise Killer,Story Rich,Investigation,Open World,Female Protagonist,Exploration,93.0
3118,1160750,Grim Clicker,Clicker,Idler,Free to Play,RPG,2D,78.0
3119,1161580,Hardspace: Shipbreaker,Space,Sci-fi,Simulation,Physics,Singleplayer,89.0
3120,485030,PLANET ALPHA,Adventure,Indie,Action,Platformer,Atmospheric,77.0
3121,1162700,Midnight Protocol,Singleplayer,Hacking,Typing,Story Rich,Atmospheric,88.0
3122,1169740,Danger Scavenger,Multiplayer,Local Multiplayer,Looter Shooter,Bullet Hell,Top-Down Shooter,69.0
3123,1170080,Foretales,Card Game,Narration,Adventure,Board Game,Exploration,87.0
3124,1171690,Wayfinder,Action RPG,Online Co-Op,Loot,Dungeon Crawler,Third Person,56.0
3125,1172450,Carto,Indie,Cute,Puzzle,Exploration,Hand-drawn,97.0
3126,1172470,Apex Legends,Free to Play,Battle Royale,Multiplayer,FPS,Shooter,67.0
3127,1172650,INDUSTRIA,FPS,Action,Sci-fi,Singleplayer,Dystopian,74.0
3128,1172380,STAR WARS Jedi: Fallen Order™ ,Action-Adventure,Souls-like,Third Person,Open World,Story Rich,88.0
3129,1173200,Metal Unit,Action,Indie,RPG,Adventure,Female Protagonist,82.0
3130,1179210,Kill It With Fire,Action,Simulation,Comedy,Destruction,Family Friendly,96.0
3131,1182620,Impostor Factory,Story Rich,Emotional,Pixel Graphics,Adventure,RPG,95.0
3132,1184370,Pathfinder: Wrath of the Righteous - Enhanced Edition,Multiple Endings,Medieval,Open World,Psychological Horror,PvE,83.0
3133,505230,Pathologic 2,Story Rich,Atmospheric,Choices Matter,RPG,Difficult,92.0
3134,1186640,Pumpkin Jack,Adventure,Action,3D Platformer,Colorful,Indie,92.0
3135,517630,Just Cause 4,Open World,Action,Destruction,Singleplayer,Adventure,63.0
3136,790820,Valkyria Chronicles 4 Complete Edition,Strategy,Anime,Turn-Based,RPG,War,87.0
3137,727850,ELDERBORN,First-Person,Souls-like,Dark Fantasy,Dark,Hack and Slash,88.0
3138,1194630,The Dark Pictures Anthology: Little Hope,Horror,Multiple Endings,Story Rich,Psychological Horror,Survival Horror,73.0
3139,527430,"Warhammer 40,000: Inquisitor - Martyr",Warhammer 40K,Action RPG,RPG,Hack and Slash,Action,75.0
3140,1042800,"Warhammer 40,000: Inquisitor - Prophecy",Action,Warhammer 40K,Adventure,RPG,Hack and Slash,79.0
3141,1045720,The Coma 2: Vicious Sisters,Horror,Adventure,Indie,Singleplayer,Survival Horror,95.0
3142,1198450,The Secret Order 8: Return to the Buried Kingdom,Adventure,Casual,Hidden Object,Female Protagonist,Fantasy,83.0
3143,1145360,Hades,Action Roguelike,Roguelite,Hack and Slash,Indie,Mythology,98.0
3144,1203710,UnMetal,2D,Pixel Graphics,Old School,Action,Comedy,93.0
3145,1210150,Ageless,Indie,Adventure,Female Protagonist,Pixel Graphics,Puzzle Platformer,70.0
3146,1213210,Command & Conquer™ Remastered Collection,Strategy,RTS,Base Building,Multiplayer,Classic,90.0
3147,1218900,Zup! Z,Puzzle,Indie,Casual,Fast-Paced,2D,97.0
3148,1222690,Dragon Age™ Inquisition,RPG,Character Customization,Open World,Choices Matter,Fantasy,75.0
3149,1222730,STAR WARS™: Squadrons,Flight,Space,VR,Multiplayer,Sci-fi,68.0
3150,1225070,Family Mysteries: Poisonous Promises,Adventure,Casual,Hidden Object,Detective,Mystery,80.0
3151,1225560,Unravel,Action,Puzzle,Adventure,Family Friendly,Singleplayer,90.0
3152,1227530,Partisans 1941,Strategy,Real Time Tactics,World War II,Stealth,Tactical,83.0
3153,1227650,Bang-On Balls: Chronicles,Combat,Co-op,Open World,Local Co-Op,Sandbox,96.0
3154,1227690,Severed Steel,FPS,Bullet Time,Action,Parkour,Shooter,95.0
3155,1234940,Astronarch,Strategy,Indie,RPG,Auto Battler,Casual,90.0
3156,1238060,Dead Space™ 3,Action,Horror,Online Co-Op,Sci-fi,Co-op,74.0
3157,1239690,Retrowave,Racing,Indie,1980s,Casual,Retro,96.0
3158,1244460,Jurassic World Evolution 2,Dinosaurs,Building,Simulation,Management,Sandbox,89.0
3159,1245430,Golden Light,Action,3D,Singleplayer,Stealth,Procedural Generation,91.0
3160,1238000,Mass Effect™: Andromeda,Character Customization,Sci-fi,RPG,Third-Person Shooter,Singleplayer,75.0
3161,1237970,Titanfall® 2,FPS,Mechs,Multiplayer,Shooter,Singleplayer,95.0
3162,1253920,Rogue Legacy 2,Arcade,Metroidvania,Platformer,Action,Indie,90.0
3163,1258080,Shop Titans,Idler,Shop Keeper,Medieval,Crafting,Base Building,78.0
3164,397540,Borderlands 3,RPG,Looter Shooter,Multiplayer,FPS,Action,85.0
3165,1259420,Days Gone,Open World,Zombies,Survival,Singleplayer,Post-apocalyptic,92.0
3166,1262060,Battle Ram,Spectacle fighter,Bullet Hell,Robots,Perma Death,Difficult,87.0
3167,1267910,Melvor Idle,Idler,RPG,Casual,Indie,Singleplayer,90.0
3168,952060,Resident Evil 3,Action,Zombies,Horror,Female Protagonist,Multiplayer,81.0
3169,952070,RESIDENT EVIL RESISTANCE,Action,Multiplayer,Zombies,Survival Horror,Gore,38.0
3170,1271700,HOT WHEELS UNLEASHED™,Racing,Arcade,Driving,Multiplayer,Split Screen,81.0
3171,1272160,The Life and Suffering of Sir Brante,Choices Matter,RPG,Story Rich,Interactive Fiction,Choose Your Own Adventure,90.0
3172,1262580,Need for Speed™ Payback,Racing,Open World,Multiplayer,Combat Racing,Controller,86.0
3173,1276390,Bloons TD Battles 2,Free to Play,Tower Defense,Multiplayer,Competitive,Strategy,83.0
3174,1279630,Vampire: The Masquerade - Shadows of New York,Visual Novel,Indie,Vampire,Story Rich,Female Protagonist,79.0
3175,1281590,The Dark Pictures Anthology: House of Ashes,Choices Matter,Horror,Survival Horror,Psychological Horror,Multiple Endings,88.0
3176,1282730,Loop Hero,Tactical,Roguelike,Pixel Graphics,Deckbuilding,Choices Matter,93.0
3177,421170,Indivisible,RPG,Indie,Action,Platformer,Female Protagonist,72.0
3178,442120,Pinball FX3,Pinball,Free to Play,Arcade,Simulation,Casual,87.0
3179,1283410,Tails of Iron,Action RPG,Souls-like,2D,Adventure,Action-Adventure,88.0
3180,1284210,Guild Wars 2,MMORPG,Adventure,RPG,Character Customization,Free to Play,88.0
3181,1285670,Post Void,FPS,Psychedelic,Fast-Paced,Action Roguelike,Difficult,97.0
3182,1286350,BPM: BULLETS PER MINUTE,FPS,Rhythm,Roguelike,Action,Indie,92.0
3183,1286830,STAR WARS™: The Old Republic™,Free to Play,MMORPG,Multiplayer,Character Customization,Open World,89.0
3184,1287840,Disciples: Liberation,RPG,Strategy,Dark Fantasy,Female Protagonist,Tactical RPG,74.0
3185,1291010,Warpips,Tower Defense,Strategy,RTS,War,Auto Battler,88.0
3186,1071870,Biped,Relaxing,Character Customization,PvE,Co-op,Logic,86.0
3187,1158310,Crusader Kings III,Strategy,Medieval,Grand Strategy,Simulation,RPG,91.0
3188,1302050,Milky Way Prince – The Vampire Star,Visual Novel,LGBTQ+,Story Rich,Anime,Indie,86.0
3189,1303950,Toodee and Topdee,Controller,Puzzle,Colorful,Top-Down,Puzzle Platformer,94.0
3190,1151340,Fallout 76,Open World,Multiplayer,Dark Comedy,Post-apocalyptic,RPG,75.0
3191,1311070,Greak: Memories of Azur,Atmospheric,Fantasy,Cinematic,Metroidvania,Action-Adventure,81.0
3192,1325900,Demon Turf,Exploration,Precision Platformer,3D Platformer,Collectathon,Platformer,86.0
3193,1328670,Mass Effect™ Legendary Edition,Story Rich,RPG,Choices Matter,Sci-fi,Singleplayer,91.0
3194,1331910,Morkredd,Physics,Puzzle,Local Co-Op,Dark,Atmospheric,71.0
3195,544610,Battlestar Galactica Deadlock,Strategy,Space,Sci-fi,Turn-Based,Turn-Based Strategy,86.0
3196,1342620,Werewolf: The Apocalypse - Heart of the Forest,Story Rich,Visual Novel,Choices Matter,RPG,Interactive Fiction,85.0
3197,1343400,RuneScape,Free to Play,MMORPG,Open World,Massively Multiplayer,RPG,83.0
3198,1041720,Kingdoms of Amalur: Re-Reckoning,RPG,Action,Action RPG,Fantasy,Singleplayer,77.0
3199,1353270,Five Dates,FMV,Dating Sim,Choose Your Own Adventure,Choices Matter,Adventure,88.0
3200,638230,Journey,Beautiful,Adventure,Atmospheric,Indie,Exploration,94.0
3201,1364100,Lacuna,Detective,Pixel Graphics,Noir,Interactive Fiction,Multiple Endings,91.0
3202,1367300,Blade Assault,Action,Roguelike,Pixel Graphics,Platformer,Action-Adventure,76.0
3203,1368430,Streets Of Kamurocho,,,,,,
3204,1368460,Golden Axed: A Cancelled Prototype,,,,,,
3205,826940,Maid of Sker,Horror,Adventure,Action,Gore,Violent,80.0
3206,1380420,Grow: Song of the Evertree,Singleplayer,Adventure,Casual,Wholesome,Simulation,84.0
3207,870780,Control Ultimate Edition,Action,Supernatural,Female Protagonist,Adventure,Story Rich,88.0
3208,1383960,Nickelodeon Kart Racers 2: Grand Prix,Racing,Action,Casual,Arcade,Action-Adventure,84.0
3209,1388870,Arcade Paradise,Adventure,Arcade,Management,1990's,Comedy,88.0
3210,1389550,Mind Scanners,Time Management,Dystopian,Political,Simulation,Multiple Endings,81.0
3211,1397920,Mr.Mine,Idler,Clicker,Strategy,Simulation,Casual,92.0
3212,1404210,Red Dead Online,Open World,Multiplayer,Western,Action,Adventure,83.0
3213,719040,Wasteland 3,CRPG,Character Customization,Choices Matter,Story Rich,Sexual Content,84.0
3214,1406850,The Legend of Tianding,Adventure,Controller,RPG,Combat,Martial Arts,95.0
3215,1113560,NieR Replicant ver.1.22474487139...,Great Soundtrack,Story Rich,Action,RPG,JRPG,87.0
3216,1432050,Nobody Saves the World,Singleplayer,Indie,Co-op,Multiplayer,Action,91.0
3217,1433860,The Amazing American Circus,RPG,Adventure,Turn-Based Tactics,Strategy RPG,Turn-Based Combat,63.0
3218,680420,OUTRIDERS,Looter Shooter,RPG,Co-op,Third-Person Shooter,Action,66.0
3219,1238810,Battlefield™ V,FPS,Multiplayer,World War II,Singleplayer,Shooter,70.0
3220,578650,The Outer Worlds,Open World,Action RPG,RPG,Exploration,FPS,83.0
3221,1139900,Ghostrunner,Action,Cyberpunk,Fast-Paced,First-Person,Difficult,91.0
3222,1453790,The Serpent Rogue,Crafting,Adventure,Action-Adventure,Singleplayer,Open World,67.0
3223,274520,Darkwood,Horror,Survival Horror,Top-Down,Survival,Atmospheric,94.0
3224,1462040,FINAL FANTASY VII REMAKE INTERGRADE,RPG,Action RPG,JRPG,Singleplayer,Action-Adventure,89.0
3225,1476970,Legends of Idleon MMO,Idler,Management,Pixel Graphics,MMORPG,Free to Play,78.0
3226,1484720,Dead Estate,Action Roguelike,Twin Stick Shooter,Horror,Shoot 'Em Up,Replay Value,95.0
3227,1486630,Intravenous,Stealth,Tactical,Difficult,Assassin,Top-Down Shooter,92.0
3228,1488200,Symphony of War: The Nephilim Saga,Tactical RPG,RPG,Story Rich,Fantasy,Turn-Based Strategy,95.0
3229,1496790,Gotham Knights,Action,Open World,Superhero,Online Co-Op,Singleplayer,68.0
3230,1506510,The Ramp,Skateboarding,Sports,Skating,Relaxing,Minimalist,95.0
3231,1533420,Neon White,FPS,3D Platformer,Action,Platformer,Parkour,98.0
3232,1535560,Farmer Against Potatoes Idle,Idler,Casual,Simulation,Clicker,Resource Management,95.0
3233,1538570,Patron,City Builder,Colony Sim,Strategy,Survival,Medieval,74.0
3234,1382330,Persona 5 Strikers,Anime,Hack and Slash,JRPG,Great Soundtrack,Adventure,90.0
3235,7800,Stubbs the Zombie in Rebel Without a Pulse,Zombies,Funny,Villain Protagonist,Violent,Gore,90.0
3236,1579380,Shadow Tactics: Blades of the Shogun - Aiko's Choice,Real Time Tactics,Strategy,Isometric,Action,Stealth,93.0
3237,1590910,Forgive Me Father,FPS,Boomer Shooter,Lovecraftian,Action,Shooter,85.0
3238,1593500,God of War,Action,Singleplayer,Story Rich,Adventure,Mythology,96.0
3239,1599880,Cats in Time,Puzzle,Relaxing,Casual,Cats,Hidden Object,97.0
3240,740130,Tales of Arise,Anime,JRPG,RPG,Action RPG,Singleplayer,87.0
3241,979070,Just Die Already,Open World,Sandbox,Multiplayer,Adventure,Simulation,85.0
3242,979690,The Ascent,Top-Down Shooter,Cyberpunk,RPG,Action,Co-op,75.0
3243,1472560,I Am Fish,Adventure,Simulation,3D Platformer,Physics,Cartoon,75.0
3244,1634150,Behind the Frame: The Finest Scenery,Atmospheric,Singleplayer,Story Rich,Puzzle,Female Protagonist,95.0
3245,1167140,Siege Survival: Gloria Victis,Singleplayer,City Builder,Immersive Sim,Resource Management,Survival,79.0
3246,1277400,Monster Hunter Stories 2: Wings of Ruin,RPG,Adventure,JRPG,Exploration,3D,81.0
3247,1088850,Marvel's Guardians of the Galaxy,Singleplayer,Story Rich,Action,Action-Adventure,Third-Person Shooter,94.0
3248,1222370,Necromunda: Hired Gun,Action,Warhammer 40K,Adventure,FPS,Shooter,69.0
3249,1714040,Super Auto Pets,Auto Battler,Free to Play,Strategy,Multiplayer,Cute,90.0
3250,1245620,ELDEN RING,Souls-like,Open World,Dark Fantasy,RPG,Difficult,92.0
3251,1110910,Mortal Shell,Souls-like,Dark Fantasy,Action,RPG,Difficult,70.0
3252,1240440,Halo Infinite,Free to Play,FPS,Multiplayer,Singleplayer,Shooter,70.0
3253,921800,Encased,CRPG,Turn-Based Combat,Strategy,Post-apocalyptic,RPG,77.0
3254,1252330,DEATHLOOP,FPS,Action,Stealth,First-Person,Immersive Sim,77.0
3255,1119980,In Sound Mind,Horror,Psychological Horror,Story Rich,Puzzle,Action,95.0
3256,924970,Back 4 Blood,Zombies,Online Co-Op,Multiplayer,Shooter,FPS,67.0
3257,1794680,Vampire Survivors,Action Roguelike,Bullet Hell,Pixel Graphics,Roguelite,2D,98.0
3258,1097200,Twelve Minutes,Indie,Adventure,Mystery,Puzzle,Story Rich,72.0
3259,1815570,Aces and Adventures,Deckbuilding,Adventure,Strategy,Card Game,Roguelite,91.0
3260,1818750,MultiVersus,Multiplayer,2D Fighter,Co-op,Action,Competitive,77.0
3261,1466640,Road 96,First-Person,Colorful,1990's,Adventure,Choices Matter,91.0
3262,1090630,Granblue Fantasy: Versus,Action,Anime,Fighting,2D Fighter,PvP,83.0
3263,1768280,Ozymandias,Grand Strategy,Turn-Based Strategy,4X,Historical,Strategy,89.0
3264,1611910,"Warhammer 40,000: Chaos Gate - Daemonhunters",Warhammer 40K,Turn-Based Strategy,Turn-Based Tactics,Strategy RPG,Tactical,77.0
3265,1891700,Tap Ninja,Clicker,Idler,Casual,Pixel Graphics,Ninja,85.0
3266,1599340,Lost Ark,MMORPG,Free to Play,Action RPG,Multiplayer,Hack and Slash,71.0
3267,1919460,Seraph's Last Stand,Action Roguelike,Bullet Hell,Casual,Roguelike Deckbuilder,2D,93.0
3268,1480560,Lawn Mowing Simulator,Simulation,Realistic,Relaxing,Farming Sim,Immersive Sim,75.0
3269,1929870,Nomad Survival,Action Roguelike,Bullet Hell,Roguelite,Auto Battler,PvE,88.0
3270,1942280,Brotato,Singleplayer,Roguelike,Action Roguelike,Sci-fi,Survival,96.0
3271,1944570,Boneraiser Minions,Action Roguelike,Bullet Hell,Pixel Graphics,Roguelite,2D,96.0
3272,1949190,Necrosmith,Zombies,Action Roguelike,Tower Defense,Bullet Hell,Roguelite,86.0
3273,1954200,Kena: Bridge of Spirits,Action,Adventure,Action-Adventure,Souls-like,Female Protagonist,91.0
3274,1955330,Save Room - Organization Puzzle,Puzzle,Inventory Management,Relaxing,Minimalist,Logic,97.0
3275,1966900,20 Minutes Till Dawn,Action Roguelike,Bullet Hell,Survival,Horror,Shoot 'Em Up,91.0
3276,1988550,To The Core,Casual,Clicker,2D,Arcade,Procedural Generation,93.0
3277,1997040,MARVEL SNAP,Free to Play,Card Battler,Strategy,Card Game,Multiplayer,82.0
3278,1824220,Chivalry 2,Swordplay,Massively Multiplayer,Medieval,Hack and Slash,Gore,81.0
3279,2066020,Soulstone Survivors,Action Roguelike,Bullet Hell,Early Access,Roguelite,Action RPG,90.0
3280,1313140,Cult of the Lamb,Base Building,Cute,Action Roguelike,Singleplayer,Character Customization,95.0
3281,2071280,Ravenswatch,Roguelike,Co-op,Action,Action Roguelike,Singleplayer,79.0
3282,1237320,Sonic Frontiers,Great Soundtrack,Open World,Adventure,3D Platformer,Action,91.0
3283,2113430,Soulstone Survivors: Prologue,Action Roguelike,Bullet Hell,Roguelite,Action RPG,Roguelike,95.0
3284,1196590,Resident Evil Village,Survival Horror,Horror,First-Person,Singleplayer,Action,95.0
3285,1608070,CRISIS CORE –FINAL FANTASY VII– REUNION,Action,RPG,Adventure,JRPG,Action RPG,89.0
3286,797400,Railroad Corporation,Strategy,Trains,Management,Simulation,Historical,75.0
3287,2050650,Resident Evil 4,Horror,Action,Survival Horror,Third-Person Shooter,Zombies,97.0
3288,2187290,Wall World,Roguelite,Mining,Tower Defense,Pixel Graphics,Roguelike,92.0
3289,1938090,Call of Duty®,FPS,Multiplayer,Shooter,Singleplayer,Action,55.0
3290,841190,"Honey, I Joined a Cult",Simulation,Base Building,Resource Management,Illuminati,Management,76.0
3291,2218750,Halls of Torment,Action Roguelike,Roguelite,Bullet Hell,Pixel Graphics,Action RPG,95.0
3292,2221490,Tom Clancy's The Division 2,Looter Shooter,Open World,Multiplayer,Third-Person Shooter,Singleplayer,75.0
3293,1907720,Autonauts vs Piratebots,Simulation,Strategy,Automation,Casual,Crafting,81.0
3294,1502190,From Space,Action,Co-op,Online Co-Op,Top-Down Shooter,Multiplayer,67.0
3295,1294660,Divine Knockout (DKO),Action,Multiplayer,3D Fighter,Fantasy,Controller,66.0
3296,1817230,Hi-Fi RUSH,Rhythm,Action,Hack and Slash,Singleplayer,Great Soundtrack,97.0
3297,1972440,Shotgun King: The Final Checkmate,Chess,Turn-Based Strategy,Strategy,Roguelike,Action Roguelike,93.0
3298,1364780,Street Fighter™ 6,2D Fighter,Fighting,Character Customization,Action,Arcade,85.0
3299,2316660,Halls of Torment Prelude,Bullet Hell,Dark Fantasy,Retro,Atmospheric,Character Customization,93.0
3300,1712840,Tiny Tina's Assault on Dragon Keep: A Wonderlands One-shot Adventure,Looter Shooter,Adventure,Fantasy,Action RPG,Co-op Campaign,69.0
3301,2342950,God Of Weapons,Action Roguelike,Inventory Management,RPG,Roguelite,Arena Shooter,86.0
3302,1282100,Remnant II,Souls-like,Action,Co-op,Adventure,RPG,83.0
3303,1549970,Aliens: Fireteam Elite,Co-op,Shooter,Aliens,Action,Horror,81.0
3304,1150440,Aliens: Dark Descent,Strategy,Action,Tactical,RTS,Sci-fi,88.0
3305,1143810,Black Skylands,Pixel Graphics,Open World,Sandbox,Simulation,Base Building,82.0
3306,1485590,ENDLESS™ Dungeon,Action,Roguelike,Tower Defense,Strategy,Dungeon Crawler,64.0
3307,440,Team Fortress 2,Free to Play,Hero Shooter,Multiplayer,FPS,Shooter,88.0
3308,570,Dota 2,Free to Play,MOBA,Multiplayer,Strategy,eSports,81.0
3309,420,Half-Life 2: Episode Two,FPS,Action,Sci-fi,Singleplayer,Shooter,97.0
3310,20,Team Fortress Classic,Action,FPS,Multiplayer,Classic,Hero Shooter,86.0
3311,50,Half-Life: Opposing Force,FPS,Action,Classic,Sci-fi,Singleplayer,95.0
3312,1200,Red Orchestra: Ostfront 41-45,World War II,Action,FPS,Realistic,Multiplayer,85.0
3313,1300,SiN Episodes: Emergence,Action,FPS,Cyberpunk,Sci-fi,Shooter,88.0
3314,7000,Tomb Raider: Legend,Adventure,Action,Female Protagonist,Third Person,Puzzle,87.0
3315,320,Half-Life 2: Deathmatch,Action,FPS,Multiplayer,Shooter,First-Person,90.0
3316,340,Half-Life 2: Lost Coast,FPS,Action,Singleplayer,First-Person,Sci-fi,89.0
3317,8000,Tomb Raider: Anniversary,Action,Adventure,Female Protagonist,Third Person,Puzzle,81.0
3318,9180,Commander Keen Complete Pack,Platformer,Classic,1990's,2D,Action,93.0
3319,4500,S.T.A.L.K.E.R.: Shadow of Chernobyl,Atmospheric,Post-apocalyptic,Open World,FPS,Survival,94.0
3320,360,Half-Life Deathmatch: Source,Action,FPS,Multiplayer,Shooter,Sci-fi,73.0
3321,380,Half-Life 2: Episode One,FPS,Action,Sci-fi,Singleplayer,Story Rich,95.0
3322,12140,Max Payne,Action,Noir,Classic,Third-Person Shooter,Bullet Time,88.0
3323,8140,Tomb Raider: Underworld,Adventure,Action,Female Protagonist,Third Person,Puzzle,76.0
3324,12210,Grand Theft Auto IV: The Complete Edition,Open World,Action,Automobile Sim,Multiplayer,Crime,82.0
3325,24420,Aquaria,Metroidvania,Indie,Exploration,Female Protagonist,Great Soundtrack,90.0
3326,21980,Call of Juarez: Bound in Blood,Western,Action,FPS,Singleplayer,Multiplayer,86.0
3327,21680,Bionic Commando Rearmed,Action,Platformer,Remake,Local Co-Op,Great Soundtrack,69.0
3328,32350,STAR WARS™ Starfighter™,Action,Simulation,Space,Sci-fi,Singleplayer,55.0
3329,21670,Bionic Commando,Action,Adventure,Third Person,Singleplayer,Great Soundtrack,75.0
3330,37400,"Time Gentlemen, Please!",Point & Click,Adventure,Indie,Comedy,2D,86.0
3331,37420,"Ben There, Dan That!",Point & Click,Adventure,Indie,Comedy,2D,86.0
3332,15520,AaAaAA!!! - A Reckless Disregard for Gravity,Action,Indie,First-Person,Sports,Score Attack,83.0
3333,32380,STAR WARS™ Jedi Knight: Dark Forces II,Action,FPS,Sci-fi,Classic,Third Person,79.0
3334,6030,STAR WARS™ Jedi Knight II: Jedi Outcast™,Action,Classic,Sci-fi,FPS,Multiplayer,91.0
3335,6020,STAR WARS™ Jedi Knight: Jedi Academy™,Action,Sci-fi,Third Person,Multiplayer,Classic,96.0
3336,32410,Lucidity,Casual,Platformer,Puzzle,Female Protagonist,Indie,70.0
3337,32430,STAR WARS™: The Force Unleashed™ Ultimate Sith Edition,Action,Singleplayer,Hack and Slash,Third Person,Sci-fi,76.0
3338,45100,Secret of the Magic Crystal,Time Management,Management,Crafting,Farming Sim,Action-Adventure,79.0
3339,8190,Just Cause 2,Open World,Action,Sandbox,Multiplayer,Third Person,90.0
3340,45400,Fortix,Indie,Casual,Arcade,Fantasy,Singleplayer,94.0
3341,40930,The Misadventures of P.B. Winterbottom,Indie,Puzzle,Platformer,Adventure,Time Manipulation,88.0
3342,32360,The Secret of Monkey Island: Special Edition,Point & Click,Adventure,Comedy,Classic,Pirates,95.0
3343,1500,Darwinia,Indie,Tactical RPG,Shoot 'Em Up,Wargame,Real Time Tactics,78.0
3344,1510,Uplink,Hacking,Indie,Strategy,Singleplayer,Cyberpunk,90.0
3345,57640,Broken Sword 1 - Shadow of the Templars: Director's Cut,Adventure,Point & Click,Puzzle,Story Rich,2D,93.0
3346,22380,Fallout: New Vegas,Open World,RPG,Post-apocalyptic,Singleplayer,Moddable,96.0
3347,25010,Lugaru HD ,Action,3D Fighter,Indie,Martial Arts,Parkour,83.0
3348,80200,Fate of the World,Strategy,Political Sim,Simulation,Turn-Based,Indie,79.0
3349,80360,Blackwell Deception,Point & Click,Adventure,Indie,Female Protagonist,Supernatural,96.0
3350,38720,RUSH,Puzzle,Indie,Casual,Singleplayer,Strategy,89.0
3351,29180,Osmos,Indie,Casual,Puzzle,Relaxing,Singleplayer,86.0
3352,35130,Lara Croft and the Guardian of Light,Action,Adventure,Co-op,Local Co-Op,Puzzle,92.0
3353,55100,Homefront,Action,FPS,Shooter,Multiplayer,Singleplayer,64.0
3354,32510,LEGO® Star Wars™ III: The Clone Wars™,LEGO,Action,Adventure,Local Co-Op,Family Friendly,94.0
3355,95300,Capsized,Action,Indie,Platformer,Sci-fi,Local Co-Op,82.0
3356,105100,Lume,Adventure,Indie,Point & Click,Casual,Puzzle,47.0
3357,92000,Hydrophobia: Prophecy,Action,Adventure,Female Protagonist,Indie,Third Person,59.0
3358,104000,iBomber Defense,Strategy,Tower Defense,Indie,Casual,,76.0
3359,42140,Hamilton's Great Adventure,Local Co-Op,Adventure,3D Platformer,Puzzle,Puzzle Platformer,68.0
3360,21090,F.E.A.R.,Horror,FPS,Action,Bullet Time,Classic,93.0
3361,21110,F.E.A.R.: Extraction Point,Horror,FPS,Action,Bullet Time,Classic,93.0
3362,21120,F.E.A.R.: Perseus Mandate,Horror,FPS,Action,Bullet Time,Classic,93.0
3363,97000,Solar 2,Space,Indie,Casual,Sandbox,Relaxing,91.0
3364,19680,Alice: Madness Returns,Horror,3D Platformer,Female Protagonist,Dark Fantasy,Hack and Slash,89.0
3365,70120,Hacker Evolution Duality,Indie,Hacking,Simulation,,,32.0
3366,11280,Penguins Arena: Sedna's World,Action,Casual,Indie,Multiplayer,FPS,91.0
3367,41210,Eufloria,,,,,,
3368,50130,Mafia II (Classic),Action,Open World,Crime,Story Rich,Atmospheric,94.0
3369,1030830,Mafia II: Definitive Edition,Action,Adventure,Story Rich,Open World,Crime,72.0
3370,18700,And Yet It Moves,Platformer,Indie,Puzzle,2D,Casual,80.0
3371,26500,Cogs,Puzzle,Indie,Casual,Singleplayer,Steampunk,92.0
3372,26900,Crayon Physics Deluxe,Puzzle,Indie,Casual,Physics,Family Friendly,90.0
3373,41100,Hammerfight,Action,Indie,Physics,Mouse only,2D,72.0
3374,55040,Atom Zombie Smasher ,Real Time Tactics,Tower Defense,Zombies,Procedural Generation,Replay Value,89.0
3375,96200,Steel Storm: Burning Retribution,Indie,Action,Shooter,Arcade,Top-Down Shooter,76.0
3376,236830,Red Orchestra 2: Heroes of Stalingrad - Single Player,,,,,,
3377,950670,Gothic Playable Teaser,RPG,Singleplayer,Atmospheric,Gothic,Third Person,71.0
3378,9500,Gish,Indie,Action,Adventure,Platformer,Physics,60.0
3379,57800,Doc Clock: The Toasted Sandwich of Time,Casual,Indie,Adventure,Puzzle,,37.0
3380,46560,Robin Hood,Strategy,Stealth,Isometric,Medieval,Tactical,63.0
3381,6840,Commandos 3: Destination Berlin,Strategy,Action,Tactical,Stealth,World War II,61.0
3382,41060,Serious Sam Classic: The Second Encounter,Action,FPS,Classic,Gore,Shooter,96.0
3383,98100,TRAUMA,Indie,Adventure,Casual,Point & Click,Experimental,73.0
3384,102600,Orcs Must Die!,Tower Defense,Action,Strategy,Third Person,Fantasy,96.0
3385,201480,Serious Sam: The Random Encounter,Action,Indie,RPG,Turn-Based,2D,49.0
3386,110800,L.A. Noire,Detective,Crime,Open World,Noir,Adventure,85.0
3387,99700,NightSky,Puzzle Platformer,Indie,Platformer,Casual,Puzzle,91.0
3388,202410,Scoregasm,Action,Indie,Twin Stick Shooter,Bullet Hell,Score Attack,84.0
3389,201830,Jurassic Park: The Game,Dinosaurs,Adventure,Quick-Time Events,Singleplayer,Point & Click,70.0
3390,61310,Fractal: Make Blooms Not War,Casual,Indie,Puzzle,,,79.0
3391,12130,Manhunt,Gore,Violent,Stealth,Horror,Action,70.0
3392,202730,Dynamite Jack,Indie,Action,Adventure,Stealth,Top-Down,89.0
3393,41800,Gratuitous Space Battles,Strategy,Auto Battler,Space,Top-Down,Sci-fi,77.0
3394,99300,Renegade Ops,Action,Twin Stick Shooter,Arcade,Top-Down,Local Co-Op,85.0
3395,2420,The Ship Single Player,Action,Indie,RPG,Singleplayer,FPS,68.0
3396,2430,The Ship Tutorial,,,,,,
3397,67370,The Darkness II,FPS,Action,Gore,Shooter,Dark,91.0
3398,202530,SONIC THE HEDGEHOG 4 Episode I,Platformer,2D,Action,Adventure,Colorful,45.0
3399,38740,EDGE,Puzzle Platformer,Puzzle,Indie,Action,Platformer,92.0
3400,38700,Toki Tori,Puzzle,Indie,Casual,Platformer,Cute,88.0
3401,520720,Dear Esther: Landmark Edition,Walking Simulator,Atmospheric,Indie,Exploration,First-Person,78.0
3402,35000,Mini Ninjas,Adventure,Action,Ninja,Stealth,Cute,90.0
3403,207570,English Country Tune,Puzzle,Indie,Casual,Abstract,Difficult,91.0
3404,201700,DiRT Showdown,,,,,,
3405,96800,Nexuiz,Action,Arena Shooter,FPS,Multiplayer,First-Person,55.0
3406,6220,FlatOut,Combat Racing,Racing,Automobile Sim,Destruction,Action,92.0
3407,40720,Samorost 2,Point & Click,Casual,Exploration,2D,Family Friendly,86.0
3408,207690,Botanicula,Casual,Funny,Exploration,Point & Click,Story Rich,96.0
3409,7670,BioShock,FPS,Atmospheric,Story Rich,Action,Singleplayer,94.0
3410,203650,SONIC THE HEDGEHOG 4 Episode II,Adventure,Platformer,Co-op,2D,Action,78.0
3411,32370,STAR WARS™ Knights of the Old Republic™,RPG,Sci-fi,Story Rich,Singleplayer,Classic,90.0
3412,205930,Hitman: Sniper Challenge,,,,,,
3413,200010,Quantum Conundrum,Puzzle Platformer,Puzzle,3D Platformer,First-Person,Physics,83.0
3414,204100,Max Payne 3,Action,Third-Person Shooter,Bullet Time,Story Rich,Multiplayer,86.0
3415,108800,Crysis 2 Maximum Edition,Action,FPS,Sci-fi,Shooter,Singleplayer,86.0
3416,209830,Lone Survivor: The Director's Cut,Horror,Indie,Survival Horror,Pixel Graphics,Adventure,86.0
3417,209790,Splice,Puzzle,Indie,Casual,Relaxing,Great Soundtrack,87.0
3418,213030,Penny Arcade's On the Rain-Slick Precipice of Darkness 3,JRPG,Lovecraftian,Detective,Turn-Based Combat,Comedy,85.0
3419,107300,Breath of Death VII ,JRPG,RPG,Funny,Indie,Retro,83.0
3420,202750,Alan Wake's American Nightmare,Action,Adventure,Horror,Third Person,Singleplayer,72.0
3421,108700,Death Rally,Racing,Action,Remake,Arcade,Combat Racing,71.0
3422,204220,Snapshot,Indie,Adventure,Casual,Platformer,Puzzle,79.0
3423,33610,Broken Sword 3 - the Sleeping Dragon,Adventure,Mystery,Point & Click,Puzzle,Singleplayer,55.0
3424,33600,Broken Sword 2 - the Smoking Mirror: Remastered,Adventure,Point & Click,Puzzle,Mystery,Retro,91.0
3425,108500,Vessel,Puzzle,Indie,Platformer,Steampunk,Action,89.0
3426,65300,Dustforce,Precision Platformer,Platformer,Great Soundtrack,Indie,Difficult,93.0
3427,10110,Space Quest Collection,Adventure,Point & Click,Classic,Comedy,Retro,85.0
3428,205230,Hell Yeah!,Platformer,Action,2D,Comedy,Singleplayer,85.0
3429,18420,Crazy Machines,Puzzle,Casual,Strategy,Physics,Singleplayer,83.0
3430,200370,A Game of Dwarves,Strategy,Casual,Dwarf,City Builder,Fantasy,63.0
3431,205100,Dishonored,Stealth,Action,First-Person,Story Rich,Steampunk,97.0
3432,7850,Cryostasis,,,,,,
3433,218740,Pid ,Indie,Puzzle Platformer,Adventure,Platformer,Puzzle,70.0
3434,583930,Faerie Solitaire Remastered,Card Game,Board Game,Puzzle,Fantasy,Indie,87.0
3435,6850,Hitman 2: Silent Assassin,Stealth,Action,Third Person,Assassin,Singleplayer,82.0
3436,214510,LEGO® The Lord of the Rings™,LEGO,Adventure,Local Co-Op,Action,Fantasy,90.0
3437,26000,The Maw,Indie,Action,Platformer,Cute,Adventure,83.0
3438,227200,Waking Mars,Sci-fi,Adventure,Indie,Exploration,Platformer,89.0
3439,230980,Starseed Pilgrim,Indie,Adventure,Puzzle,Minimalist,Exploration,79.0
3440,233230,Kairo,Puzzle,Exploration,Indie,Atmospheric,First-Person,74.0
3441,222660,Retro/Grade,Indie,Action,Rhythm,Music,Shoot 'Em Up,85.0
3442,233740,Organ Trail: Director's Cut,Zombies,Indie,Retro,Strategy,Post-apocalyptic,89.0
3443,224760,FEZ,Platformer,Indie,Puzzle,Pixel Graphics,Exploration,93.0
3444,31100,Wallace & Gromit Ep 1: Fright of the Bumblebees,Adventure,Casual,Interactive Fiction,Character Action Game,Visual Novel,89.0
3445,31220,Sam & Max 301: The Penal Zone,Adventure,Point & Click,Comedy,Detective,Episodic,92.0
3446,31230,Sam & Max 302: The Tomb of Sammun-Mak,Adventure,Point & Click,,,,93.0
3447,31270,Puzzle Agent,Puzzle,Adventure,Point & Click,Casual,Detective,88.0
3448,31290,Back to the Future: Ep 1 - It's About Time,Adventure,Point & Click,Comedy,Puzzle,Funny,89.0
3449,94500,Back to the Future: Ep 2 - Get Tannen!,Point & Click,Adventure,Episodic,Singleplayer,Puzzle,89.0
3450,94510,Back to the Future: Ep 3 - Citizen Brown,Point & Click,Adventure,Episodic,Puzzle,,88.0
3451,94520,Back to the Future: Ep 4 - Double Visions,Point & Click,Episodic,Adventure,Puzzle,,91.0
3452,94530,Back to the Future: Ep 5 - OUTATIME,Point & Click,Adventure,Episodic,,,91.0
3453,94590,Puzzle Agent 2,Adventure,Puzzle,Point & Click,Casual,Detective,87.0
3454,94600,Hector: Ep 1,Adventure,Casual,Action,Gore,Violent,82.0
3455,206190,Gunpoint,Stealth,Indie,Puzzle,2D,Pixel Graphics,97.0
3456,236370,Interstellar Marines,Action,FPS,Indie,Tactical,Co-op,52.0
3457,243200,Memoria,Adventure,Point & Click,Puzzle,Story Rich,Singleplayer,89.0
3458,2280,DOOM + DOOM II,FPS,Classic,1990's,Action,Great Soundtrack,96.0
3459,244870,Electronic Super Joy,Platformer,Indie,Great Soundtrack,Difficult,Music,90.0
3460,9480,Saints Row 2,Open World,Action,Character Customization,Sandbox,Third-Person Shooter,74.0
3461,265210,Viscera Cleanup Detail: Santa's Rampage,Simulation,Gore,Co-op,Blood,Indie,91.0
3462,244590,Epigenesis,Action,Sports,Indie,FPS,Multiplayer,65.0
3463,209000,Batman™: Arkham Origins,Action,Open World,Superhero,Adventure,Stealth,89.0
3464,248860,NEO Scavenger,Survival,Post-apocalyptic,Roguelike,RPG,Turn-Based,89.0
3465,47790,Medal of Honor(TM) Single Player,FPS,Action,Shooter,Singleplayer,Multiplayer,81.0
3466,250320,The Wolf Among Us,Adventure,Detective,Story Rich,Episodic,Choose Your Own Adventure,97.0
3467,219640,Chivalry: Medieval Warfare,Medieval,Multiplayer,Action,Gore,First-Person,83.0
3468,251870,Go! Go! Nippon! ~My First Trip to Japan~,Anime,Visual Novel,Adventure,Cute,Casual,90.0
3469,255280,1954 Alcatraz,Adventure,Point & Click,Indie,Singleplayer,Puzzle,71.0
3470,208730,Game of Thrones ,RPG,Fantasy,Action,Story Rich,Third Person,73.0
3471,15320,IL-2 Sturmovik: 1946,Simulation,Flight,World War II,Military,Historical,89.0
3472,259780,Nimble Quest,Casual,Indie,Action,Pixel Graphics,Arcade,90.0
3473,268540,The Whispered World Special Edition,Adventure,Point & Click,Indie,Singleplayer,Puzzle,75.0
3474,260230,Valiant Hearts: The Great War™ / Soldats Inconnus : Mémoires de la Grande Guerre™,Atmospheric,Historical,World War I,Adventure,War,95.0
3475,261030,The Walking Dead: Season Two,Zombies,Adventure,Story Rich,Episodic,Point & Click,96.0
3476,264560,Quest for Infamy,Adventure,RPG,Indie,Point & Click,Comedy,90.0
3477,259080,Just Cause 2: Multiplayer Mod,Open World,Multiplayer,Action,Third-Person Shooter,Adventure,91.0
3478,268130,Heat Signature,Space,Stealth,Indie,Top-Down,Roguelike,94.0
3479,269050,Year Walk,Horror,Indie,Adventure,Atmospheric,Puzzle,92.0
3480,269890,AR-K,Dark Humor,Adventure,Third Person,Difficult,Point & Click,55.0
3481,271590,Grand Theft Auto V,Open World,Action,Multiplayer,Crime,Automobile Sim,87.0
3482,274230,RONIN,Indie,Action,Ninja,Turn-Based,Platformer,71.0
3483,278440,0RBITALIS,Simulation,Indie,Puzzle,Space,Physics,69.0
3484,281200,A Boy and His Blob,Adventure,Puzzle Platformer,Family Friendly,Remake,Puzzle,82.0
3485,282880,FaeVerse Alchemy,Casual,Indie,Strategy,Puzzle,Match 3,55.0
3486,287980,Mini Metro,Strategy,Puzzle,Minimalist,Simulation,Trains,95.0
3487,290890,You Must Build A Boat,Casual,Match 3,Strategy,Indie,Action,81.0
3488,246070,Hack 'n' Slash,Adventure,Indie,Hacking,Hack and Slash,Puzzle,58.0
3489,296910,8BitBoy,Platformer,Indie,Action,Casual,Pixel Graphics,73.0
3490,297020,The Culling Of The Cows,Indie,Casual,Action,Tower Defense,Strategy,76.0
3491,8600,RACE 07,Racing,Automobile Sim,Simulation,Driving,Multiplayer,89.0
3492,211500,RaceRoom Racing Experience ,Free to Play,Racing,Automobile Sim,Realistic,Multiplayer,74.0
3493,306680,Lexica,Casual,Indie,Puzzle,Word Game,Singleplayer,80.0
3494,307580,Technobabylon,Adventure,Point & Click,Cyberpunk,Pixel Graphics,Indie,94.0
3495,310080,Hatoful Boyfriend,Visual Novel,Dating Sim,Anime,Female Protagonist,Story Rich,94.0
3496,311340,METAL GEAR SOLID V: GROUND ZEROES,Stealth,Action,Tactical,Short,Singleplayer,83.0
3497,313690,LEGO® Batman™ 3: Beyond Gotham,LEGO,Adventure,Multiplayer,Action,Open World,89.0
3498,314160,Microsoft Flight Simulator X: Steam Edition,Flight,Simulation,Realistic,Open World,Multiplayer,85.0
3499,205020,Lumino City,Adventure,Point & Click,Puzzle,Great Soundtrack,Indie,85.0
3500,317710,Velocibox,Indie,Action,Difficult,Fast-Paced,Singleplayer,94.0
3501,28000,Kane & Lynch 2: Dog Days,Action,Co-op,Third-Person Shooter,Crime,Violent,66.0
3502,321920,Schein,Precision Platformer,Side Scroller,Sokoban,2D Platformer,Puzzle Platformer,70.0
3503,330840,Game of Thrones - A Telltale Games Series,Story Rich,Episodic,Adventure,Choices Matter,Fantasy,75.0
3504,339800,HuniePop,Nudity,Mature,Sexual Content,Anime,Dating Sim,96.0
3505,346010,Besiege,Physics,Simulation,Building,Destruction,Sandbox,95.0
3506,351030,Pixel Puzzles Ultimate Jigsaw,Puzzle,Board Game,Tabletop,2D,Relaxing,74.0
3507,353700,The Deadly Tower of Monsters,Action,Adventure,Indie,Sci-fi,Comedy,89.0
3508,365120,Curse of the Crescent Isle DX,Action,Adventure,Indie,Platformer,Pixel Graphics,74.0
3509,370360,TIS-100,Programming,Puzzle,Indie,Difficult,Simulation,97.0
3510,365160,Kona,Adventure,Survival,Detective,Atmospheric,First-Person,82.0
3511,377680,Sakura Beach,Anime,Nudity,Visual Novel,Mature,Simulation,83.0
3512,382300,Kidnapped,Adventure,Indie,Action,Horror,FPS,51.0
3513,388970,iZBOT,Precision Platformer,Platformer,Difficult,Pixel Graphics,2D,81.0
3514,421120,Samorost 3,Point & Click,Hand-drawn,Relaxing,Story Rich,Stylized,94.0
3515,429570,The Walking Dead: Michonne,Adventure,Zombies,Choices Matter,Story Rich,Female Protagonist,79.0
3516,205950,Jet Set Radio,Great Soundtrack,Classic,Action,3D Platformer,Singleplayer,91.0
3517,504210,SHENZHEN I/O,Programming,Automation,Puzzle,Logic,Simulation,95.0
3518,536220,The Walking Dead: A New Frontier,Zombies,Story Rich,Choices Matter,Adventure,Post-apocalyptic,81.0
3519,539470,Police Stories,Action,Strategy,Simulation,Co-op,Villain Protagonist,86.0
3520,545270,NBA Playgrounds,Sports,Basketball,Arcade,Multiplayer,Co-op,73.0
3521,601360,Portal: Revolution,Puzzle,Singleplayer,Mod,First-Person,Adventure,95.0
3522,228360,Full Throttle Remastered,Adventure,Point & Click,Comedy,Classic,Singleplayer,93.0
3523,679990,Half-Life: C.A.G.E.D.,Free to Play,Action,Adventure,Mod,First-Person,91.0
3524,711660,CHUCHEL,Casual,Comedy,Funny,Point & Click,Cartoon,83.0
3525,730820,The Curse of Monkey Island,Point & Click,1990's,Adventure,Cult Classic,Retro,97.0
3526,732810,Slipstream,Racing,Driving,Stylized,Arcade,Colorful,90.0
3527,798460,Ni no Kuni Wrath of the White Witch™ Remastered,RPG,Adventure,JRPG,Action,Anime,84.0
3528,844260,Rustler,Crime,Open World,Funny,Medieval,Top-Down Shooter,79.0
3529,845070,The Awesome Adventures of Captain Spirit,Free to Play,Story Rich,Adventure,Choices Matter,Atmospheric,92.0
3530,866800,The Walking Dead: The Final Season,Story Rich,Choices Matter,Zombies,Adventure,Choose Your Own Adventure,94.0
3531,874260,The Forgotten City,Adventure,Time Travel,Mystery,Exploration,Choices Matter,96.0
3532,906100,Observation,Indie,Adventure,Space,Sci-fi,Horror,78.0
3533,938560,INMOST,Indie,Pixel Graphics,Adventure,Story Rich,Exploration,91.0
3534,765870,Leisure Suit Larry - Wet Dreams Don't Dry,Adventure,Comedy,Point & Click,Puzzle,Retro,84.0
3535,956030,Creaks,Puzzle,Hand-drawn,Atmospheric,Surreal,2D,95.0
3536,960910,Heavy Rain,Choices Matter,Multiple Endings,Story Rich,Narration,Adventure,83.0
3537,1021770,Wanba Warriors,Fighting,Multiplayer,Funny,Parody,PvP,91.0
3538,1042490,Call of the Sea,Adventure,Puzzle,Story Rich,First-Person,Female Protagonist,88.0
3539,1049280,Pilgrims,Hand-drawn,Short,Stylized,Funny,Cartoon,96.0
3540,921570,OCTOPATH TRAVELER,RPG,JRPG,Pixel Graphics,Turn-Based,Story Rich,86.0
3541,1182310,The Excavation of Hob's Barrow,Point & Click,Adventure,Horror,Pixel Graphics,Female Protagonist,93.0
3542,1307580,TOEM,Cozy,Wholesome,Adventure,Puzzle,Exploration,99.0
3543,1338580,McPixel 3,Adventure,Pixel Graphics,Point & Click,Funny,2D,97.0
3544,1481400,Dagon,Horror,Lovecraftian,Atmospheric,Visual Novel,First-Person,95.0
3545,1511780,Last Call BBS,Puzzle,Retro,Automation,1990's,Solitaire,94.0
3546,616560,Ultimate Epic Battle Simulator,Simulation,Sandbox,War,Strategy,Action,77.0
3547,571310,SteamWorld Dig 2,Adventure,Metroidvania,Indie,Action,Platformer,95.0
3548,1873030,Wolfenstein: Enemy Territory,FPS,World War II,Multiplayer,Action,Shooter,84.0
3549,1190170,OlliOlli World,Sports,Precision Platformer,Skateboarding,2D Platformer,3D Platformer,94.0
3550,1902490,Aperture Desk Job,Free to Play,Singleplayer,Funny,Casual,Action,94.0
3551,40990,Mafia,Action,Story Rich,Crime,Classic,Open World,90.0
3552,15100,Assassin's Creed,Action,Combat,Adventure,Historical,Third Person,81.0
3553,17330,Crysis Warhead,FPS,Action,Sci-fi,Shooter,Singleplayer,85.0
3554,17340,Crysis Wars,FPS,Action,Sci-fi,Shooter,Singleplayer,85.0
3555,13600,Prince of Persia: The Sands of Time,Action,Adventure,Parkour,Platformer,Classic,86.0
3556,70400,Recettear: An Item Shop's Tale,Capitalism,Anime,RPG,Dungeon Crawler,JRPG,96.0
3557,63500,Swords and Soldiers HD,Strategy,Indie,Casual,2D,Action,89.0
3558,33420,Call of Juarez: The Cartel,,,,,,
3559,6800,Commandos: Behind Enemy Lines,Strategy,Stealth,World War II,Tactical,Action,89.0
3560,22350,BRINK,FPS,Action,Multiplayer,Parkour,Shooter,62.0
3561,2990,FlatOut 2,Racing,Combat Racing,Multiplayer,Destruction,Automobile Sim,96.0
3562,22600,Worms Reloaded,Strategy,2D,Turn-Based,Multiplayer,Local Multiplayer,86.0
3563,15560,AaaaaAAaaaAAAaaAAAAaAAAAA!!! for the Awesome,Flight,Sports,Arcade,First-Person,Cyberpunk,81.0
3564,6900,Hitman: Codename 47,Stealth,Action,Classic,Assassin,Singleplayer,72.0
3565,207210,Tony Hawk's Pro Skater HD,,,,,,
3566,11020,TrackMania Nations Forever,Racing,Free to Play,Multiplayer,Automobile Sim,Singleplayer,89.0
3567,8500,EVE Online,Space,Free to Play,Open World,Massively Multiplayer,RPG,73.0
3568,242760,The Forest,Open World Survival Craft,Survival,Open World,Horror,Crafting,95.0
3569,250460,Bridge Constructor,Simulation,Casual,Indie,Physics,Puzzle,78.0
3570,237740,Angry Video Game Nerd Adventures,Platformer,Indie,Action,Difficult,Adventure,89.0
3571,236450,PAC-MAN Championship Edition DX+,Arcade,Retro,Classic,Action,Score Attack,96.0
3572,3620,Zuma's Revenge,Casual,Action,Singleplayer,Puzzle,Match 3,95.0
3573,260750,Neighbours from Hell,Comedy,Casual,Classic,Funny,Point & Click,97.0
3574,232910,TrackMania² Stadium,Racing,Multiplayer,Automobile Sim,Level Editor,Time Attack,88.0
3575,269770,Secrets of Grindea,Singleplayer,Adventure,Multiplayer,Indie,Action RPG,89.0
3576,285310,RollerCoaster Tycoon: Deluxe,Simulation,Management,Classic,Sandbox,Strategy,94.0
3577,505170,Carmageddon: Max Damage,Combat Racing,Gore,Action,Racing,Vehicular Combat,79.0
3578,300060,ADR1FT,Space,Adventure,VR,Indie,First-Person,57.0
3579,301520,Robocraft,Free to Play,Robots,Building,Multiplayer,Action,73.0
3580,13520,Far Cry,FPS,Action,Classic,Shooter,Open World,81.0
3581,19900,Far Cry 2,Open World,FPS,Action,Shooter,Singleplayer,76.0
3582,220240,Far Cry® 3,Open World,FPS,Action,Adventure,Multiplayer,89.0
3583,233270,Far Cry® 3 Blood Dragon,FPS,1980s,Comedy,Action,Open World,87.0
3584,313740,Sakura Spirit,Anime,Visual Novel,Nudity,Mature,Dating Sim,77.0
3585,298110,Far Cry 4,Open World,Action,FPS,Co-op,Multiplayer,83.0
3586,332310,LEGO® Worlds,LEGO,Open World,Building,Sandbox,Adventure,77.0
3587,340280,Cubot,Indie,Puzzle,Minimalist,Casual,,88.0
3588,342380,Sakura Angels,Nudity,Anime,Mature,Visual Novel,Sexual Content,84.0
3589,346110,ARK: Survival Evolved,Open World Survival Craft,Survival,Multiplayer,Open World,Dinosaurs,84.0
3590,356890,One More Line,Rhythm,Fast-Paced,Abstract,Difficult,Score Attack,71.0
3591,383080,Sakura Clicker,Nudity,Free to Play,Anime,Sexual Content,Mature,83.0
3592,383870,Firewatch,Adventure,Atmospheric,Story Rich,Walking Simulator,Mystery,89.0
3593,402180,Sakura Swim Club,Nudity,Anime,Mature,Sexual Content,Visual Novel,85.0
3594,407330,Sakura Dungeon,Nudity,Sexual Content,Mature,Anime,RPG,91.0
3595,407980,Sakura Beach 2,Nudity,Anime,Mature,Visual Novel,Indie,80.0
3596,282440,Quake Live,FPS,Arena Shooter,Multiplayer,Classic,Fast-Paced,87.0
3597,371660,Far Cry Primal,Open World,Survival,Action,Adventure,Hunting,85.0
3598,425580,The Room Two,Puzzle,Mystery,Point & Click,Atmospheric,Hidden Object,97.0
3599,438040,Shakes and Fidget,Free to Play,RPG,Massively Multiplayer,Casual,Multiplayer,92.0
3600,440760,Cube Destroyer,Indie,Action,Singleplayer,Top-Down,Shoot 'Em Up,86.0
3601,450390,The Lab,Free to Play,VR,Singleplayer,Action,First-Person,95.0
3602,314710,Mighty No. 9,Platformer,Action,Anime,Kickstarter,Side Scroller,57.0
3603,462930,AdVenture Communist,Free to Play,Clicker,Casual,Singleplayer,Early Access,65.0
3604,460920,Steep,Sports,Open World,Multiplayer,Action,Simulation,81.0
3605,517000,Sakura Shrine Girls,Anime,Nudity,Visual Novel,Indie,Casual,85.0
3606,521500,Sakura Space,Nudity,Visual Novel,Sexual Content,Indie,Casual,79.0
3607,539670,Sakura Nova,Nudity,Sexual Content,Anime,Visual Novel,Mature,88.0
3608,555160,Pavlov VR,VR,Shooter,Action,Multiplayer,FPS,90.0
3609,564050,Bud Spencer & Terence Hill - Slaps And Beans,Beat 'em up,Action,Pixel Graphics,Retro,Arcade,91.0
3610,575510,Sakura Agent,Sexual Content,Visual Novel,Adventure,Casual,Indie,81.0
3611,575950,Blood Feed,Indie,Action,FPS,,,72.0
3612,581520,Sakura Magical Girls,Casual,Anime,Adventure,Visual Novel,Sexual Content,80.0
3613,611160,Karnage Chronicles,VR,Hack and Slash,Loot,RPG,Adventure,85.0
3614,619780,The Swords of Ditto: Mormo's Curse,Adventure,RPG,Action Roguelike,Co-op,Action,62.0
3615,402130,FlatOut 4: Total Insanity,Racing,Multiplayer,Automobile Sim,Destruction,Action,53.0
3616,386180,Crossout,Third Person,Gun Customization,Free to Play,Action,Vehicular Combat,75.0
3617,648800,Raft,Survival,Multiplayer,Open World Survival Craft,Co-op,Crafting,93.0
3618,677120,Heroes of Hammerwatch,Roguelite,Action Roguelike,Co-op,Pixel Graphics,RPG,87.0
3619,685680,Sakura Gamer,Sexual Content,Anime,Nudity,Visual Novel,Simulation,88.0
3620,813700,Sakura Sadist,Sexual Content,Visual Novel,Nudity,Anime,Female Protagonist,85.0
3621,815370,Green Hell,Open World Survival Craft,Survival,Multiplayer,Online Co-Op,Open World,86.0
3622,552520,Far Cry 5,Action-Adventure,Open World,Multiplayer,Co-op,FPS,80.0
3623,892970,Valheim,Open World Survival Craft,Survival,Online Co-Op,Open World,Multiplayer,94.0
3624,939960,Far Cry New Dawn,Open World,FPS,Action,Co-op,Multiplayer,75.0
3625,951440,Volcanoids,Open World Survival Craft,Survival,Open World,Crafting,Multiplayer,83.0
3626,673950,Farm Together,Agriculture,Multiplayer,Simulation,Relaxing,Online Co-Op,94.0
3627,1148590,DOOM 64,Action,FPS,Classic,1990's,Retro,93.0
3628,1149620,Gas Station Simulator,Simulation,Economy,Building,Singleplayer,Management,88.0
3629,1217060,Gunfire Reborn,Roguelite,FPS,Online Co-Op,Roguelike,Co-op,93.0
3630,1233570,Mirror's Edge™ Catalyst,Parkour,Female Protagonist,Open World,Runner,First-Person,81.0
3631,1404850,Luck be a Landlord,Roguelike Deckbuilder,Deckbuilding,Roguelite,Strategy,Procedural Generation,93.0
3632,1426210,It Takes Two,Co-op,Multiplayer,Split Screen,Local Co-Op,Puzzle,94.0
3633,1433990,NGU INDUSTRIES,Early Access,Idler,Free to Play,Clicker,Comedy,78.0
3634,1522820,Orcs Must Die! 3,Tower Defense,Co-op,Strategy,Third-Person Shooter,PvE,84.0
3635,1868140,DAVE THE DIVER,Pixel Graphics,Casual,Management,Adventure,Relaxing,97.0
3636,1999360,Placid Plastic Duck Simulator,Cute,Relaxing,Collectathon,Physics,3D,98.0
3637,2225070,Trackmania,Racing,eSports,Multiplayer,3D,Singleplayer,75.0
3638,2296990,We Were Here Expeditions: The FriendShip,Co-op,Puzzle,Online Co-Op,Adventure,Multiplayer,83.0
3639,40,Deathmatch Classic,Action,FPS,Classic,Multiplayer,Shooter,81.0
3640,280,Half-Life: Source,FPS,Action,Classic,Sci-fi,Singleplayer,68.0
3641,130,Half-Life: Blue Shift,FPS,Action,Sci-fi,Singleplayer,Shooter,92.0
3642,2100,Dark Messiah of Might & Magic Single Player,RPG,First-Person,Action,Fantasy,Swordplay,89.0
3643,6200,Ghost Master,Strategy,Comedy,Puzzle,Simulation,Classic,89.0
3644,6860,Hitman: Blood Money,Stealth,Action,Assassin,Singleplayer,Third Person,93.0
3645,2600,Vampire: The Masquerade - Bloodlines,RPG,Vampire,Cult Classic,Singleplayer,Supernatural,94.0
3646,1700,Arx Fatalis,RPG,First-Person,Dark Fantasy,Classic,Immersive Sim,87.0
3647,6510,Lost Planet: Extreme Condition,Action,Adventure,Mechs,Third-Person Shooter,Sci-fi,79.0
3648,2270,Wolfenstein 3D,FPS,Retro,World War II,Action,1990's,93.0
3649,9010,Return to Castle Wolfenstein,FPS,Action,World War II,Classic,Supernatural,92.0
3650,9050,DOOM 3,Horror,Action,FPS,Sci-fi,Dark,89.0
3651,2200,Quake III Arena,FPS,Arena Shooter,Action,Classic,Multiplayer,95.0
3652,2310,Quake,FPS,Classic,Action,Shooter,1990's,96.0
3653,2350,Quake III: Team Arena,,,,,,
3654,2360,Hexen: Beyond Heretic,Action,Fantasy,FPS,Shooter,Classic,86.0
3655,2390,Heretic: Shadow of the Serpent Riders,Classic,FPS,Action,Fantasy,Shooter,93.0
3656,12170,Grand Theft Auto,,,,,,
3657,12180,Grand Theft Auto 2,Action,Classic,Automobile Sim,Open World,Singleplayer,88.0
3658,13540,Tom Clancy's Rainbow Six: Vegas,Action,FPS,Tactical,Singleplayer,Co-op,80.0
3659,15300,Tom Clancy's Ghost Recon,Tactical,FPS,Action,Simulation,Shooter,92.0
3660,7660,X-COM: Apocalypse,Strategy,Turn-Based,Tactical,Sci-fi,Aliens,89.0
3661,20510,S.T.A.L.K.E.R.: Clear Sky,Open World,Atmospheric,Post-apocalyptic,FPS,Survival,85.0
3662,19830,Tom Clancy's Rainbow Six 3: Gold Edition,Tactical,FPS,Action,Simulation,Strategy,91.0
3663,23310,The Last Remnant,JRPG,RPG,Singleplayer,Fantasy,Turn-Based,81.0
3664,27000,The Path,Walking Simulator,Indie,Horror,Exploration,Female Protagonist,79.0
3665,21660,Street Fighter IV,Fighting,Action,Arcade,Local Multiplayer,Multiplayer,66.0
3666,6830,Commandos 2: Men of Courage,Strategy,Tactical,Stealth,World War II,Classic,84.0
3667,38420,Fallout Tactics,Post-apocalyptic,RPG,Turn-Based,Strategy,Tactical,79.0
3668,32400,STAR WARS™: Dark Forces,FPS,Action,Classic,Sci-fi,Shooter,89.0
3669,40420,Tidalis,Casual,Indie,Puzzle,Match 3,Co-op,69.0
3670,24870,Need for Speed: SHIFT,Racing,Automobile Sim,Simulation,Driving,Multiplayer,77.0
3671,18110,Shattered Horizon,Action,Indie,FPS,Space,Multiplayer,85.0
3672,41700,S.T.A.L.K.E.R.: Call of Pripyat,Atmospheric,Open World,Post-apocalyptic,FPS,Survival,95.0
3673,3730,Aliens versus Predator Classic 2000,FPS,Classic,Action,Aliens,Horror,87.0
3674,48700,Mount & Blade: Warband,Medieval,RPG,Open World,Strategy,Sandbox,97.0
3675,34010,Alpha Protocol,RPG,Stealth,Choices Matter,Action,Multiple Endings,83.0
3676,33900,Arma 2,Simulation,Military,Action,Multiplayer,Tactical,83.0
3677,33930,Arma 2: Operation Arrowhead,Simulation,Military,Action,Multiplayer,Tactical,92.0
3678,24780,SimCity 4 Deluxe,City Builder,Immersive Sim,Base Building,Building,Sandbox,80.0
3679,63910,King's Bounty: Crossworlds,RPG,Strategy,Turn-Based Strategy,Turn-Based,Hex Grid,91.0
3680,43000,Front Mission Evolved,Mechs,Action,Shooter,Third-Person Shooter,Sci-fi,63.0
3681,45750,Lost Planet 2,Action,Co-op,Adventure,Third-Person Shooter,Mechs,66.0
3682,45410,Ignite,Racing,Arcade,,,,53.0
3683,37600,Windosill,Casual,Point & Click,Indie,Short,Puzzle,92.0
3684,48720,Mount & Blade: With Fire and Sword,RPG,Open World,Medieval,Action,Strategy,87.0
3685,57900,Duke Nukem Forever,FPS,Action,Nudity,Shooter,Aliens,70.0
3686,42160,War of the Roses,,,,,,
3687,206980,War of the Roses Balance Beta,,,,,,
3688,71390,Virtua Tennis 4,Sports,Tennis,Local Multiplayer,,,68.0
3689,105700,Tobe's Vertical Adventure,Indie,Action,Adventure,Local Co-Op,Platformer,69.0
3690,108600,Project Zomboid,Survival,Zombies,Open World,Open World Survival Craft,Multiplayer,94.0
3691,2210,Quake 4,FPS,Action,Shooter,Sci-fi,Gore,87.0
3692,112100,Avadon: The Black Fortress,RPG,Indie,Isometric,Fantasy,Turn-Based,82.0
3693,50000,Nimbus,Indie,Racing,Puzzle,Physics,Difficult,94.0
3694,70640,Worms,Strategy,Classic,Turn-Based Strategy,2D,Multiplayer,84.0
3695,24010,Train Simulator Classic 2024,Simulation,Trains,Singleplayer,Realistic,Driving,72.0
3696,33130,Zombie Shooter,Zombies,Shooter,Gore,Action RPG,Action,83.0
3697,48900,Saira,Indie,Platformer,Free to Play,Puzzle,Adventure,80.0
3698,71250,Sonic Adventure DX,Platformer,3D Platformer,Great Soundtrack,Adventure,Classic,92.0
3699,202090,Magicka: Wizard Wars,,,,,,
3700,80330,The Blackwell Legacy,Point & Click,Adventure,Indie,Female Protagonist,Supernatural,89.0
3701,80340,Blackwell Unbound,Point & Click,Adventure,Indie,Female Protagonist,Supernatural,93.0
3702,80350,Blackwell Convergence,Point & Click,Adventure,Indie,Female Protagonist,Supernatural,96.0
3703,228320,A Valley Without Wind 2,Action,Indie,Strategy,Adventure,Platformer,47.0
3704,203750,Binary Domain,Action,Third-Person Shooter,Sci-fi,Cyberpunk,Robots,86.0
3705,209520,Mini Motor Racing EVO,Racing,Indie,Casual,Arcade,Top-Down,64.0
3706,207490,Rayman Origins,Platformer,2D,Local Co-Op,Adventure,Cartoony,93.0
3707,208400,Avernum: Escape From the Pit,RPG,Indie,Isometric,Party-Based RPG,Fantasy,91.0
3708,207170,Legend of Grimrock,Dungeon Crawler,RPG,Grid-Based Movement,Indie,Fantasy,93.0
3709,33100,Alien Shooter,Shooter,Action,Gore,Blood,Aliens,95.0
3710,210950,Rune Classic,Action,Adventure,Third Person,Classic,Hack and Slash,91.0
3711,207530,Noitu Love 2 Devolution,Action,Indie,Pixel Graphics,Beat 'em up,Platformer,92.0
3712,211600,Thief Gold,Stealth,Classic,First-Person,Atmospheric,Steampunk,92.0
3713,94300,The Dream Machine,Point & Click,Hand-drawn,Adventure,Puzzle,Story Rich,90.0
3714,211340,Magical Diary: Horse Hall,Visual Novel,Dating Sim,Female Protagonist,Anime,RPG,92.0
3715,212050,Resonance,Adventure,Point & Click,Indie,Sci-fi,Retro,88.0
3716,219950,NiGHTS into Dreams...,Adventure,Classic,Great Soundtrack,Retro,Surreal,89.0
3717,55110,Red Faction: Armageddon,Action,Destruction,Sci-fi,Third Person,Third-Person Shooter,70.0
3718,223510,Miasmata,Survival,Exploration,Indie,Adventure,First-Person,77.0
3719,227000,Primordia,Point & Click,Adventure,Post-apocalyptic,Sci-fi,Robots,96.0
3720,71230,Crazy Taxi,Racing,Arcade,Automobile Sim,Action,Classic,88.0
3721,42670,Singularity,FPS,Action,Sci-fi,Time Manipulation,Singleplayer,92.0
3722,220090,The Journey Down: Chapter One,Adventure,Point & Click,Noir,Atmospheric,Indie,86.0
3723,13140,America's Army 3,Action,Free to Play,FPS,Multiplayer,Military,70.0
3724,51100,Tactical Intervention,,,,,,
3725,99910,Puzzle Pirates,Free to Play,Massively Multiplayer,Puzzle,Casual,Pirates,80.0
3726,203290,America's Army: Proving Grounds,Free to Play,FPS,Action,Multiplayer,Military,78.0
3727,212500,The Lord of the Rings Online™,Free to Play,MMORPG,Massively Multiplayer,Open World,Fantasy,81.0
3728,218230,PlanetSide 2,Free to Play,FPS,Massively Multiplayer,Shooter,Action,81.0
3729,238070,Shadow Warrior Classic (1997),FPS,Classic,Free to Play,Action,Retro,92.0
3730,238260,Pinball Arcade,Pinball,Free to Play,Simulation,Arcade,Classic,73.0
3731,209870,Blacklight: Retribution,Free to Play,FPS,Multiplayer,Action,Shooter,48.0
3732,237310,Elsword,Free to Play,Anime,RPG,Action,MMORPG,73.0
3733,242720,GunZ 2: The Second Duel,Free to Play,Action,Multiplayer,Third-Person Shooter,Hack and Slash,66.0
3734,206500,AirMech,Free to Play,Strategy,Multiplayer,Mechs,RTS,84.0
3735,216150,MapleStory,MMORPG,2D Platformer,Loot,Character Customization,Side Scroller,63.0
3736,224260,No More Room in Hell,Free to Play,Zombies,Multiplayer,Survival,Horror,89.0
3737,231200,Kentucky Route Zero,Adventure,Atmospheric,Indie,Point & Click,Surreal,81.0
3738,203250,Star Trek,,,,,,
3739,107410,Arma 3,Military,Action,Multiplayer,Shooter,Simulation,90.0
3740,9870,Ghostbusters: The Video Game,,,,,,
3741,230150,Incredipede,Building,Physics,Action,Puzzle Platformer,Simulation,78.0
3742,224500,Gnomoria,Colony Sim,Sandbox,City Builder,Strategy,Simulation,75.0
3743,220660,StarDrive,Strategy,4X,Space,Indie,Sci-fi,42.0
3744,234900,Anodyne,Atmospheric,Surreal,Action-Adventure,Top-Down,Dark,86.0
3745,233550,Another World,Adventure,Platformer,Action,Retro,Remake,84.0
3746,32160,Zombie Bowl-O-Rama,Bowling,Zombies,Casual,Sports,Singleplayer,93.0
3747,234190,Receiver,Simulation,FPS,Indie,Roguelike,First-Person,86.0
3748,232970,Thunder Wolves,Flight,Shoot 'Em Up,Third-Person Shooter,Military,War,88.0
3749,12150,Max Payne 2: The Fall of Max Payne,Action,Noir,Third-Person Shooter,Classic,Bullet Time,94.0
3750,23120,Droplitz,,,,,,
3751,11340,Larva Mortus,Action Roguelike,Bullet Hell,Hack and Slash,Shoot 'Em Up,Top-Down Shooter,76.0
3752,238530,Super Puzzle Platformer Deluxe,Indie,Action,Casual,Platformer,Puzzle,91.0
3753,10680,Aliens vs. Predator,Action,FPS,Aliens,Multiplayer,Sci-fi,90.0
3754,229480,Dungeons & Dragons: Chronicles of Mystara,Beat 'em up,Arcade,Action,RPG,Online Co-Op,80.0
3755,219740,Don't Starve,Survival,Open World Survival Craft,Crafting,Adventure,Indie,96.0
3756,242880,"Sir, You Are Being Hunted",Survival,Stealth,Indie,Robots,First-Person,79.0
3757,242920,Banished,City Builder,Colony Sim,Strategy,Simulation,Survival,90.0
3758,226980,Pinball FX2,,,,,,
3759,238050,The Apogee Throwback Pack,Action,FPS,Retro,Shooter,Gore,92.0
3760,240200,Duke Nukem: Manhattan Project,,,,,,
3761,218820,Mercenary Kings,Action,Indie,2D,Co-op,Pixel Graphics,74.0
3762,246980,InFlux,Casual,Indie,Puzzle,Adventure,Platformer,70.0
3763,234080,Castlevania: Lords of Shadow - Ultimate Edition,Action,Adventure,Hack and Slash,Vampire,Singleplayer,80.0
3764,227600,Castle of Illusion,Platformer,Adventure,Remake,Casual,Family Friendly,90.0
3765,242550,Rayman Legends,Platformer,Adventure,Local Co-Op,Action,Great Soundtrack,89.0
3766,232430,Gone Home,Walking Simulator,Short,Indie,Exploration,Atmospheric,77.0
3767,2820,X3: Terran Conflict,Space,Simulation,Sandbox,Sci-fi,Strategy,84.0
3768,47830,Medal of Honor(TM) Multiplayer,FPS,Action,Shooter,Singleplayer,Multiplayer,81.0
3769,250030,Lilly Looking Through,Point & Click,Adventure,Indie,2D,Female Protagonist,77.0
3770,250500,Super Amazing Wagon Adventure,Indie,Action,Action Roguelike,Adventure,Comedy,95.0
3771,250520,Underrail,RPG,Post-apocalyptic,Isometric,Turn-Based,CRPG,87.0
3772,251690,Speedball 2 HD,Sports,Action,Indie,Retro,Remake,70.0
3773,251990,Long Live The Queen,Visual Novel,Political Sim,Anime,Female Protagonist,Simulation,95.0
3774,252470,Space Pirates and Zombies 2,Space,Strategy,Action,Indie,RPG,78.0
3775,252570,Depths of Fear :: Knossos,Indie,Action,Adventure,Horror,First-Person,66.0
3776,252610,Death Road to Canada,Pixel Graphics,Zombies,Action Roguelike,Local Co-Op,Survival,93.0
3777,253350,Tiny Barbarian DX,Action,Adventure,Platformer,Retro,Pixel Graphics,82.0
3778,253470,Real World Racing,,,,,,
3779,253750,Ikaruga,Shoot 'Em Up,Bullet Hell,Arcade,Classic,Action,94.0
3780,231330,Deadfall Adventures,Adventure,Action,FPS,Shooter,First-Person,74.0
3781,247240,Volgarr the Viking,Platformer,Difficult,Action,Indie,Retro,84.0
3782,200170,Worms Revolution,Strategy,Multiplayer,Funny,Turn-Based Strategy,Turn-Based,86.0
3783,223670,F1 2013,,,,,,
3784,241540,State of Decay,Zombies,Survival,Open World,Action,Post-apocalyptic,84.0
3785,242980,Daikatana,Action,FPS,First-Person,Shooter,Classic,58.0
3786,256330,WRC 4 FIA WORLD RALLY CHAMPIONSHIP,Racing,Simulation,Automobile Sim,Offroad,Sports,76.0
3787,91100,SkyDrift,Racing,Indie,Flight,Combat Racing,Controller,88.0
3788,207040,Sine Mora,Shoot 'Em Up,Indie,Bullet Hell,Action,Arcade,84.0
3789,39690,ArcaniA,RPG,Open World,Singleplayer,Fantasy,Third Person,57.0
3790,257790,Riptide GP2,Racing,Sports,Action,Indie,Simulation,90.0
3791,238930,"7 Grand Steps, Step 1: What Ancients Begat",Indie,Board Game,Abstract,Story Rich,Interactive Fiction,60.0
3792,245390,"I Have No Mouth, and I Must Scream",Point & Click,Adventure,Horror,Classic,Retro,89.0
3793,236510,Takedown: Red Sabre,FPS,Action,Tactical,Simulation,Strategy,41.0
3794,262210,Last Knight: Rogue Rider Edition,Action,Adventure,Indie,Casual,Runner,85.0
3795,263420,Probably Archery,Intentionally Awkward Controls,Indie,Sports,Casual,Archery,48.0
3796,264060,Full Bore,Indie,Adventure,Puzzle,Casual,Platformer,87.0
3797,264710,Subnautica,Open World Survival Craft,Survival,Horror,Open World,Underwater,96.0
3798,265690,NaissanceE,Exploration,Indie,Atmospheric,Abstract,Walking Simulator,84.0
3799,267360,MURI,Action,Platformer,Retro,Female Protagonist,2D,93.0
3800,221100,DayZ,Survival,Online Co-Op,Open World,Multiplayer,Zombies,76.0
3801,230230,Divinity: Original Sin (Classic),RPG,Turn-Based,Co-op,Fantasy,Adventure,90.0
3802,373420,Divinity: Original Sin Enhanced Edition,RPG,Turn-Based,Co-op,Adventure,Fantasy,89.0
3803,270310,Dominique Pamplemousse,Casual,Indie,Adventure,Point & Click,Psychological Horror,86.0
3804,270450,Robot Roller-Derby Disco Dodgeball,Arena Shooter,FPS,Sports,PvP,Shooter,91.0
3805,228380,Wreckfest,Racing,Destruction,Automobile Sim,Simulation,Multiplayer,87.0
3806,271820,Card City Nights,Card Battler,Card Game,Deckbuilding,Indie,Trading Card Game,89.0
3807,274250,OlliOlli,Skateboarding,Indie,Sports,2D,Pixel Graphics,80.0
3808,274350,Dropsy,Point & Click,Adventure,2D,Great Soundtrack,Pixel Graphics,93.0
3809,275200,Westerado: Double Barreled,Western,Pixel Graphics,Open World,Adventure,Indie,92.0
3810,277520,Albedo: Eyes from Outer Space,Adventure,Action,Indie,Sci-fi,Puzzle,47.0
3811,278930,Gigantic Army,Runner,Action,Indie,Mechs,Platformer,77.0
3812,279160,Ultionus: A Tale of Petty Revenge,Retro,Female Protagonist,Action,Platformer,Pixel Graphics,69.0
3813,280140,Millennium - A New Hope,JRPG,Story Rich,Replay Value,Female Protagonist,RPG,72.0
3814,283040,Paper Dungeons,RPG,Indie,Adventure,Roguelike,2D,45.0
3815,283160,House of the Dying Sun,Action,Simulation,Indie,Space,VR,90.0
3816,284160,BeamNG.drive,Simulation,Driving,Destruction,Physics,Realistic,97.0
3817,285900,Gang Beasts,Funny,Physics,Multiplayer,Colorful,Party Game,85.0
3818,236430,DARK SOULS™ II,Souls-like,RPG,Dark Fantasy,Difficult,Action RPG,87.0
3819,287020,Harvester,Horror,Gore,Point & Click,FMV,Adventure,91.0
3820,288060,Whispering Willows,Story Rich,Atmospheric,Adventure,Great Soundtrack,Female Protagonist,81.0
3821,228400,ACE COMBAT™ ASSAULT HORIZON Enhanced Edition,Action,Flight,Simulation,Military,Arcade,59.0
3822,291050,Planet Stronghold,Visual Novel,RPG,Indie,Strategy,Romance,69.0
3823,291190,Heroes of Steel RPG,Strategy RPG,Turn-Based Tactics,Dungeon Crawler,Roguelite,Party-Based RPG,77.0
3824,202310,Ridge Racer™ Unbounded,Racing,Arcade,Destruction,Action,Singleplayer,62.0
3825,293260,Card Hunter,Free to Play,Card Game,Tabletop,Tactical RPG,Board Game,85.0
3826,297410,Trace Vector,Indie,Action,Adventure,Great Soundtrack,Arcade,89.0
3827,298610,Ylands,Adventure,Multiplayer,Free to Play,Exploration,Open World Survival Craft,62.0
3828,299780,Noir Syndrome,Indie,Adventure,RPG,Noir,Detective,65.0
3829,306350,Slipstream 5000,Racing,Sports,Action,Retro,1990's,88.0
3830,306760,Obduction,Adventure,Puzzle,Exploration,Indie,First-Person,78.0
3831,307290,Velvet Sundown,Free to Play,Multiplayer,RPG,Adventure,Indie,60.0
3832,311730,Dead or Alive 5 Last Round,PvP,Competitive,Sexual Content,3D Fighter,Arcade,68.0
3833,312640,Power-Up,Indie,Action,Shoot 'Em Up,Side Scroller,,57.0
3834,215080,WAKFU,Free to Play,Massively Multiplayer,Turn-Based Strategy,MMORPG,Open World,75.0
3835,262240,Suguri,Anime,Bullet Hell,Action,Shoot 'Em Up,Female Protagonist,87.0
3836,265170,Acceleration of Suguri X-Edition,Anime,Action,Indie,Bullet Hell,Fighting,86.0
3837,312990,The Expendabros,Free to Play,Action,Pixel Graphics,2D,Multiplayer,97.0
3838,313120,Stranded Deep,Open World Survival Craft,Survival,Multiplayer,Open World,Crafting,75.0
3839,305490,Heileen 3: New Horizons,Visual Novel,Simulation,Pirates,LGBTQ+,Female Protagonist,80.0
3840,314200,Bionic Heart,Visual Novel,Adventure,Cyberpunk,Multiple Endings,Anime,73.0
3841,315920,Stonerid,Action,Indie,Platformer,Difficult,,68.0
3842,316600,QP Shooting - Dangerous!!,Bullet Hell,Shoot 'Em Up,Anime,Arcade,Indie,95.0
3843,242130,Vector Thrust,Action,Simulation,Indie,Flight,Arcade,50.0
3844,258160,Rise of Incarnates,,,,,,
3845,318530,Wings of Vi,Precision Platformer,Difficult,Platformer,Female Protagonist,2D,84.0
3846,319510,Five Nights at Freddy's,Horror,Singleplayer,Survival Horror,Robots,Psychological Horror,93.0
3847,320240,We Happy Few,Adventure,Open World,Action,Survival,Dystopian,76.0
3848,320540,Coffin Dodgers,Racing,Action,Casual,Indie,Local Multiplayer,69.0
3849,320840,Wings! Remastered Edition,Simulation,Action,World War I,Flight,Classic,78.0
3850,17580,Dystopia,Free to Play,Multiplayer,Action,Cyberpunk,Mod,85.0
3851,41300,Altitude,Multiplayer,Flight,Side Scroller,Shoot 'Em Up,Strategy,91.0
3852,322770,Vanishing Realms,VR,Swordplay,Action RPG,RPG,3D,90.0
3853,323220,Vagante,Roguelite,Action Roguelike,Pixel Graphics,Roguelike,RPG,90.0
3854,245300,Disney Epic Mickey 2,Adventure,Action,Family Friendly,3D Platformer,Cartoon,79.0
3855,327690,Gigantic,Free to Play,Multiplayer,MOBA,Action,Strategy,100.0
3856,329770,4089: Ghost Within,Action,RPG,Indie,Action Roguelike,FPS,58.0
3857,17570,"Pirates, Vikings, & Knights II",Free to Play,Multiplayer,Medieval,Action,Pirates,87.0
3858,333930,Dirty Bomb,Hero Shooter,Free to Play,FPS,Multiplayer,Shooter,81.0
3859,334230,Town of Salem,Multiplayer,Strategy,Mystery,Indie,Social Deduction,88.0
3860,334850,1931: Scheherazade at the Library of Pergamum,Simulation,RPG,Visual Novel,Female Protagonist,Indie,71.0
3861,335670,LISA,Dark Humor,RPG,Story Rich,Psychological Horror,Post-apocalyptic,95.0
3862,337320,Paint the Town Red,Gore,Blood,Action,Violent,Multiplayer,96.0
3863,337420,Final Dusk,Anime,Indie,Casual,Vampire,Action,76.0
3864,340000,Headlander,Sci-fi,Action,Metroidvania,Platformer,Comedy,90.0
3865,340170,FINAL FANTASY TYPE-0 HD,RPG,Action,JRPG,Fantasy,Story Rich,60.0
3866,340860,RaidersSphere4th,Simulation,Action,Indie,Flight,Sci-fi,75.0
3867,342200,MechWarrior Online,Free to Play,Mechs,Multiplayer,Shooter,Action,80.0
3868,340250,Crystal Towers 2,Indie,Platformer,,,,
3869,345860,Super Galaxy Squadron EX Turbo,Indie,Action,Bullet Hell,Shoot 'Em Up,Retro,84.0
3870,407530,ARK: Survival Of The Fittest,Free to Play,Survival,Dinosaurs,Multiplayer,Open World,73.0
3871,348250,Google Earth VR,VR,Free to Play,Open World,Simulation,Casual,94.0
3872,275100,Shelter 2,Adventure,Atmospheric,Survival,Indie,Cute,87.0
3873,347290,Rise & Shine,Action,Indie,Action-Adventure,Gore,Puzzle Platformer,73.0
3874,355130,MotoGP™15,Racing,Simulation,Sports,Multiplayer,Motorbike,79.0
3875,355240,NEO AQUARIUM - The King of Crustaceans -,Indie,Action,Underwater,Shooter,Bullet Hell,81.0
3876,356670,Spooky's Jump Scare Mansion,Horror,Free to Play,Cute,First-Person,Singleplayer,92.0
3877,359320,Elite Dangerous,Space Sim,Space,Open World,Exploration,Sci-fi,76.0
3878,362490,Exanima,Physics,RPG,Dungeon Crawler,Dark Fantasy,Medieval,82.0
3879,362660,Blue Rose Reprise,Adventure,Indie,Visual Novel,Simulation,Otome,75.0
3880,362930,Garfield Kart,Cult Classic,Combat Racing,Competitive,Racing,Action,88.0
3881,363920,Selective Jump: Once Again With Feeling,Action,Indie,Platformer,2D,Pixel Graphics,
3882,365360,Battle Brothers,Strategy,RPG,Medieval,Open World,Turn-Based Tactics,88.0
3883,366250,METAL SLUG,Action,Arcade,2D,Retro,Multiplayer,90.0
3884,368340,CrossCode,Action RPG,Pixel Graphics,RPG,Female Protagonist,Puzzle,92.0
3885,368680,Super Mutant Alien Assault,Action,Action Roguelike,Indie,Pixel Graphics,Platformer,90.0
3886,370270,Jim Power -The Lost Dimension ,Action,Adventure,Platformer,Retro,,74.0
3887,371970,Barony,Dungeon Crawler,Action Roguelike,Fantasy,First-Person,Co-op Campaign,92.0
3888,372000,Tree of Savior (English Ver.),MMORPG,Anime,RPG,Massively Multiplayer,Fantasy,64.0
3889,373390,Contradiction - the all-video murder mystery adventure,Detective,Crime,FMV,Investigation,Atmospheric,95.0
3890,377970,Void & Meddler,Adventure,Indie,Cyberpunk,Point & Click,Female Protagonist,61.0
3891,380220,Hover Junkers,VR,Action,Indie,Adventure,FPS,61.0
3892,381940,Trials on Tatooine,VR,Action,Free to Play,,,79.0
3893,380690,Don'Yoku,Action,Indie,Shoot 'Em Up,Bullet Hell,,71.0
3894,384180,Prominence Poker,Card Game,Free to Play,Multiplayer,Gambling,Strategy,84.0
3895,390030,DESYNC,Action,Indie,Shooter,Great Soundtrack,FPS,80.0
3896,394510,HELLDIVERS™,Online Co-Op,Co-op,Top-Down Shooter,Twin Stick Shooter,Local Co-Op,90.0
3897,394970,DEADBOLT,Stealth,Pixel Graphics,Great Soundtrack,Indie,2D,96.0
3898,397270,A Kiss For The Petals - Remembering How We Met,Female Protagonist,Visual Novel,Anime,Romance,Cute,93.0
3899,397550,Deus Ex: Revision,RPG,Action,Adventure,Cyberpunk,Mod,91.0
3900,400110,Else Heart.Break(),Programming,Adventure,Indie,RPG,Hacking,79.0
3901,400370,Normality,Adventure,Point & Click,Retro,1990's,,89.0
3902,400160,Concrete Jungle,City Builder,Deckbuilding,Strategy,Indie,Card Game,90.0
3903,400940,Budget Cuts,Action,Adventure,VR,Indie,Stealth,81.0
3904,401710,Flinthook,Action Roguelike,Indie,Action,Adventure,Pixel Graphics,73.0
3905,404410,Endless Sky,Space,Free to Play,Open World,Sci-fi,Singleplayer,92.0
3906,214490,Alien: Isolation,Horror,Survival Horror,Sci-fi,Aliens,Atmospheric,92.0
3907,405830,Turok 2: Seeds of Evil,FPS,Action,Classic,Dinosaurs,Gore,93.0
3908,297000,Heroes of Might & Magic III - HD Edition,Strategy,Turn-Based Strategy,Classic,Multiplayer,Fantasy,79.0
3909,409870,Phantom Brave PC,RPG,JRPG,Strategy RPG,Anime,Pixel Graphics,84.0
3910,412740,Audioshield,Indie,VR,Music,Music-Based Procedural Generation,Rhythm,80.0
3911,414370,Raining Blobs,Indie,Strategy,Puzzle,Arcade,Anime,97.0
3912,418340,RWBY: Grimm Eclipse,Action,Hack and Slash,Anime,Female Protagonist,Co-op,81.0
3913,418530,Spelunky 2,Platformer,2D Platformer,Difficult,Perma Death,Online Co-Op,93.0
3914,418640,Iron Commando,Action,Beat 'em up,Fighting,1990's,Retro,57.0
3915,418650,Space Pirate Trainer,VR,Action,Space,Shooter,First-Person,94.0
3916,419090,Vector Strain,Action,Indie,Shoot 'Em Up,Bullet Hell,Arcade,71.0
3917,422100,Heaven Island Life,Indie,Simulation,VR,Walking Simulator,,41.0
3918,422970,Devil Daggers,FPS,Difficult,Indie,Fast-Paced,Action,96.0
3919,426630,Bubsy Two-Fur,Action,Adventure,Platformer,Retro,Classic,73.0
3920,427250,8-Bit Armies,Strategy,Simulation,Indie,RTS,Pixel Graphics,81.0
3921,429200,Super Helmets on Fire DX Ultra Edition Plus Alpha,Action,Indie,Platformer,Difficult,Pixel Graphics,63.0
3922,429580,A Wild Catgirl Appears!,LGBTQ+,Female Protagonist,Choose Your Own Adventure,Dating Sim,Visual Novel,62.0
3923,394160,ARCADE GAME SERIES: PAC-MAN,Action,Classic,Arcade,Retro,2D,90.0
3924,434050,Duke Nukem 3D: 20th Anniversary World Tour,FPS,Classic,Action,Gore,1990's,85.0
3925,436320,Raw Data,VR,Action,Shoot 'Em Up,Co-op,Multiplayer,82.0
3926,438100,VRChat,VR,Free to Play,Multiplayer,Memes,Anime,75.0
3927,439550,'n Verlore Verstand,Adventure,Indie,Casual,Platformer,VR,42.0
3928,437220,The Culling,Survival,Multiplayer,Action,Battle Royale,First-Person,57.0
3929,440880,The Count Lucanor,Gore,Survival Horror,Horror,Pixel Graphics,Puzzle,94.0
3930,441380,PAC-MAN™ CHAMPIONSHIP EDITION 2,Casual,Arcade,Great Soundtrack,Classic,Retro,69.0
3931,444090,Paladins,Hero Shooter,Free to Play,Multiplayer,FPS,Shooter,84.0
3932,444930,Zaccaria Pinball,Free to Play,Simulation,Casual,Sports,Action,83.0
3933,327140,Tilt Brush,Design & Illustration,VR,Free to Play,Hand-drawn,Casual,94.0
3934,386690,Fantastic Contraption,VR,Puzzle,Strategy,Physics,Building,71.0
3935,448280,Job Simulator,VR,Simulation,Funny,First-Person,Singleplayer,91.0
3936,447530,VA-11 Hall-A: Cyberpunk Bartender Action,Cyberpunk,Visual Novel,Pixel Graphics,Story Rich,Female Protagonist,97.0
3937,450540,"Hot Dogs, Horseshoes & Hand Grenades",Sandbox,VR,Physics,Shooter,FPS,97.0
3938,452710,Realities,Free to Play,VR,Adventure,Simulation,Exploration,73.0
3939,453090,Parkitect,Relaxing,Level Editor,Simulation,Management,Strategy,94.0
3940,453480,Shadowverse,Free to Play,Card Battler,Trading Card Game,Deckbuilding,Anime,73.0
3941,457420,Surgeon Simulator VR: Meet The Medic,Medical Sim,Free to Play,Simulation,VR,Action,76.0
3942,457550,Bigscreen Beta,VR,Free to Play,Software,Open World,Utilities,85.0
3943,457960,Holopoint,Sports,VR,Action,Indie,Simulation,89.0
3944,469610,Rick and Morty: Virtual Rick-ality,Adventure,VR,Simulation,Indie,Funny,75.0
3945,471710,Rec Room,Free to Play,VR,Multiplayer,Funny,Online Co-Op,90.0
3946,473770,BallisticNG,Combat Racing,Futuristic,Flight,Fast-Paced,Indie,95.0
3947,474810,Dorke and Ymp,Casual,2D Platformer,Platformer,2D,Action,50.0
3948,213610,Sonic Adventure™ 2 ,Action,Great Soundtrack,3D Platformer,Platformer,Fast-Paced,89.0
3949,488310,Eleven Table Tennis,Sports,Simulation,VR,Casual,Tennis,94.0
3950,489580,AWA,Shoot 'Em Up,Action,Indie,Arcade,Bullet Hell,75.0
3951,495910,Dungeon Fighter Online,Free to Play,Anime,RPG,Character Customization,Beat 'em up,61.0
3952,311240,Zero Escape: Zero Time Dilemma,Puzzle,Visual Novel,Story Rich,Psychological Horror,Mystery,83.0
3953,504460,Team Racing League,Racing,Early Access,Multiplayer,Team-Based,Co-op,91.0
3954,508440,Totally Accurate Battle Simulator,Sandbox,Simulation,Funny,War,Physics,97.0
3955,510590,D: The Game,Adventure,Horror,Classic,1990's,Puzzle,86.0
3956,397060,Faeria,Card Game,Strategy,Massively Multiplayer,Multiplayer,Indie,83.0
3957,516750,My Summer Car,Automobile Sim,Simulation,Driving,Open World,Survival,94.0
3958,518580,Accounting,Indie,VR,Adventure,Comedy,Free to Play,93.0
3959,523210,A Normal Lost Phone,Indie,LGBTQ+,Casual,Interactive Fiction,Story Rich,89.0
3960,489830,The Elder Scrolls V: Skyrim Special Edition,Open World,RPG,Adventure,Singleplayer,Fantasy,94.0
3961,528250,Patchwork,Strategy,Casual,Indie,Board Game,Tabletop,78.0
3962,324810,TOXIKK,FPS,Action,Free to Play,Multiplayer,Arena Shooter,77.0
3963,529240,"Creature Clicker - Capture, Train, Ascend!",Casual,Action,Indie,Early Access,RPG,49.0
3964,530390,Slayaway Camp,Puzzle,Gore,Indie,Funny,Horror,95.0
3965,530620,Resident Evil 7 Teaser: Beginning Hour,Horror,Survival Horror,Gore,Free to Play,Multiplayer,88.0
3966,531640,Eternal Card Game,Free to Play,Card Game,Card Battler,Strategy,Deckbuilding,77.0
3967,444200,World of Tanks Blitz,Tanks,Free to Play,Shooter,Action,FPS,79.0
3968,544920,Darwin Project,Battle Royale,Multiplayer,Survival,Action,PvP,81.0
3969,469820,Genital Jousting,Sexual Content,Nudity,Comedy,Multiplayer,NSFW,92.0
3970,550040,Steep Open Beta,,,,,,
3971,552990,World of Warships,Naval Combat,Free to Play,Naval,World War II,Massively Multiplayer,77.0
3972,451780,Trillion,RPG,Strategy,Anime,JRPG,Visual Novel,71.0
3973,555640,Japanese School Life,Casual,Visual Novel,Anime,Indie,Cute,92.0
3974,557600,Gorogoa,Puzzle,Hand-drawn,Indie,Beautiful,Atmospheric,97.0
3975,562860,Ion Fury,Boomer Shooter,FPS,Retro,Female Protagonist,Old School,93.0
3976,577940,Killer Instinct,Fighting,Action,Multiplayer,2D Fighter,Great Soundtrack,87.0
3977,578080,PUBG: BATTLEGROUNDS,Survival,Shooter,Battle Royale,Multiplayer,FPS,58.0
3978,578310,BRAIN / OUT,Free to Play,2D,Shooter,Multiplayer,Pixel Graphics,81.0
3979,578620,GORN,VR,Action,Violent,3D Fighter,Gore,94.0
3980,578720,A Mortician's Tale,Indie,Casual,Female Protagonist,Short,Singleplayer,73.0
3981,588430,Fallout Shelter,Free to Play,Base Building,Survival,Post-apocalyptic,Singleplayer,88.0
3982,460930,Tom Clancy's Ghost Recon® Wildlands,Open World,Shooter,Co-op,Multiplayer,Stealth,80.0
3983,594650,Hunt: Showdown 1896,Open World,Extraction Shooter,Atmospheric,Tactical,Multiplayer,74.0
3984,601510,Yu-Gi-Oh! Duel Links,Free to Play,Card Game,Anime,Strategy,Multiplayer,83.0
3985,603530,A Robot Named Fight,Metroidvania,Roguevania,Action Roguelike,Action,Roguelite,88.0
3986,447820,Day of Infamy,World War II,FPS,War,Multiplayer,Realistic,84.0
3987,612880,Wolfenstein II: The New Colossus,FPS,Action,Singleplayer,Gore,Alternate History,80.0
3988,626690,Sword Art Online: Fatal Bullet,Anime,RPG,Character Customization,Multiplayer,Action,79.0
3989,629730,Blade & Sorcery,VR,Swordplay,Moddable,Action,Gore,96.0
3990,635260,CarX Drift Racing Online,Racing,Driving,Multiplayer,Automobile Sim,Simulation,95.0
3991,638490,Soldat,Free to Play,Action,Indie,Multiplayer,Shooter,94.0
3992,350280,LawBreakers,,,,,,
3993,668630,Tricolour Lovestory,Visual Novel,Dating Sim,Mature,Sexual Content,Nudity,82.0
3994,677620,Splitgate,Free to Play,FPS,Multiplayer,Arena Shooter,Shooter,91.0
3995,493840,Marvel vs. Capcom: Infinite,Fighting,Action,Superhero,2D Fighter,Multiplayer,64.0
3996,377160,Fallout 4,Open World,Post-apocalyptic,Singleplayer,Exploration,RPG,83.0
3997,703840,Animal Super Squad,Indie,Action,Adventure,Simulation,Family Friendly,82.0
3998,368420,Mirage: Arcane Warfare,,,,,,
3999,637100,Sonic Forces,Great Soundtrack,3D Platformer,Character Customization,Adventure,Action,61.0
4000,436180,Spacelords,Action,Free to Play,Multiplayer,Adventure,Shooter,53.0
4001,742120,DRAGON QUEST® XI: Echoes of an Elusive Age™,JRPG,RPG,Turn-Based Combat,Singleplayer,Fantasy,84.0
4002,552700,WORLD OF FINAL FANTASY,RPG,JRPG,Creature Collector,Turn-Based Combat,Fantasy,78.0
4003,215830,Closers,Anime,Free to Play,Massively Multiplayer,Action,RPG,73.0
4004,758530,Sprout,Free to Play,Casual,Indie,Adventure,Strategy,96.0
4005,760160,Vampire: The Masquerade - Bloodhunt,Multiplayer,Battle Royale,Vampire,PvP,Third-Person Shooter,75.0
4006,613830,CHRONO TRIGGER,RPG,JRPG,Classic,Story Rich,Great Soundtrack,87.0
4007,785260,Team Sonic Racing™,Racing,Multiplayer,Great Soundtrack,Team-Based,Co-op,73.0
4008,787480,Phoenix Wright: Ace Attorney Trilogy,Detective,Visual Novel,Story Rich,Mystery,Great Soundtrack,97.0
4009,788690,Psychonauts in the Rhombus of Ruin,Adventure,VR,Comedy,Funny,Singleplayer,87.0
4010,794600,LET IT DIE,Free to Play,Action,Souls-like,Gore,Sexual Content,74.0
4011,637650,FINAL FANTASY XV WINDOWS EDITION,RPG,Open World,JRPG,Fantasy,Story Rich,83.0
4012,809960,Radical Heights,Battle Royale,Free to Play,Action,Massively Multiplayer,Multiplayer,61.0
4013,813820,Realm Royale Reforged,Battle Royale,Free to Play,Multiplayer,Shooter,Survival,76.0
4014,814380,Sekiro™: Shadows Die Twice,Souls-like,Difficult,Action,Singleplayer,Ninja,95.0
4015,586200,Street Fighter 30th Anniversary Collection,Fighting,2D Fighter,Action,Arcade,Classic,69.0
4016,823500,BONEWORKS,VR,Physics,Action,Sandbox,Shooter,92.0
4017,824600,HROT,Retro,FPS,Shooter,Boomer Shooter,First-Person,97.0
4018,844870,KurtzPel,Anime,Free to Play,Character Customization,Multiplayer,Action,61.0
4019,846030,ΔV: Rings of Saturn,Space,Sci-fi,Physics,Singleplayer,Exploration,94.0
4020,868020,Aperture Hand Lab,Adventure,VR,Free to Play,Funny,First-Person,87.0
4021,881020,Granblue Fantasy: Relink,Anime,JRPG,Action RPG,Action,Online Co-Op,89.0
4022,885150,Capcom Beat 'Em Up Bundle,Beat 'em up,Arcade,Action,Retro,Classic,86.0
4023,535930,Two Point Hospital,Simulation,Medical Sim,Management,Building,Funny,92.0
4024,895870,Project Wingman,Flight,Action,Jet,War,Indie,93.0
4025,935070,Sakura MMO,Simulation,Nudity,Sexual Content,Visual Novel,Anime,87.0
4026,502500,ACE COMBAT™7: SKIES UNKNOWN,Flight,Jet,Military,War,Shooter,87.0
4027,675010,MudRunner,Offroad,Simulation,Automobile Sim,Multiplayer,Driving,90.0
4028,326160,Shroud of the Avatar: Forsaken Virtues,RPG,Massively Multiplayer,Adventure,MMORPG,Sandbox,53.0
4029,992300,嗜血印 Bloody Spell,Nudity,Female Protagonist,Sexual Content,Action RPG,Hack and Slash,89.0
4030,581320,Insurgency: Sandstorm,FPS,Realistic,Shooter,Military,Tactical,86.0
4031,1010750,Blood: Fresh Supply,FPS,Shooter,2.5D,Horror,First-Person,95.0
4032,1018010,Castlevania Anniversary Collection,Action,Adventure,RPG,Classic,Metroidvania,80.0
4033,690790,DiRT Rally 2.0,Racing,Automobile Sim,Simulation,Multiplayer,Driving,88.0
4034,1037590,Neptunia Shooter,Bullet Hell,Action,Shoot 'Em Up,Pixel Graphics,Anime,90.0
4035,1038250,DIRT 5,Racing,Driving,Offroad,4 Player Local,Arcade,59.0
4036,1049590,Eternal Return,Free to Play,Anime,MOBA,Multiplayer,Survival,79.0
4037,1055540,A Short Hike,Exploration,Relaxing,Adventure,Cute,Indie,99.0
4038,761890,Albion Online,Free to Play,MMORPG,Open World,Massively Multiplayer,Sandbox,79.0
4039,1070580,Drift86,Racing,Multiplayer,Automobile Sim,Casual,Indie,91.0
4040,722560,RAD,Action,Roguelite,Post-apocalyptic,Action Roguelike,Singleplayer,76.0
4041,1101450,Miss Neko,Sexual Content,Hentai,Nudity,Casual,Mature,89.0
4042,1147860,UFO 50,Indie,Action,Pixel Graphics,Retro,Adventure,96.0
4043,1128000,Cube World,Open World,Adventure,Multiplayer,RPG,Voxel,43.0
4044,582010,Monster Hunter: World,Co-op,Multiplayer,Action,Open World,RPG,88.0
4045,1184140,KartRider: Drift,Racing,Free to Play,Multiplayer,Casual,Cute,
4046,707010,Will To Live Online,Survival,Multiplayer,Free to Play,Open World,Post-apocalyptic,70.0
4047,1174180,Red Dead Redemption 2,Open World,Story Rich,Western,Adventure,Multiplayer,91.0
4048,546560,Half-Life: Alyx,VR,FPS,Horror,Story Rich,Female Protagonist,98.0
4049,1063730,New World: Aeternum,Open World,Massively Multiplayer,MMORPG,RPG,Adventure,68.0
4050,1222700,A Way Out,Online Co-Op,Co-op,Split Screen,Story Rich,Local Co-Op,86.0
4051,1238080,Burnout™ Paradise Remastered,Racing,Action,Arcade,Multiplayer,Adventure,63.0
4052,1222670,The Sims™ 4,Life Sim,Character Customization,Building,Free to Play,Multiplayer,87.0
4053,1222680,Need for Speed™ Heat ,Racing,Open World,Multiplayer,Driving,Action,84.0
4054,1238840,Battlefield 1 ™,FPS,Multiplayer,World War I,Singleplayer,War,86.0
4055,1254120,Bless Unleashed,RPG,Free to Play,MMORPG,Open World,Multiplayer,52.0
4056,1262540,Need for Speed™,Racing,Multiplayer,Driving,Open World,Action,71.0
4057,1284410,GWENT: The Witcher Card Game,Free to Play,Strategy,Card Game,RPG,Multiplayer,86.0
4058,1294420,Rollerdrome,Action,Sports,Shooter,Arena Shooter,Third-Person Shooter,93.0
4059,1328660,Need for Speed™ Hot Pursuit Remastered,Racing,Driving,Open World,Combat Racing,Multiplayer,80.0
4060,1343370,Old School RuneScape,MMORPG,Free to Play,Nostalgia,Adventure,Fantasy,88.0
4061,1359090,Zero Hour,Tactical,Shooter,FPS,Realistic,Multiplayer,80.0
4062,1361510,Teenage Mutant Ninja Turtles: Shredder's Revenge,Beat 'em up,Multiplayer,Pixel Graphics,Side Scroller,Co-op Campaign,94.0
4063,1364390,Animaze,Animation & Modeling,Video Production,Software,3D,Memes,68.0
4064,1388770,Cruelty Squad,Capitalism,Surreal,Immersive Sim,FPS,Psychological Horror,97.0
4065,1446780,MONSTER HUNTER RISE,Action,RPG,Hunting,Online Co-Op,Character Customization,82.0
4066,1449850,Yu-Gi-Oh!  Master Duel,Card Game,Free to Play,Strategy,Trading Card Game,Multiplayer,75.0
4067,1478220,Puzzle Together,Puzzle,Casual,Multiplayer,Free to Play,Online Co-Op,86.0
4068,1486350,VRoid Studio,Free to Play,Animation & Modeling,Design & Illustration,Anime,Character Customization,94.0
4069,1293830,Forza Horizon 4,Racing,Open World,Driving,Multiplayer,Automobile Sim,90.0
4070,609920,Hotshot Racing,Racing,Indie,Arcade,Multiplayer,Split Screen,78.0
4071,1659420,UNCHARTED™: Legacy of Thieves Collection,Adventure,Action-Adventure,Story Rich,Singleplayer,Third Person,89.0
4072,1659600,Teenage Mutant Ninja Turtles: The Cowabunga Collection,Action,Arcade,Retro,2D Fighter,Platformer,88.0
4073,1384160,GUILTY GEAR -STRIVE-,Fighting,2D Fighter,Great Soundtrack,Anime,PvP,89.0
4074,1665460,eFootball™,Football (Soccer),Free to Play,Controller,Multiplayer,Sports,45.0
4075,1551360,Forza Horizon 5,Racing,Open World,Driving,Multiplayer,Automobile Sim,88.0
4076,1679320,100 hidden cats 2,Cats,Hidden Object,Hand-drawn,Puzzle,Cute,93.0
4077,1003590,Tetris® Effect: Connected,Puzzle,Family Friendly,Multiplayer,Singleplayer,Competitive,95.0
4078,1745510,Lunacid,Dungeon Crawler,Dark Fantasy,First-Person,RPG,Atmospheric,91.0
4079,1755910,Capcom Arcade 2nd Stadium,Action,Arcade,2D Platformer,2D Fighter,Side Scroller,67.0
4080,1782120,ZERO Sievert,Extraction Shooter,Survival,Looter Shooter,Post-apocalyptic,Shooter,85.0
4081,1789480,Marauders,Early Access,Extraction Shooter,Looter Shooter,PvP,Perma Death,74.0
4082,1815780,Asphalt Legends Unite,Racing,Free to Play,Multiplayer,Controller,Driving,81.0
4083,1836450,Monster Hunter Rise: Sunbreak Demo,Action,Hunting,Co-op,Multiplayer,Third Person,81.0
4084,1692250,F1® 22,Racing,Immersive Sim,VR,Sports,Driving,68.0
4085,1677740,Stumble Guys,Free to Play,Battle Royale,Multiplayer,Online Co-Op,Funny,85.0
4086,1832640,Mirror 2: Project X,3D,Match 3,Anime,Female Protagonist,Drama,24.0
4087,2062120,Resident Evil Village Gold Edition Gameplay Demo,Action,Horror,Survival Horror,Third-Person Shooter,Violent,61.0
4088,2064650,Tower of Fantasy,Anime,MMORPG,RPG,Open World,Action,70.0
4089,2074920,The First Descendant,Free to Play,Sexual Content,Looter Shooter,Multiplayer,Third-Person Shooter,55.0
4090,861650,Session: Skate Sim,Skateboarding,Sports,Simulation,Singleplayer,Indie,84.0
4091,1250410,Microsoft Flight Simulator,Simulation,Flight,Realistic,Open World,Multiplayer,79.0
4092,2139460,Once Human,Multiplayer,Open World Survival Craft,Strategy,Survival,Simulation,71.0
4093,1687950,Persona 5 Royal,JRPG,Story Rich,Turn-Based Combat,Great Soundtrack,Anime,96.0
4094,2328760,Pinball FX,Free to Play,Pinball,Arcade,Realistic,Retro,67.0
4095,2334730,Death Must Die,Action Roguelike,Bullet Hell,Roguelite,Pixel Graphics,RPG,92.0
4096,2357570,Overwatch® 2,Free to Play,Hero Shooter,Multiplayer,FPS,Team-Based,21.0
4097,1888160,ARMORED CORE™ VI FIRES OF RUBICON™,Mechs,Character Customization,Action,Robots,Third Person,91.0
4098,2379780,Balatro,Roguelike Deckbuilder,Card Game,Roguelike,Deckbuilding,Singleplayer,97.0
4099,2429640,THRONE AND LIBERTY,MMORPG,Massively Multiplayer,Free to Play,RPG,Open World,68.0
4100,2448970,Dungeonborne,Early Access,Free to Play,Extraction Shooter,Dark Fantasy,Souls-like,57.0
4101,1716740,Starfield,Space,Singleplayer,Open World,RPG,Sci-fi,59.0
4102,553850,HELLDIVERS™ 2,Online Co-Op,PvE,Third-Person Shooter,Multiplayer,Action,73.0
4103,1203220,NARAKA: BLADEPOINT,Battle Royale,Multiplayer,Martial Arts,PvP,Action,75.0
4104,1778820,TEKKEN 8,Fighting,Action,3D Fighter,Multiplayer,Local Multiplayer,70.0
4105,2124490,SILENT HILL 2,Psychological Horror,Survival Horror,Horror,Atmospheric,Story Rich,95.0
4106,2395210,Tony Hawk's™ Pro Skater™ 1 + 2,Sports,Skateboarding,Multiplayer,Singleplayer,Arcade,90.0
4107,1971870,Mortal Kombat 1,Action,Fighting,Gore,Multiplayer,Martial Arts,70.0
4108,1681430,RoboCop: Rogue City,FPS,Action,First-Person,Singleplayer,Shooter,89.0
4109,1537830,Disney Speedstorm,Racing,Multiplayer,Action,Combat Racing,Arcade,67.0
4110,2674810,Dragon's Dogma 2 Character Creator & Storage,Free to Play,Character Customization,Sexual Content,,,79.0
4111,2215430,Ghost of Tsushima DIRECTOR'S CUT,Action,Open World,Adventure,Singleplayer,Story Rich,92.0
4112,2707930,Palia,Free to Play,Multiplayer,Life Sim,Cozy,Farming Sim,82.0
4113,2552430,KINGDOM HEARTS -HD 1.5+2.5 ReMIX-,Action,Adventure,RPG,JRPG,Action-Adventure,78.0
4114,2054970,Dragon's Dogma 2,Open World,RPG,Action RPG,Action,Fantasy,60.0
4115,2515020,FINAL FANTASY XVI,Spectacle fighter,Action RPG,Story Rich,Action,JRPG,78.0
4116,2358720,Black Myth: Wukong,Mythology,Action RPG,Action,Souls-like,RPG,96.0
4117,630,Alien Swarm,Free to Play,Co-op,Action,Multiplayer,Online Co-Op,94.0
4118,2679460,Metaphor: ReFantazio,RPG,Anime,JRPG,Turn-Based Combat,Adventure,91.0
4119,2016590,Dark and Darker,Early Access,Dungeon Crawler,Multiplayer,Medieval,Loot,70.0
4120,19980,Prince of Persia,Action,Adventure,Parkour,Platformer,Third Person,78.0
4121,11390,Crash Time 2,Combat Racing,Racing,Sandbox,Driving,Automobile Sim,62.0
4122,21130,LEGO® Harry Potter: Years 1-4,LEGO,Adventure,Local Co-Op,Action,Magic,86.0
4123,63800,Delve Deeper,Strategy,Dwarf,Indie,Turn-Based,Adventure,59.0
4124,11450,Overlord,Hack and Slash,Villain Protagonist,Dark Fantasy,Puzzle,RTS,93.0
4125,12710,Overlord: Raising Hell,RPG,Action,Villain Protagonist,Dark Fantasy,Third Person,92.0
4126,270210,Melody's Escape,Music-Based Procedural Generation,Rhythm,Character Customization,Colorful,Female Protagonist,92.0
4127,277890,Shantae: Risky's Revenge - Director's Cut,Platformer,Female Protagonist,Metroidvania,Pixel Graphics,Action,87.0
4128,282530,Castlevania: Lords of Shadow – Mirror of Fate HD,Action,Adventure,Metroidvania,Platformer,Vampire,84.0
4129,310700,Super Win the Game,Metroidvania,Side Scroller,Precision Platformer,Casual,Exploration,89.0
4130,440540,Ara Fell: Enhanced Edition,RPG,Indie,Adventure,RPGMaker,Action,94.0
4131,463270,Ghost 1.0,Indie,Metroidvania,Action,Roguevania,Female Protagonist,91.0
4132,860890,Factory Town,Automation,Base Building,Resource Management,Sandbox,Simulation,90.0
4133,1018830,Element TD 2,Tower Defense,Real Time Tactics,Multiplayer,Fantasy,Strategy,90.0
4134,1272320,Diplomacy is Not an Option,Strategy,Singleplayer,Sandbox,Base Building,Colony Sim,84.0
4135,1369630,ENDER LILIES: Quietus of the Knights,Metroidvania,Female Protagonist,Souls-like,Dark Fantasy,Singleplayer,94.0
4136,1604030,V Rising,Survival,Open World,Base Building,Vampire,Multiplayer,88.0
4137,2012840,Portal with RTX,Action,Puzzle,First-Person,Singleplayer,Beautiful,60.0
4138,2067920,Rogue: Genesia ,Early Access,Action Roguelike,Bullet Hell,Roguelite,Arcade,92.0
4139,2181720,Scarlet Tower,Vampire,Action Roguelike,Pixel Graphics,Dark Fantasy,Bullet Hell,83.0
4140,1097130,Circuit Superstars,Racing,Controller,Top-Down,Driving,Automobile Sim,87.0
4141,100,Counter-Strike: Condition Zero Deleted Scenes,Action,FPS,Shooter,Multiplayer,First-Person,90.0
4142,18300,Spectraball,Casual,Indie,Puzzle,Platformer,3D Platformer,78.0
4143,17390,Spore,God Game,Open World,Sandbox,Exploration,Colony Sim,92.0
4144,36000,Foreign Legion: Buckets of Blood,Action,Indie,Shooter,Third Person,Third-Person Shooter,65.0
4145,44100,Super Laser Racer,Racing,Indie,Action,,,83.0
4146,227780,Serious Sam Classics: Revolution,Action,FPS,Classic,Shooter,Co-op,90.0
4147,564310,Serious Sam Fusion 2017 (beta),Action,Gore,FPS,Violent,Indie,93.0
4148,15750,Oddworld: Stranger's Wrath HD,Adventure,Action,Western,Singleplayer,Classic,87.0
4149,104600,Portal 2 - The Final Hours,Documentary,Game Development,Story Rich,Action,Puzzle,76.0
4150,111600,Serious Sam Double D XXL,Action,Indie,Platformer,Shooter,2D,83.0
4151,204340,Serious Sam 2,Action,FPS,Co-op,Comedy,Multiplayer,89.0
4152,205530,Gratuitous Tank Battles,Strategy,Indie,Simulation,Tower Defense,Tanks,54.0
4153,47890,The Sims™ 3,Life Sim,Simulation,Character Customization,Building,Sandbox,86.0
4154,102700,A.V.A. Alliance of Valiant Arms™,,,,,,
4155,262410,World of Guns: Gun Disassembly,Free to Play,Simulation,Gun Customization,Education,Singleplayer,84.0
4156,237630,DuckTales Remastered,Platformer,Adventure,Remake,Action,Retro,87.0
4157,251970,Sins of a Dark Age,,,,,,
4158,3480,Peggle Deluxe,Casual,Puzzle,Arcade,Singleplayer,Addictive,97.0
4159,268750,Magicite,Indie,RPG,Roguelike,Multiplayer,Pixel Graphics,85.0
4160,274900,Murder Miners,Indie,Voxel,Arena Shooter,Zombies,4 Player Local,87.0
4161,280520,Crea,Open World Survival Craft,Sandbox,Crafting,2D,RPG,74.0
4162,284460,DeadCore,Platformer,Action,Indie,FPS,Parkour,85.0
4163,286690,Metro 2033 Redux,Post-apocalyptic,FPS,Atmospheric,Story Rich,Action,90.0
4164,287390,Metro: Last Light Redux,Post-apocalyptic,FPS,Atmospheric,Action,Story Rich,90.0
4165,290730,My Lands,Strategy,Free to Play,RTS,Massively Multiplayer,Multiplayer,83.0
4166,315810,eden*,Visual Novel,Anime,Story Rich,Romance,Adventure,98.0
4167,221180,Eufloria HD,Strategy,Indie,Relaxing,Casual,RTS,92.0
4168,327860,Salt,Open World Survival Craft,Open World,Survival,Adventure,Crafting,76.0
4169,215470,Primal Carnage,Dinosaurs,Action,Multiplayer,FPS,Shooter,77.0
4170,346850,Chip's Challenge 1,Puzzle,Sokoban,Reboot,Logic,Free to Play,89.0
4171,347000,InnerSpace,Exploration,Adventure,Indie,Flight,Relaxing,62.0
4172,353270,Hyperdimension Neptunia Re;Birth3 V Generation,Anime,JRPG,Female Protagonist,RPG,Cute,95.0
4173,368990,Despair,Indie,Horror,Action,First-Person,Adventure,32.0
4174,351710,Hyperdimension Neptunia Re;Birth2 Sisters Generation,Anime,JRPG,Female Protagonist,RPG,Cute,92.0
4175,372800,RPG MO,Free to Play,RPG,Massively Multiplayer,MMORPG,Multiplayer,78.0
4176,375750,Invisigun Reloaded,Indie,Action,Casual,Strategy,Pixel Graphics,87.0
4177,382110,Virtual Desktop,VR,Utilities,Software,,,69.0
4178,387930,The Tape,Indie,Horror,First-Person,Atmospheric,Singleplayer,54.0
4179,390520,PewDiePie: Legend of the Brofist,Memes,Pixel Graphics,Co-op,Platformer,2D,91.0
4180,393980,Pretty Girls Mahjong Solitaire,Casual,Anime,Mature,Puzzle,Mahjong,75.0
4181,398100,Highschool Romance,Visual Novel,Mature,Nudity,Anime,Romance,80.0
4182,400240,The Deer,Indie,Adventure,Family Friendly,Education,Short,71.0
4183,406150,Refunct,Parkour,3D Platformer,Relaxing,Short,First-Person,96.0
4184,363890,RPG Maker MV,RPG,RPGMaker,Game Development,Anime,GameMaker,91.0
4185,408650,ChromaGun,Puzzle,Puzzle Platformer,3D Platformer,First-Person,Singleplayer,73.0
4186,413870,Sickness,Visual Novel,Indie,Violent,Simulation,Action,91.0
4187,421700,Sakura Santa,Anime,Visual Novel,Nudity,Casual,Adventure,87.0
4188,425340,Space Moth DX,Action,Indie,Shoot 'Em Up,Bullet Hell,Arcade,83.0
4189,427980,Aozora Meikyuu,Nudity,Anime,Visual Novel,Indie,Adventure,81.0
4190,454950,Mainlining,Indie,Hacking,Simulation,Adventure,Point & Click,78.0
4191,205890,Chronicle: RuneScape Legends,,,,,,
4192,465760,Scrap Garden,Adventure,Indie,Action,Robots,3D Platformer,73.0
4193,468920,Ultimate Fishing Simulator,3D,America,Fishing,Sports,Simulation,90.0
4194,485350,Winter Novel,Indie,Visual Novel,Casual,Simulation,Anime,82.0
4195,487430,KARAKARA,Visual Novel,Anime,Sexual Content,Nudity,Cute,95.0
4196,487700,Conan the mighty pig,Psychological Horror,World War II,Hentai,Sexual Content,Gore,92.0
4197,488280,Gun Done,Casual,Indie,Western,Pixel Graphics,Memes,89.0
4198,493450,Wild Romance,Visual Novel,Casual,Anime,Sexual Content,Adventure,60.0
4199,501120,Clock Simulator,Indie,Simulation,Singleplayer,Realistic,Family Friendly,88.0
4200,515040,Make America Great Again: The Trump Presidency,Memes,Post-apocalyptic,Political Sim,Political,Illuminati,86.0
4201,518670,Intensive Exposure,Arcade,Character Customization,Voxel,3D,Funny,86.0
4202,526870,Satisfactory,Base Building,Automation,Open World,Multiplayer,Crafting,96.0
4203,527450,Cockroach Simulator,Simulation,Indie,Multiplayer,Funny,Psychological Horror,79.0
4204,532030,Dream Dealer,Action,Indie,Casual,Simulation,Adventure,53.0
4205,555670,Infinitum,Action,Indie,Adventure,Simulation,Space,55.0
4206,569970,Chosen 2,RPG,Anime,Indie,Adventure,RPGMaker,65.0
4207,595440,CPU Invaders,Funny,Pixel Graphics,Casual,Indie,Arcade,86.0
4208,595460,Flix and Chill,Indie,Casual,Simulation,Romance,Memes,80.0
4209,597230,Shotgun Legend,Indie,Action,Pixel Graphics,RPG,2D,90.0
4210,597700,OVIVO,Adventure,Experimental,Platformer,Difficult,Dark,89.0
4211,602770,Clatter,Strategy,Indie,Turn-Based,Turn-Based Strategy,Turn-Based Combat,82.0
4212,612110,Sweet fantasy,Sexual Content,Nudity,Casual,Visual Novel,Adventure,83.0
4213,503350,White Noise 2,Horror,Multiplayer,Survival Horror,Team-Based,Co-op,80.0
4214,629540,Alien Arena: Warriors Of Mars,Arena Shooter,Action,Indie,Gore,Violent,78.0
4215,634340,Legend of Himari,Indie,Casual,Anime,Female Protagonist,Pixel Graphics,89.0
4216,236150,Starpoint Gemini 2,Space,Simulation,RPG,Open World,Sci-fi,69.0
4217,654900,qop,Puzzle,Casual,Indie,2D,Minimalist,91.0
4218,669050,Mutiny!!,Sexual Content,Nudity,Visual Novel,Female Protagonist,Indie,88.0
4219,691690,Ash of Gods: Redemption,RPG,Turn-Based Combat,Story Rich,Singleplayer,Adventure,73.0
4220,629520,Soundpad,Utilities,Audio Production,Music,Software,NSFW,96.0
4221,466240,Deceit,PvP,Multiplayer,Horror,Social Deduction,Free to Play,79.0
4222,739630,Phasmophobia,Horror,Online Co-Op,Multiplayer,Psychological Horror,Co-op,96.0
4223,757330,qop 2,Puzzle,Casual,2D,Indie,Singleplayer,94.0
4224,700580,Rust - Staging Branch,,,,,,
4225,810670,NALOGI,Sexual Content,Anime,Nudity,Casual,Indie,79.0
4226,858210,Nova Drift,Action Roguelike,Space,Indie,Bullet Hell,Roguelite,95.0
4227,864300,qop 3,Puzzle,Casual,Indie,Minimalist,Singleplayer,93.0
4228,878750,Hentai Girl,Sexual Content,Nudity,Mature,Anime,Hentai,93.0
4229,881100,Noita,Physics,Difficult,Pixel Graphics,Roguelike,Dungeon Crawler,95.0
4230,927890,Hentai Girl Linda,Sexual Content,Nudity,Hentai,Anime,Mature,94.0
4231,963690,Hentai Girl Hime,Sexual Content,Nudity,Anime,Mature,Hentai,93.0
4232,966630,qop 4,Minimalist,Casual,Indie,Puzzle,2D,94.0
4233,968950,Sakura MMO 2,Simulation,Visual Novel,Anime,Female Protagonist,Nudity,89.0
4234,998930,Seek Girl,Sexual Content,Nudity,Mature,Hentai,Anime,77.0
4235,1004240,Hentai Girl Karen,Hentai,Sexual Content,Nudity,Mature,Anime,94.0
4236,1008710,Wet Girl,Sexual Content,Nudity,Mature,Casual,FPS,79.0
4237,1064130,Sakura MMO 3,Simulation,Sexual Content,Visual Novel,Mature,Nudity,95.0
4238,1070330,Russian Life Simulator,Simulation,Memes,Clicker,Singleplayer,2D,89.0
4239,1118200,People Playground,Sandbox,Gore,Physics,Blood,Moddable,98.0
4240,1144250,WAIFU HELL,Action,Indie,Sexual Content,Nudity,Gore,74.0
4241,1146950,Hentai Girl Fantasy,Sexual Content,Hentai,Nudity,Mature,Anime,94.0
4242,1148510,Pretty Angel,Sexual Content,Casual,Nudity,Indie,Hentai,92.0
4243,1157340,Hentai Killer,Sexual Content,Nudity,Hentai,Anime,Adventure,79.0
4244,1190110,HENTAI SNIPER: Middle East,Hentai,Action,Indie,Simulation,Adventure,87.0
4245,1212620,Pretty Neko,Casual,Indie,Simulation,Sexual Content,RPG,93.0
4246,1249200,Ghostrunner Demo,Action,Cyberpunk,Fast-Paced,First-Person,Difficult,91.0
4247,1299120,Mosaique Neko Waifus 2,Hentai,Sexual Content,Nudity,NSFW,LGBTQ+,95.0
4248,257420,Serious Sam 4,Action,Gore,FPS,Co-op,Shooter,83.0
4249,2835570,Buckshot Roulette,Dark,Multiplayer,Horror,Gambling,First-Person,94.0
4250,1840,Source Filmmaker,Animation & Modeling,Free to Play,Video Production,Software,Movie,92.0
4251,350080,Wolfenstein: The Old Blood ,FPS,Action,World War II,Alternate History,Shooter,89.0
4252,380600,Fishing Planet,Fishing,Free to Play,Multiplayer,Simulation,Sports,86.0
4253,365590,Tom Clancy's The Division,Open World,Looter Shooter,Multiplayer,Third-Person Shooter,Action,71.0
4254,670290,Real Pool 3D - Poolians,Pool,Sports,Free to Play,Multiplayer,Simulation,77.0
4255,766570,Russian Fishing 4,Fishing,Free to Play,Multiplayer,Simulation,Nature,50.0
4256,787860,Farming Simulator 19,Simulation,Farming Sim,Multiplayer,Agriculture,Realistic,94.0
4257,1248130,Farming Simulator 22,Simulation,Farming Sim,Co-op,Multiplayer,Agriculture,92.0
4258,3900,Sid Meier's Civilization IV,Strategy,Turn-Based Strategy,Turn-Based,4X,Historical,92.0
4259,11050,Dracula: Origin,Adventure,Casual,Vampire,Point & Click,Puzzle,73.0
4260,6040,The Dig,Adventure,Point & Click,Great Soundtrack,Singleplayer,Classic,92.0
4261,31170,Tales of Monkey Island: Chapter 1 - Launch of the Screaming Narwhal,Point & Click,Adventure,Comedy,Puzzle,Funny,89.0
4262,31180,Tales of Monkey Island: Chapter 2 - The Siege of Spinner Cay ,Adventure,RPG,Point & Click,Singleplayer,Great Soundtrack,90.0
4263,31190,Tales of Monkey Island: Chapter 3 - Lair of the Leviathan ,Remake,Cult Classic,Retro,Adventure,RPG,94.0
4264,31200,Tales of Monkey Island: Chapter 4 - The Trial and Execution of Guybrush Threepwood ,Adventure,RPG,Point & Click,Singleplayer,Great Soundtrack,78.0
4265,31210,Tales of Monkey Island: Chapter 5 - Rise of the Pirate God,Adventure,RPG,Point & Click,Singleplayer,Great Soundtrack,89.0
4266,33650,Puzzler World ,Casual,Puzzle,Singleplayer,Logic,Word Game,88.0
4267,7210,Runaway: A Road Adventure,Adventure,Point & Click,Mystery,Singleplayer,Puzzle,76.0
4268,33460,From Dust,God Game,Simulation,Sandbox,Adventure,Strategy,66.0
4269,200130,Puzzler World 2,Casual,Indie,Strategy,Puzzle,Singleplayer,77.0
4270,206480,Dungeons & Dragons Online®,Free to Play,RPG,MMORPG,Dungeons & Dragons,Massively Multiplayer,71.0
4271,248290,Reach for the Sun,Casual,Simulation,Indie,Strategy,Education,66.0
4272,292200,Crazy Plant Shop,Casual,Indie,Strategy,Education,Cute,78.0
4273,301990,School Bus Fun,Casual,Action,Time Management,Female Protagonist,Simulation,61.0
4274,9900,Star Trek Online,Free to Play,Sci-fi,Massively Multiplayer,Space,MMORPG,78.0
4275,320630,Season Match,Casual,Adventure,Match 3,Female Protagonist,,76.0
4276,320650,Season Match 2,Adventure,Casual,Match 3,Puzzle,,58.0
4277,329860,Catlateral Damage,Cats,Physics,Destruction,Cute,Funny,88.0
4278,335660,CAFE 0 ~The Drowned Mermaid~,Visual Novel,Indie,Adventure,Casual,Horror,69.0
4279,245470,Democracy 3,Political Sim,Simulation,Politics,Strategy,Indie,74.0
4280,351090,Regency Solitaire,Solitaire,Visual Novel,Puzzle,Board Game,Card Game,97.0
4281,359230,Lethis - Path of Progress,City Builder,Strategy,Steampunk,Simulation,Building,68.0
4282,360550,Cursed Sight,Indie,Visual Novel,Anime,Story Rich,,82.0
4283,360650,12 Labours of Hercules III: Girl Power,Casual,Strategy,Time Management,Singleplayer,Mythology,87.0
4284,364640,FreeCell Quest,Solitaire,Card Battler,Casual,Exploration,Open World,80.0
4285,368360,60 Seconds!,Turn-Based Tactics,Exploration,Choose Your Own Adventure,Outbreak Sim,Immersive Sim,84.0
4286,382140,SKYHILL,Survival,Action Roguelike,Adventure,Indie,Post-apocalyptic,77.0
4287,380550,Incandescent,Action,Indie,Shoot 'Em Up,Twin Stick Shooter,Arcade,76.0
4288,229580,Dream,Indie,Adventure,Exploration,Walking Simulator,Atmospheric,56.0
4289,392820,Wild Island Quest,Indie,Adventure,Visual Novel,Choices Matter,Interactive Fiction,70.0
4290,394870,Office Battle,Indie,Action,Violent,Funny,Beat 'em up,75.0
4291,396850,Chronicles of the Witches and Warlocks,Casual,Adventure,Hidden Object,Point & Click,Puzzle,71.0
4292,398980,Without Within 2,Indie,Visual Novel,Anime,Story Rich,Female Protagonist,89.0
4293,377900,Empire TV Tycoon,Management,Economy,Arcade,Female Protagonist,Strategy,76.0
4294,404180,Club Life,Indie,Adventure,Casual,Visual Novel,Nudity,80.0
4295,428690,Youtubers Life,Management,Singleplayer,Character Customization,Life Sim,Casual,77.0
4296,434820,Brushwood Buddies,Indie,Casual,Puzzle,Pixel Graphics,Cute,84.0
4297,434210,It's Spring Again,Casual,Indie,Family Friendly,Education,Short,94.0
4298,437420,The Secret Order 3: Ancient Times,Casual,Adventure,Hidden Object,Puzzle,Point & Click,86.0
4299,444280,Alice's Patchwork,Casual,Puzzle,Family Friendly,Relaxing,Strategy,86.0
4300,453850,Dear RED - Extended,Indie,RPG,RPGMaker,Short,Visual Novel,65.0
4301,456430,Christmas Adventure: Candy Storm,Casual,Indie,Hidden Object,Point & Click,Singleplayer,89.0
4302,378370,Nomad,Survival,Multiplayer,Open World Survival Craft,Free to Play,Zombies,60.0
4303,466490,Princess Isabella: The Rise of an Heir,Casual,Adventure,Hidden Object,Puzzle,Point & Click,52.0
4304,490230,SWARMRIDERS,Action,Free to Play,Indie,Bullet Hell,Arcade,88.0
4305,493490,City Car Driving,Simulation,Driving,Automobile Sim,Open World,Survival Horror,82.0
4306,506730,Dinosaur Forest,Indie,Action,Dinosaurs,Multiplayer,FPS,57.0
4307,523150,Mahjong World Contest,Casual,Indie,Strategy,Mahjong,Sports,88.0
4308,523160,Alice's Patchworks 2,Casual,Indie,Puzzle,Family Friendly,Singleplayer,84.0
4309,528070,Solitaire Beach Season,Casual,Strategy,Indie,Card Game,Solitaire,77.0
4310,538060,Doodle God: 8-bit Mania,Casual,Indie,Simulation,Puzzle,Pixel Graphics,63.0
4311,540190,Tetropunk,Casual,Indie,Puzzle,Arcade,2D Platformer,78.0
4312,540610,Delicious! Pretty Girls Mahjong Solitaire,Casual,Anime,Mature,Nudity,Sexual Content,86.0
4313,546070,Flower Design,Simulation,Casual,Indie,Sandbox,Relaxing,61.0
4314,546410,Grab the Bottle,Casual,Indie,Puzzle,2D,Physics,84.0
4315,546430,Pathway,Turn-Based Tactics,Pixel Graphics,Strategy RPG,Exploration,Choose Your Own Adventure,76.0
4316,547310,That's Mahjong!,Casual,Indie,Touch-Friendly,Puzzle,,70.0
4317,547960,Space Beret,Casual,Indie,Action,Shooter,Top-Down Shooter,66.0
4318,560220,Estiman,Indie,Casual,Puzzle,Singleplayer,Family Friendly,92.0
4319,565720,Pretty Girls Panic!,Casual,Anime,Arcade,Sexual Content,Puzzle,83.0
4320,567140,Mahjong Magic Journey,Casual,Puzzle,Mahjong,Singleplayer,Card Game,82.0
4321,568570,Force of Nature,Open World Survival Craft,Survival,Crafting,Open World,Sandbox,75.0
4322,575580,Queen of Seas,Adventure,Indie,Casual,Pixel Graphics,2D,81.0
4323,584100,Mad Digger,Simulation,Casual,Indie,Adventure,,72.0
4324,585830,Ninja Stealth 2,Stealth,Strategy,Ninja,Indie,Casual,68.0
4325,586380,VITATIO 2,Casual,Indie,Adventure,Puzzle,,85.0
4326,587810,Bang Bang Fruit,Indie,Casual,Puzzle,2D,Physics,56.0
4327,588160,Pizza Connection 3,Strategy,Simulation,Management,Economy,Building,48.0
4328,591460,Parkasaurus,Management,City Builder,Dinosaurs,Building,Simulation,93.0
4329,591960,Animation Throwdown: The Quest for Cards,Free to Play,Card Game,Strategy,Adventure,RPG,75.0
4330,603260,The Cat Games,Casual,Cute,Cats,Indie,Simulation,89.0
4331,608760,Doodle Devil,Indie,Casual,Simulation,Puzzle,Singleplayer,79.0
4332,618610,Endless Horde,Tower Defense,Zombies,Survival,Action,Indie,66.0
4333,549240,Beans: The Coffee Shop Simulator,Simulation,Casual,Indie,Management,2D,66.0
4334,631830,Sarcophag,Zombies,Indie,Management,Casual,Singleplayer,73.0
4335,648390,Marie's Room,Free to Play,Story Rich,Atmospheric,Walking Simulator,Indie,93.0
4336,656610,Red Wake Carnage,Action,Indie,FPS,Violent,,58.0
4337,667530,Drunken Wrestlers 2,Early Access,Multiplayer,Fighting,Physics,3D Fighter,87.0
4338,667890,Dead Maze,Free to Play,Survival,Zombies,Multiplayer,Massively Multiplayer,75.0
4339,689910,Another Lost Phone: Laura's Story,Indie,Casual,Detective,Interactive Fiction,Mystery,91.0
4340,712730,SIMULACRA,Horror,Detective,Immersive Sim,Point & Click,Visual Novel,93.0
4341,450860,Andarilho,Survival,Open World,Crafting,Open World Survival Craft,Building,67.0
4342,748300,Treasure Hunter Simulator,Simulation,Indie,First-Person,Casual,Atmospheric,62.0
4343,754120,Ninja Stealth 3,Stealth,Strategy,Ninja,Indie,Casual,80.0
4344,756880,NVL,Nudity,Adventure,RPG,Indie,Casual,66.0
4345,771350,Achievement Clicker 2018,Strategy,Indie,Casual,Simulation,Clicker,82.0
4346,797430,HD Poker,Free to Play,Strategy,Massively Multiplayer,Card Game,Simulation,80.0
4347,824190,Achievement Clicker 2019,Indie,Simulation,Casual,Strategy,Adventure,86.0
4348,841350,NALOGI 2,Sexual Content,Nudity,Adventure,Casual,Strategy,75.0
4349,868360,Project Hospital,Medical Sim,City Builder,Job Simulator,Management,Simulation,88.0
4350,869760,Stoneshard: Prologue,RPG,Adventure,Free to Play,Dungeon Crawler,Indie,86.0
4351,935880,Glass Masquerade 2: Illusions,Casual,Puzzle,Indie,Relaxing,Beautiful,92.0
4352,944220,Gachi Heroes,Memes,Comedy,Funny,Action,Relaxing,94.0
4353,599630,Mountain Mind,Indie,VR,Great Soundtrack,,,80.0
4354,993740,Hentai Mosaique Puzzle,Sexual Content,Nudity,Casual,Indie,Anime,88.0
4355,1035610,Hentai Mosaique Vip Room,Casual,Sexual Content,Nudity,Indie,Action,88.0
4356,1111030,Hentai Bad Girls,Sexual Content,Nudity,Casual,Indie,Hentai,85.0
4357,1139980,Travellers Rest,Life Sim,Pixel Graphics,Management,Farming Sim,RPG,88.0
4358,1166290,Death and Taxes,Story Rich,Simulation,Choices Matter,Point & Click,Strategy,87.0
4359,1168660,Barro 2020,Indie,Racing,Sports,Multiplayer,PvP,85.0
4360,1192640,Mosaique Neko Waifus,Sexual Content,Nudity,Hentai,Anime,Puzzle,92.0
4361,545860,Luke Sidewalker,Casual,Adventure,Action,Pixel Graphics,,57.0
4362,1356280,Kitaria Fables,Co-op,Action RPG,Farming Sim,Crafting,Adventure,74.0
4363,1428820,Wordle 3,Puzzle,Casual,Indie,2D,Fast-Paced,83.0
4364,1455840,Dorfromantik,Puzzle,Relaxing,City Builder,Turn-Based Strategy,Strategy,96.0
4365,1473050,100 hidden birds,Casual,Adventure,Hidden Object,Family Friendly,Point & Click,94.0
4366,1480120,100 hidden eternals,Casual,Hidden Object,Adventure,Puzzle,Point & Click,93.0
4367,1549030,100 hidden snails 2,Casual,Hidden Object,Creature Collector,Family Friendly,Surreal,94.0
4368,1635590,My Friend Peppa Pig,Relaxing,Family Friendly,Wholesome,Adventure,Story Rich,88.0
4369,1968730,Bounty of One,Top-Down Shooter,Arena Shooter,RPG,Score Attack,Colorful,88.0
4370,344740,CRYPTARK,Action Roguelike,Action,Indie,Adventure,Strategy,83.0
4371,641320,Cooking Simulator,Simulation,Cooking,Singleplayer,Realistic,Sandbox,84.0
4372,2687190,100 Christmas Cats,Cats,Hidden Object,Puzzle,Cozy,Free to Play,81.0
4373,30,Day of Defeat,FPS,World War II,Multiplayer,Shooter,Action,88.0
4374,4580,"Warhammer 40,000: Dawn of War - Dark Crusade",Strategy,Warhammer 40K,RTS,Base Building,Sci-fi,96.0
4375,9310,"Warhammer 40,000: Dawn of War - Winter Assault",Strategy,Warhammer 40K,RTS,Games Workshop,Base Building,89.0
4376,15620,"Warhammer 40,000: Dawn of War II - Anniversary Edition",Warhammer 40K,Strategy,RTS,Sci-fi,Multiplayer,86.0
4377,20570,"Warhammer 40,000: Dawn of War II - Chaos Rising",Strategy,Warhammer 40K,RTS,Sci-fi,Multiplayer,91.0
4378,56400,"Warhammer 40,000: Dawn of War II - Retribution",Warhammer 40K,Strategy,RTS,Tactical,Multiplayer,90.0
4379,29720,Guild Wars,,,,,,
4380,10150,Prototype,Action,Open World,Gore,Singleplayer,Third Person,79.0
4381,6000,STAR WARS™ Republic Commando,FPS,Action,Tactical,Sci-fi,Singleplayer,95.0
4382,10180,Call of Duty: Modern Warfare 2 (2009),Action,FPS,Multiplayer,Shooter,First-Person,93.0
4383,10190,Call of Duty: Modern Warfare 2 (2009) - Multiplayer,Action,FPS,Multiplayer,Shooter,First-Person,93.0
4384,33220,Tom Clancy's Splinter Cell: Conviction,Action,Stealth,Co-op,Singleplayer,Third Person,71.0
4385,42700,Call of Duty: Black Ops,Action,FPS,Zombies,Multiplayer,Shooter,91.0
4386,42710,Call of Duty: Black Ops - Multiplayer,Action,FPS,Zombies,Multiplayer,Shooter,91.0
4387,7860,NecroVisioN,Action,FPS,World War I,Gore,Zombies,69.0
4388,16450,F.E.A.R. 2: Project Origin,Horror,FPS,Action,Gore,Singleplayer,83.0
4389,18070,The Baconing,RPG,Action,Adventure,Comedy,Local Co-Op,78.0
4390,42680,Call of Duty®: Modern Warfare® 3 (2011),Action,FPS,Multiplayer,Shooter,First-Person,89.0
4391,42690,Call of Duty®: Modern Warfare® 3 (2011) - Multiplayer,,,,,,
4392,102500,Kingdoms of Amalur: Reckoning™,RPG,Fantasy,Open World,Singleplayer,Action RPG,87.0
4393,214250,I Am Alive,Survival,Post-apocalyptic,Action,Adventure,Third Person,67.0
4394,214970,Intrusion 2,Action,Indie,Platformer,2D,Physics,93.0
4395,34330,Total War: SHOGUN 2,Strategy,Historical,Turn-Based Strategy,RTS,Grand Strategy,91.0
4396,216890,Blood Bowl: Chaos Edition,Sports,Strategy,Board Game,Turn-Based,Games Workshop,79.0
4397,39680,The Guild II: Renaissance,Simulation,Strategy,Colony Sim,Economy,Medieval,81.0
4398,221810,The Cave,Adventure,Platformer,Puzzle,Local Co-Op,Comedy,87.0
4399,17080,Tribes: Ascend,Free to Play,FPS,Action,Multiplayer,Shooter,80.0
4400,236390,War Thunder,Free to Play,Simulation,Vehicular Combat,Combat,World War II,72.0
4401,220160,Trials Evolution Gold Edition,Racing,Action,Level Editor,Multiplayer,Platformer,75.0
4402,245150,The Novelist,Story Rich,Choices Matter,Atmospheric,Stealth,Indie,78.0
4403,235600,Tom Clancy's Splinter Cell Blacklist,Stealth,Action,Co-op,Third Person,Multiplayer,80.0
4404,250050,Life Goes On,Funny,Dark Humor,Platformer,Puzzle,Fantasy,95.0
4405,252870,PULSAR: Lost Colony,Space Sim,Open World,Simulation,Co-op,First-Person,89.0
4406,254320,Duskers,Exploration,Typing,Real Time Tactics,Space,Roguelite,90.0
4407,242860,Verdun,Shooter,Co-op,PvP,Massively Multiplayer,World War I,87.0
4408,235800,Audiosurf 2,Music,Rhythm,Indie,Music-Based Procedural Generation,Moddable,82.0
4409,267530,The LEGO® Movie - Videogame,LEGO,Adventure,Action,Local Co-Op,Family Friendly,86.0
4410,12830,Operation Flashpoint: Dragon Rising,FPS,Action,Military,Tactical,Open World,70.0
4411,44340,Operation Flashpoint: Red River,Action,FPS,Strategy,Military,Multiplayer,55.0
4412,277700,On Rusty Trails,Indie,Platformer,Puzzle Platformer,Precision Platformer,Comic Book,89.0
4413,218090,Unity of Command,Strategy,World War II,Turn-Based Strategy,Indie,Wargame,78.0
4414,43160,Metro: Last Light Complete Edition,,,,,,
4415,289130,ENDLESS™ Legend,Strategy,4X,Turn-Based,Turn-Based Strategy,Fantasy,84.0
4416,239430,Q.U.B.E: Director's Cut,Puzzle,Indie,First-Person,Adventure,Action,82.0
4417,307950,Caliber,Free to Play,Multiplayer,Co-op,Combat,Military,76.0
4418,316010,Magic Duels,Free to Play,Card Game,Trading Card Game,Magic,Strategy,70.0
4419,317360,Double Action: Boogaloo,Free to Play,Action,Multiplayer,Shooter,Parkour,92.0
4420,324800,Shadow Warrior 2,Action,Gore,Looter Shooter,FPS,Co-op,87.0
4421,209660,Call of Duty: Advanced Warfare - Multiplayer,Dog,FPS,Action,Multiplayer,Shooter,62.0
4422,339230,ZOMBI,Zombies,Survival,First-Person,Survival Horror,Action,63.0
4423,341190,Hotline Miami 2: Wrong Number Digital Comic,Comic Book,Indie,,,,93.0
4424,370240,NBA 2K16,Sports,Basketball,Multiplayer,Simulation,Singleplayer,49.0
4425,381780,80 Days,Adventure,Story Rich,Choices Matter,Choose Your Own Adventure,Strategy,92.0
4426,384360,Fingered,Indie,Casual,Detective,Funny,Puzzle,74.0
4427,245490,Trials Fusion,Racing,Multiplayer,Singleplayer,Physics,Local Multiplayer,67.0
4428,299360,Block N Load,Free to Play,Action,Multiplayer,FPS,Shooter,78.0
4429,411960,TY the Tasmanian Tiger,3D Platformer,Collectathon,Platformer,Action,Adventure,98.0
4430,243470,Watch_Dogs,Open World,Hacking,Action,Multiplayer,Third Person,77.0
4431,477740,Zero Escape: The Nonary Games,Visual Novel,Story Rich,Puzzle,Mystery,Choices Matter,93.0
4432,273350,Evolve Stage 2,Action,Multiplayer,Co-op,FPS,Online Co-Op,65.0
4433,505460,Foxhole,Massively Multiplayer,Wargame,Military,Base Building,World War II,82.0
4434,671860,BattleBit Remastered,FPS,Multiplayer,Shooter,Military,Destruction,88.0
4435,236690,Blood Bowl 2,Strategy,Multiplayer,Fantasy,Board Game,Singleplayer,78.0
4436,554620,Life is Strange: Before the Storm,Story Rich,Choices Matter,Great Soundtrack,Female Protagonist,Atmospheric,93.0
4437,362960,Tyranny,RPG,Choices Matter,Story Rich,Isometric,CRPG,87.0
4438,589780,The Red Strings Club,Cyberpunk,Pixel Graphics,Story Rich,Choices Matter,Great Soundtrack,93.0
4439,813780,Age of Empires II: Definitive Edition,Strategy,RTS,City Builder,Multiplayer,Base Building,94.0
4440,608800,Guns of Icarus Alliance,Indie,Action,Adventure,Simulation,Steampunk,81.0
4441,392160,X4: Foundations,Space Sim,Simulation,Sandbox,Economy,Flight,78.0
4442,686810,Hell Let Loose,Shooter,Realistic,World War II,FPS,Multiplayer,84.0
4443,1318690,shapez,Automation,Base Building,Resource Management,Sandbox,Crafting,96.0
4444,1336490,Against the Storm,Strategy,City Builder,Simulation,Base Building,Management,95.0
4445,6980,Thief: Deadly Shadows,Stealth,Atmospheric,Action,Steampunk,First-Person,81.0
4446,2590,Alpha Prime,Action,FPS,Sci-fi,Shooter,First-Person,59.0
4447,11250,Pacific Storm,Strategy,Simulation,Naval Combat,World War II,Naval,70.0
4448,17460,Mass Effect (2007),RPG,Sci-fi,Story Rich,Action,Space,93.0
4449,21900,Tom Clancy's H.A.W.X.,,,,,,
4450,4560,Company of Heroes - Legacy Edition,Strategy,World War II,RTS,Multiplayer,Military,93.0
4451,9340,Company of Heroes: Opposing Fronts,Strategy,RTS,World War II,Action,Singleplayer,90.0
4452,20540,Company of Heroes: Tales of Valor,Strategy,RTS,World War II,Military,Multiplayer,92.0
4453,9860,The Chronicles of Riddick: Assault on Dark Athena,,,,,,
4454,24790,Command & Conquer 3: Tiberium Wars™,Strategy,RTS,Base Building,Sci-fi,Multiplayer,90.0
4455,24810,Command & Conquer 3: Kane's Wrath™,Strategy,RTS,Base Building,Sci-fi,Multiplayer,94.0
4456,31410,Zombie Driver,,,,,,
4457,45300,Wings of Prey,Simulation,Flight,World War II,Historical,Singleplayer,63.0
4458,33230,Assassin's Creed II,Action,Open World,Parkour,Assassin,Stealth,89.0
4459,11440,DiRT,,,,,,
4460,11500,ToCA Race Driver 3,,,,,,
4461,42120,Lead and Gold - Gangs of the Wild West,Western,Action,PvP,Multiplayer,Third-Person Shooter,70.0
4462,42640,Blur,,,,,,
4463,32470,STAR WARS™ Empire at War: Gold Pack,Strategy,RTS,Space,Sci-fi,Multiplayer,97.0
4464,42500,DogFighter,Action,Indie,Flight,Arcade,Multiplayer,66.0
4465,22650,Alien Breed 2: Assault,Action,Shooter,Aliens,Co-op,Isometric,76.0
4466,57600,Tropico 3: Absolute Power,Simulation,Strategy,City Builder,Economy,Great Soundtrack,94.0
4467,32500,STAR WARS™: The Force Unleashed™ II,Action,Singleplayer,Hack and Slash,Third Person,Sci-fi,64.0
4468,90500,Guardians of Graxia,Strategy,Card Game,Turn-Based,Fantasy,Board Game,39.0
4469,22670,Alien Breed 3: Descent,Action,Shooter,Isometric,Aliens,Sci-fi,77.0
4470,47870,Need for Speed: Hot Pursuit,Racing,Combat Racing,Sports,Driving,PvP,81.0
4471,27940,Dead Horde,Zombies,Action,Indie,Survival,Multiplayer,37.0
4472,43190,The Haunted: Hells Reach,Action,Indie,Co-op,Zombies,Multiplayer,85.0
4473,111400,Bunch Of Heroes,Action,Indie,Co-op,Shooter,Multiplayer,44.0
4474,34830,Sniper: Ghost Warrior,Action,Sniper,FPS,Singleplayer,Stealth,58.0
4475,65730,Take On Helicopters,Simulation,Flight,TrackIR,Open World,Sandbox,61.0
4476,57400,Batman: Arkham City™,Action,Adventure,Open World,Third Person,Superhero,98.0
4477,202070,Choplifter HD,Action,Arcade,Zombies,Classic,Shoot 'Em Up,87.0
4478,64000,Men of War: Assault Squad,Strategy,World War II,War,Tactical,RTS,88.0
4479,206690,iBomber Defense Pacific,Tower Defense,Strategy,Casual,Indie,World War II,85.0
4480,212580,The Amazing Spider-Man,,,,,,
4481,209160,Call of Duty: Ghosts,Dog,FPS,Action,Multiplayer,Shooter,62.0
4482,315440,TRON: Evolution,,,,,,
4483,6870,Battlestations: Midway,Action,World War II,Naval Combat,Naval,Strategy,78.0
4484,327740,TRON 2.0,FPS,Action,Sci-fi,First-Person,Cyberpunk,89.0
4485,332400,Girlfriend Rescue,Party-Based RPG,Pixel Graphics,Modern,Choices Matter,Replay Value,80.0
4486,333740,The Falling Sun,,,,,,
4487,352960,Star Horizon,Indie,Action,Simulation,Space,Adventure,58.0
4488,355250,STAR WARS™: TIE Fighter Special Edition,Action,Space,Space Sim,Singleplayer,Simulation,81.0
4489,359060,Switch Galaxy Ultra,Racing,Action,Indie,,,30.0
4490,361670,STAR WARS™: X-Wing Alliance™,Action,Space Sim,Space,Multiplayer,Singleplayer,83.0
4491,364890,The Lost Battalion: All Out Warfare,Action,Casual,Indie,World War I,Shooter,48.0
4492,374460,Impossiball,Old School,Arcade,Bullet Hell,Sports,Tennis,89.0
4493,369040,Yargis - Space Melee,Indie,Casual,Action,Adventure,Strategy,60.0
4494,382080,Action Alien,Action,Indie,Casual,Adventure,FPS,67.0
4495,386990,Asphyxia,Visual Novel,Indie,Female Protagonist,Simulation,Anime,86.0
4496,391310,Alien Attack,Action,Indie,Casual,Adventure,Simulation,82.0
4497,365810,Flying Tigers: Shadows Over China,Flight,World War II,Action,Simulation,Shooter,68.0
4498,399820,Kopanito All-Stars Soccer,Sports,Football (Soccer),Local Multiplayer,Action,Indie,84.0
4499,385600,Heavy Fire: Shattered Spear,FPS,On-Rails Shooter,Military,Survival,Shooter,60.0
4500,314000,Pool Nation FX,Free to Play,Sports,Pool,Multiplayer,Simulation,72.0
4501,434610,Forbidden Planet,Indie,Strategy,Space,Tower Defense,,47.0
4502,440340,Banzai Escape,Action,On-Rails Shooter,Anime,Female Protagonist,Third-Person Shooter,73.0
4503,441870,OutDrive,Racing,Indie,Casual,Retro,1980s,78.0
4504,446610,Bunny Bounce,Indie,Casual,Adventure,Visual Novel,Sexual Content,53.0
4505,448370,IS Defense,Action,Indie,Violent,Shooter,On-Rails Shooter,91.0
4506,451670,War Birds: WW2 Air strike 1942,Simulation,Action,World War II,Casual,Strategy,20.0
4507,453980,Airstrike HD,Indie,Casual,Arcade,,,61.0
4508,454230,SLG Remix,Adventure,Casual,Indie,Gore,Violent,
4509,455690,Pixel Puzzles Junior,Casual,Simulation,Indie,Strategy,Adventure,87.0
4510,457710,Road Madness,Racing,Action,,,,30.0
4511,458600,ZRoll,Casual,Action,Indie,Adventure,,60.0
4512,466730,King's Guard TD,Casual,Indie,Strategy,Tower Defense,Cartoony,52.0
4513,467370,Escape This,Precision Platformer,Perma Death,Difficult,Puzzle Platformer,Moddable,60.0
4514,485370,Mad Combat Marines,Action,Indie,Casual,Automobile Sim,Third-Person Shooter,68.0
4515,312450,Order of Battle: World War II,Strategy,Free to Play,World War II,Simulation,Turn-Based,77.0
4516,496750,The Housewife,Indie,Simulation,Female Protagonist,Abstract,Experimental,52.0
4517,498240,Batman - The Telltale Series,Choices Matter,Adventure,Story Rich,Superhero,Singleplayer,85.0
4518,507010,Mr.President!,Memes,Funny,Realistic,Politics,Simulation,83.0
4519,518790,theHunter: Call of the Wild™,Hunting,Open World,Multiplayer,Nature,Relaxing,88.0
4520,522570,The Last Hope,Exploration,Action Roguelike,Collectathon,Interactive Fiction,Driving,45.0
4521,529900,Polygon Attack,Indie,Casual,Action,Space,Arcade,89.0
4522,555750,Masked Forces,Action,Indie,Gore,FPS,Multiplayer,66.0
4523,562660,Pandarama: The Lost Toys,Indie,Casual,Puzzle,Arcade,2D,80.0
4524,574030,Score a goal (Physical football),Puzzle,Physics,Football (Soccer),Sports,Casual,67.0
4525,576050,Other worlds India,Choose Your Own Adventure,Metroidvania,Casual,Open World,Sandbox,61.0
4526,576540,Brother Wings,Casual,Action,Indie,Shoot 'Em Up,Puzzle,75.0
4527,579950,Marvel's Guardians of the Galaxy: The Telltale Series,Adventure,Superhero,Choices Matter,Story Rich,Episodic,86.0
4528,581030,The Last Hope Trump vs Mafia,Indie,Action,Adventure,Casual,Simulation,56.0
4529,586130,Survival Driver,Indie,Racing,Casual,,,58.0
4530,592730,Aerial Destruction,Action,Casual,Indie,Simulation,Strategy,67.0
4531,603130,Masked Shooters,Action,Indie,FPS,First-Person,Singleplayer,71.0
4532,603190,Tank Destroyer,Action,Indie,Tanks,Shoot 'Em Up,Shooter,76.0
4533,603750,- Arcane Raise -,Adventure,RPG,Strategy,Casual,RPGMaker,56.0
4534,604780,aMAZE,Puzzle,2D,Singleplayer,Colorful,Abstract,82.0
4535,611790,House Party,Nudity,Mature,NSFW,Simulation,Choices Matter,86.0
4536,614900,Devade,Casual,Action,Indie,Short,,66.0
4537,617710,Cannons-Defenders: Steam Edition,Action,Indie,Casual,2D,Great Soundtrack,70.0
4538,628750,aMAZE 2,Puzzle,Side Scroller,Difficult,2D,Singleplayer,86.0
4539,639790,DEEP SPACE WAIFU,Hentai,Sexual Content,Nudity,Anime,NSFW,96.0
4540,675260,Batman: The Enemy Within - The Telltale Series,Adventure,Story Rich,Choices Matter,Point & Click,Singleplayer,91.0
4541,414740,RAID: World War II,World War II,Action,FPS,Multiplayer,Co-op,62.0
4542,717690,OVERKILL's The Walking Dead,,,,,,
4543,954740,Terminator: Resistance,FPS,Post-apocalyptic,Choices Matter,Open World,Sci-fi,91.0
4544,961440,"Resident Evil 2 ""1-Shot Demo""",,,,,,
4545,548570,RAGE 2,Action,FPS,Open World,Post-apocalyptic,Vehicular Combat,63.0
4546,1056960,Wolfenstein: Youngblood,Action,Co-op,FPS,Female Protagonist,Singleplayer,45.0
4547,1237980,STAR WARS™ Battlefront™,Shooter,Sci-fi,Multiplayer,Space,Adventure,79.0
4548,1239260,Barro F,Indie,Racing,Sports,Multiplayer,PvP,83.0
4549,1313860,EA SPORTS™ FIFA 21 ,Football (American),Football (Soccer),Sports,PvP,Multiplayer,76.0
4550,33910,Arma 2,,,,,,
4551,201870,Assassin's Creed Revelations,Action,Open World,Parkour,Stealth,Adventure,84.0
4552,208480,Assassin's Creed® III,Adventure,Open World,Action,Assassin,Parkour,74.0
4553,226120,Weird Worlds: Return to Infinite Space,Indie,Strategy,Casual,Adventure,Roguelike,76.0
4554,260210,Assassin's Creed Liberation,Action,Female Protagonist,Open World,Stealth,Adventure,52.0
4555,311560,Assassin's Creed Rogue,Open World,Assassin,Action,Parkour,Stealth,85.0
4556,365660,OlliOlli2: Welcome to Olliwood,Skateboarding,Indie,Sports,Action,Great Soundtrack,86.0
4557,385240,Ultimate Arena,Wargame,Sandbox,God Game,2D,Cute,84.0
4558,368500,Assassin's Creed Syndicate,Assassin,Open World,Action,Stealth,Parkour,80.0
4559,354380,Assassin’s Creed® Chronicles: China,Assassin,Stealth,2.5D,Action,Female Protagonist,73.0
4560,4720,Condemned: Criminal Origins,Horror,Action,First-Person,Atmospheric,Survival Horror,88.0
4561,447850,The Next Door,Indie,Casual,Adventure,Puzzle,Walking Simulator,63.0
4562,544810,KARDS - The WWII Card Game,Free to Play,Card Game,World War II,Trading Card Game,Wargame,77.0
4563,584210,Tom Clancy's Ghost Recon Wildlands Open Beta,,,,,,
4564,8800,Sid Meier's Civilization IV: Beyond the Sword,Strategy,Turn-Based Strategy,4X,Turn-Based,Historical,96.0
4565,16810,Sid Meier's Civilization IV: Colonization,Strategy,Turn-Based Strategy,Turn-Based,4X,Historical,87.0
4566,1238820,Battlefield 3™ ,Action,Shooter,Singleplayer,Multiplayer,FPS,68.0
4567,1238860,Battlefield 4™ ,Multiplayer,FPS,Singleplayer,Shooter,Military,86.0
4568,38400,Fallout,RPG,Post-apocalyptic,Classic,Open World,Isometric,95.0
4569,1407200,World of Tanks,Tanks,Free to Play,Action,Military,Vehicular Combat,84.0
4570,1506830,FIFA 22,Football (Soccer),Sports,Multiplayer,Controller,Competitive,80.0
4571,1517290,Battlefield™ 2042,FPS,Shooter,Military,Multiplayer,War,47.0
4572,1811260,EA SPORTS™ FIFA 23,Football (Soccer),Sports,Controller,eSports,PvP,56.0
4573,1869590,Omega Strikers,Action,PvP,Multiplayer,Anime,Strategy,84.0
4574,2073850,THE FINALS,Destruction,Free to Play,Shooter,Multiplayer,FPS,75.0
4575,2141910,Magic: The Gathering Arena,Strategy,Card Game,Trading Card Game,Free to Play,Deckbuilding,64.0
4576,2321470,Deep Rock Galactic: Survivor,Dwarf,Action Roguelike,Bullet Hell,Roguelite,Top-Down Shooter,85.0
4577,60,Ricochet,Action,FPS,Multiplayer,Classic,First-Person,81.0
4578,6100,Eets,,,,,,
4579,18000,"On the Rain-Slick Precipice of Darkness, Episode One",RPG,Adventure,Comedy,Funny,Singleplayer,91.0
4580,22120,Penumbra: Black Plague,Horror,Adventure,First-Person,Psychological Horror,Stealth,93.0
4581,22180,Penumbra: Overture,Horror,Adventure,First-Person,Survival Horror,Indie,89.0
4582,22330,The Elder Scrolls IV: Oblivion ,RPG,Open World,Fantasy,Singleplayer,Moddable,95.0
4583,22320,The Elder Scrolls III: Morrowind,RPG,Open World,Fantasy,Classic,Great Soundtrack,95.0
4584,25700,Madballs in...Babo: Invasion,Indie,Action,Casual,Top-Down,Shooter,84.0
4585,34190,Sonic and SEGA All Stars Racing,Racing,Local Multiplayer,Arcade,Multiplayer,Split Screen,87.0
4586,58200,Jolly Rover,Adventure,Point & Click,Indie,Casual,Comedy,88.0
4587,21970,R.U.S.E,,,,,,
4588,61600,Zen Bound® 2,Puzzle,Casual,Indie,Relaxing,Singleplayer,91.0
4589,62000,Flight Control HD,Casual,Action,Touch-Friendly,Arcade,Singleplayer,92.0
4590,71240,SEGA Bass Fishing,Fishing,Simulation,Sports,Arcade,Singleplayer,90.0
4591,71260,Space Channel 5: Part 2,Rhythm,Action,Female Protagonist,Great Soundtrack,Music,90.0
4592,70600,Worms Ultimate Mayhem,Strategy,Multiplayer,Funny,Turn-Based,Turn-Based Strategy,89.0
4593,202970,Call of Duty: Black Ops II,Action,Multiplayer,FPS,Shooter,Singleplayer,86.0
4594,202990,Call of Duty: Black Ops II - Multiplayer,Action,Multiplayer,FPS,Shooter,Singleplayer,86.0
4595,212910,Call of Duty: Black Ops II - Zombies,,,,,,
4596,214850,GameMaker: Studio,,,,,,
4597,225300,Tomb Raider II,Adventure,Action,Female Protagonist,Classic,Singleplayer,87.0
4598,225320,Tomb Raider III: Adventures of Lara Croft,Adventure,Action,Female Protagonist,Classic,Puzzle,84.0
4599,224060,Deadpool,,,,,,
4600,239250,Castlevania: Lords of Shadow 2,Action,Adventure,Vampire,Hack and Slash,Gothic,84.0
4601,208610,Skullgirls ∞Endless Beta∞,,,,,,
4602,269170,SportsBar VR ,VR,Snooker,Sports,Simulation,Casual,83.0
4603,278080,DYNASTY WARRIORS 8: Xtreme Legends Complete Edition,Hack and Slash,Action,Musou,Historical,Third Person,84.0
4604,333980,AKIBA'S TRIP: Undead & Undressed,Anime,Nudity,JRPG,Action,RPG,85.0
4605,329440,Sonic Lost World,Adventure,Platformer,3D Platformer,Great Soundtrack,Singleplayer,65.0
4606,403430,ARCADE GAME SERIES: GALAGA,Action,Arcade,Shoot 'Em Up,Retro,Classic,90.0
4607,468700,NVIDIA® VR Funhouse,Free to Play,Casual,VR,Funny,Family Friendly,79.0
4608,486780,Fruit Ninja VR,VR,Swordplay,Action,Memes,Physics,80.0
4609,494150,The Thrill of the Fight,Sports,VR,Action,3D Fighter,Boxing,95.0
4610,496240,Onward,VR,Shooter,FPS,Military,Realistic,69.0
4611,516110,ToeJam & Earl: Back in the Groove,Adventure,Indie,Casual,Retro,Roguelite,89.0
4612,536270,Ancestors: The Humankind Odyssey ,Open World Survival Craft,Survival,Open World,Exploration,Singleplayer,80.0
4613,470210,Rocketbirds 2 Evolution,Action,Indie,Adventure,Platformer,2D,75.0
4614,690810,Killing Floor: Incursion,Action,Gore,Violent,VR,Horror,53.0
4615,699130,World War Z,Zombies,Multiplayer,Online Co-Op,Action,Co-op,83.0
4616,726830,Vacation Simulator,VR,Simulation,Funny,First-Person,Singleplayer,92.0
4617,962130,Grounded,Survival,Multiplayer,Open World Survival Craft,Co-op,Base Building,90.0
4618,993090,Lossless Scaling,Utilities,Software,Pixel Graphics,2D,3D,87.0
4619,1005300,The Jackbox Party Pack 6,Trivia,Casual,Multiplayer,Local Multiplayer,Indie,95.0
4620,1105510,Yakuza 5 Remastered,Action,Adventure,Beat 'em up,Open World,Crime,89.0
4621,1172620,Sea of Thieves,Multiplayer,Open World,Adventure,Pirates,Co-op,89.0
4622,1158850,The Great Ace Attorney Chronicles,Visual Novel,Adventure,Anime,Detective,Mystery,93.0
4623,1291340,Townscaper,Experimental,Relaxing,Building,Sandbox,Casual,96.0
4624,1388590,Yakuza 6: The Song of Life,Action,Adventure,Open World,Beat 'em up,RPG,93.0
4625,583950,Artifact Classic,Card Battler,Deckbuilding,Card Game,Trading Card Game,Strategy,46.0
4626,1627720,Lies of P,Souls-like,Action,Dark Fantasy,Action RPG,Exploration,92.0
4627,2058180,Judgment,Action,Adventure,Beat 'em up,Action-Adventure,3D Fighter,94.0
4628,2231450,Pizza Tower,Great Soundtrack,2D Platformer,Fast-Paced,Indie,Cartoony,98.0
4629,2072450,Like a Dragon: Infinite Wealth,Action,Adventure,JRPG,Turn-Based Combat,Sexual Content,90.0
4630,1230,Mare Nostrum,Action,World War II,Mod,FPS,Multiplayer,89.0
4631,209230,Sherlock Holmes and The Hound of The Baskervilles,Adventure,Casual,Hidden Object,Puzzle,Point & Click,89.0
4632,104700,Super Monday Night Combat,,,,,,
4633,33120,Alien Shooter 2: Reloaded,Aliens,Looter Shooter,Shoot 'Em Up,PvE,Shooter,92.0
4634,211440,Adventures of Shuggy,Platformer,Indie,Puzzle,Puzzle Platformer,Local Co-Op,89.0
4635,206370,Tales from Space: Mutant Blobs Attack,Retro,Indie,Singleplayer,Collectathon,Action,94.0
4636,215670,Home,Indie,Adventure,Horror,Pixel Graphics,Short,69.0
4637,46750,Dark Fall: Lost Souls,Adventure,Indie,Horror,Point & Click,Psychological Horror,62.0
4638,246280,Happy Wars,,,,,,
4639,34870,Sniper Ghost Warrior 2,Sniper,Action,FPS,Multiplayer,Shooter,75.0
4640,11040,Sherlock Holmes: Nemesis,Adventure,RPG,Detective,Point & Click,Mystery,72.0
4641,11140,Sherlock Holmes: The Awakened (2008),Adventure,Lovecraftian,Detective,Point & Click,Mystery,72.0
4642,227860,Castle Story,Colony Sim,Strategy,Building,Sandbox,Multiplayer,65.0
4643,209060,Drunken Robot Pornography,Arena Shooter,Bullet Hell,FPS,Shooter,Arcade,84.0
4644,228440,Cubemen 2,Indie,Strategy,Tower Defense,Multiplayer,Singleplayer,69.0
4645,204530,Infested Planet,Strategy,Tower Defense,Action,RTS,Indie,94.0
4646,238240,Edge of Space,Open World Survival Craft,Sandbox,Indie,Adventure,Crafting,32.0
4647,237590,R.I.P.D.: The Game,,,,,,
4648,2870,X Rebirth,Simulation,Space,Sci-fi,Action,Space Sim,41.0
4649,225280,Full Mojo Rampage,Action Roguelike,Twin Stick Shooter,Bullet Hell,Roguelite,Mystery Dungeon,84.0
4650,251430,The Inner World,Adventure,Point & Click,Puzzle,Indie,Story Rich,89.0
4651,252850,Streamline,Early Access,Action,Indie,Sports,Parkour,60.0
4652,253150,Halfway,RPG,Strategy,Indie,Action,Turn-Based,71.0
4653,253290,FOTONICA,Indie,Action,First-Person,Abstract,Runner,88.0
4654,254080,World War III: Black Gold,Strategy,RTS,War,Multiplayer,Singleplayer,60.0
4655,254200,FortressCraft Evolved,Open World Survival Craft,Automation,Sandbox,Crafting,Building,72.0
4656,217980,Dishonored RHCP,Stealth,Action,First-Person,Story Rich,Steampunk,97.0
4657,255340,Escape Goat 2,Indie,Platformer,Puzzle,Casual,Action,96.0
4658,245050,SpellForce 2 - Demons of the Past,RPG,Strategy,RTS,Fantasy,,50.0
4659,246760,Legends of Eisenwald,Tactical RPG,Turn-Based,Choices Matter,Strategy RPG,Choose Your Own Adventure,76.0
4660,226620,Desktop Dungeons,Roguelike,Turn-Based,Puzzle,RPG,Singleplayer,88.0
4661,257170,Rebuild 3: Gangs of Deadsville,Colony Sim,Survival,4X,Strategy,RPG,86.0
4662,247140,Soundodger+,Indie,Casual,Music,Bullet Hell,Rhythm,90.0
4663,209390,Dungeonbowl Knockout Edition,Strategy,Sports,Fantasy,Games Workshop,,25.0
4664,217490,Borderlands 2 RU,,,,,,
4665,262790,Our Darker Purpose,Indie,Action Roguelike,Roguelike,Action,RPG,83.0
4666,262810,Super Turbo Demon Busters!,Shoot 'Em Up,Replay Value,2D,Roguelike,Top-Down,60.0
4667,263060,Blockstorm,Action,FPS,Multiplayer,Shooter,Indie,80.0
4668,265610,Epic Battle Fantasy 4,JRPG,Turn-Based,Indie,Funny,Adventure,98.0
4669,266310,GameGuru Classic,Game Development,Software,Design & Illustration,Utilities,Animation & Modeling,72.0
4670,270910,Worms World Party Remastered,Strategy,Action,Multiplayer,Funny,Indie,52.0
4671,271260,Star Control: Origins,Funny,Story Rich,Choices Matter,Third Person,Shooter,73.0
4672,273770,Game Tycoon 1.5,Simulation,Strategy,Management,Economy,Casual,12.0
4673,279440,Joe Dever's Lone Wolf HD Remastered,RPG,Adventure,Indie,Story Rich,Choose Your Own Adventure,74.0
4674,279480,Abalone,Strategy,Board Game,Casual,Tabletop,Turn-Based,62.0
4675,280890,GhostshipAftermath,Indie,Horror,Action,Adventure,Survival,41.0
4676,281610,Homeworld: Deserts of Kharak,Strategy,RTS,Sci-fi,Multiplayer,Story Rich,79.0
4677,285050,Showtime!,,,,,,
4678,285070,Between Me and The Night,Adventure,Retro,Point & Click,1990's,Cult Classic,68.0
4679,286000,Tooth and Tail,Strategy,RTS,Pixel Graphics,Multiplayer,Indie,82.0
4680,236930,Blackwell Epiphany,Adventure,Point & Click,Indie,Female Protagonist,Supernatural,97.0
4681,289950,Construction-Simulator 2015,Simulation,Building,Multiplayer,Open World,Automobile Sim,79.0
4682,290930,Half-Life 2: Update,Adventure,Free to Play,FPS,Action,Mod,93.0
4683,291710,The Lost Crown,Adventure,Indie,Point & Click,Horror,Psychological Horror,86.0
4684,292380,Racer 8,Casual,Racing,Puzzle,Indie,,43.0
4685,292630,Uriel's Chasm,Indie,Casual,Psychological Horror,Adventure,Pixel Graphics,39.0
4686,292910,Deponia: The Complete Journey,Adventure,Point & Click,Comedy,Puzzle,Singleplayer,87.0
4687,294460,Fenix Rage,Indie,Action,Adventure,Platformer,2D,83.0
4688,295490,Schrödinger's Cat and the Raiders of the Lost Quark,Action,Adventure,Indie,Casual,Platformer,67.0
4689,297740,Overruled!,Action,Multiplayer,Indie,Fighting,Beat 'em up,57.0
4690,298050,Master of Orion,Strategy,4X,Space,Turn-Based,Sci-fi,76.0
4691,216250,Dead Island Riptide,,,,,,
4692,299340,Habitat,Strategy,Space,Indie,Simulation,Action,33.0
4693,299740,Miscreated,Open World Survival Craft,Survival,Open World,Multiplayer,Zombies,66.0
4694,303610,Suicide Guy,Funny,Action,Comedy,Singleplayer,Puzzle,87.0
4695,303800,The Witcher Adventure Game,Strategy,Adventure,Board Game,Tabletop,Multiplayer,78.0
4696,304150,Bloodbath,Action,Sports,Fighting,Multiplayer,Beat 'em up,35.0
4697,305390,World War 2: Time of Wrath,Strategy,Indie,World War II,Turn-Based,Turn-Based Strategy,58.0
4698,307270,Super Lemonade Factory,Indie,Platformer,Pixel Graphics,,,
4699,307350,Nux,Action,Platformer,Shoot 'Em Up,Indie,,40.0
4700,256190,Enemy Front,Action,FPS,World War II,Shooter,Singleplayer,65.0
4701,311250,Doorways: The Underworld,Horror,Adventure,Action,Indie,Survival Horror,65.0
4702,280740,Aperture Tag: The Paint Gun Testing Initiative,Indie,Puzzle,Adventure,Action,Mod,83.0
4703,313160,Farming Simulator 15,Farming Sim,Automobile Sim,Simulation,Multiplayer,Open World,92.0
4704,313780,Conarium,Adventure,Lovecraftian,Horror,Indie,Walking Simulator,76.0
4705,314070,Super Mega Baseball: Extra Innings,Baseball,Sports,Indie,Simulation,Co-op,91.0
4706,277950,Deadbreed®,,,,,,
4707,316890,Calvino Noir,Adventure,Indie,Stealth,Noir,Side Scroller,65.0
4708,315260,Space Hack,Action Roguelike,Hack and Slash,Dungeon Crawler,Roguelite,Shooter,56.0
4709,318130,Doom & Destiny,RPG,Indie,RPGMaker,Turn-Based Combat,Comedy,96.0
4710,262000,Gabriel Knight - Sins of the Fathers,Adventure,Point & Click,Mystery,Remake,Classic,89.0
4711,319760,Oh My Gore!,Gore,Indie,Strategy,Violent,Tower Defense,87.0
4712,320120,Meadowland,Indie,Simulation,Exploration,Fantasy,Experimental,65.0
4713,320340,Cosmonautica,Trading,Space,Simulation,Strategy,Economy,48.0
4714,287450,Rise of Nations: Extended Edition,Strategy,RTS,Classic,Multiplayer,Historical,94.0
4715,241260,Sherlock Holmes: Crimes and Punishments,Detective,Adventure,Mystery,Investigation,Crime,89.0
4716,232890,Stronghold Crusader 2,Strategy,Medieval,City Builder,RTS,Multiplayer,73.0
4717,324740,The Warlock of Firetop Mountain,Adventure,Indie,Action,Choose Your Own Adventure,Board Game,77.0
4718,260330,Flockers,Lemmings,Strategy,Indie,Action,Puzzle,77.0
4719,325520,Fire: Ungh’s Quest,Adventure,Casual,Indie,Point & Click,Puzzle,86.0
4720,326120,Horizon Shift,Action,Indie,Arcade,Shoot 'Em Up,Bullet Hell,86.0
4721,326730,Whisper of a Rose,RPG,Adventure,Indie,RPGMaker,Female Protagonist,61.0
4722,327090,Out of Reach,Open World Survival Craft,Survival,Open World,Multiplayer,Crafting,55.0
4723,330660,Luna's Wandering Stars,Simulation,Indie,Action,Puzzle,Level Editor,82.0
4724,275180,Costume Quest 2,RPG,Adventure,Casual,Comedy,Turn-Based Combat,87.0
4725,274940,Depth,Shooter,Multiplayer,Underwater,Atmospheric,Team-Based,89.0
4726,332200,Axiom Verge,Metroidvania,Indie,Pixel Graphics,Platformer,Action,91.0
4727,246110,MASSIVE CHALICE,Strategy,Turn-Based,Turn-Based Tactics,Tactical,Fantasy,73.0
4728,262850,The Journey Down: Chapter Two,Atmospheric,Noir,Adventure,Point & Click,Indie,97.0
4729,255320,Edna & Harvey: The Breakout,Point & Click,Adventure,Comedy,Indie,Singleplayer,84.0
4730,334620,Soccertron,Sports,Football (Soccer),PvP,4 Player Local,Basketball,68.0
4731,335430,Grimoire: Manastorm,Action,Shooter,Indie,Magic,Free to Play,68.0
4732,335460,An Assassin in Orlandes,Adventure,RPG,Indie,Choose Your Own Adventure,Text-Based,88.0
4733,336130,Shardlight,Adventure,Point & Click,Female Protagonist,Indie,Post-apocalyptic,89.0
4734,336140,Unavowed,Adventure,Point & Click,Indie,Story Rich,Pixel Graphics,95.0
4735,317440,Quantum Rush Champions,Combat Racing,Racing,Action,Sports,Vehicular Combat,47.0
4736,339470,Retention,Indie,Casual,Adventure,Short,Singleplayer,46.0
4737,338170,Ratz Instagib 2.0,Indie,Action,FPS,Arena Shooter,Multiplayer,90.0
4738,344500,Three Fourths Home: Extended Edition,Indie,Adventure,Visual Novel,Story Rich,Atmospheric,84.0
4739,346950,The Dark Stone from Mebara,Indie,RPG,Adventure,RPGMaker,Lovecraftian,57.0
4740,345660,RIDE: Game,Racing,Simulation,Automobile Sim,Sports,Motorbike,79.0
4741,351910,Valhalla Hills,Strategy,Simulation,Indie,City Builder,Mythology,61.0
4742,329430,State of Decay: Year-One,Zombies,Survival,Open World,Base Building,Post-apocalyptic,82.0
4743,352890,Caravan,Strategy,Adventure,Simulation,Indie,Trading,79.0
4744,354160,WRC 5,Racing,Automobile Sim,Multiplayer,Simulation,Offroad,69.0
4745,354920,Pester,Indie,Shoot 'Em Up,Bullet Hell,,,68.0
4746,355980,Dungeon Warfare,Tower Defense,Strategy,Indie,Pixel Graphics,2D,95.0
4747,356200,Keen Dreams,,,,,,
4748,356790,Galacide,Action,Indie,Shoot 'Em Up,Space,Shooter,81.0
4749,357720,Inside My Radio,Indie,Action,Casual,Music,Rhythm,91.0
4750,358130,Curious Expedition,Exploration,Roguelike,Pixel Graphics,Turn-Based Strategy,Lovecraftian,91.0
4751,359050,Shower With Your Dad Simulator 2015: Do You Still Shower With Your Dad,Family Friendly,Arcade,2D,Funny,Story Rich,95.0
4752,359350,Defunct,Adventure,Racing,Indie,Fast-Paced,Singleplayer,81.0
4753,359560,Shutter,Adventure,Indie,Horror,Puzzle,Atmospheric,73.0
4754,360840,Lumini,Indie,Adventure,Relaxing,Simulation,Great Soundtrack,87.0
4755,285920,TerraTech,Building,Sandbox,Open World,Open World Survival Craft,Multiplayer,92.0
4756,361990,Lakeview Cabin Collection,Survival Horror,2D Platformer,Puzzle Platformer,Perma Death,Character Action Game,94.0
4757,362610,High On Racing,Racing,Indie,Arcade,,,54.0
4758,363620,Tea Party Simulator 2015™,Simulation,Physics,Indie,Memes,Funny,75.0
4759,364200,Farabel,Strategy,Indie,RPG,Turn-Based,Hex Grid,69.0
4760,365680,BRAWL,Indie,Action,Arcade,Multiplayer,Co-op,71.0
4761,366760,Adorables,Football (Soccer),Sports,Indie,Casual,Strategy,81.0
4762,1012880,60 Seconds! Reatomized,2D,Choose Your Own Adventure,Turn-Based Tactics,Exploration,Outbreak Sim,94.0
4763,369000,Pongo,Action,Indie,Casual,Adventure,Strategy,72.0
4764,370090,Axis Football 2015,Sports,Football (American),Singleplayer,Local Multiplayer,Strategy,71.0
4765,370130,Lion Quest,Platformer,2D,Action,Singleplayer,2D Platformer,90.0
4766,371390,Flix The Flea,Indie,Action,Platformer,,,
4767,371520,Bounty Train,Simulation,Strategy,Trains,Management,Building,69.0
4768,372750,Girl Amazon Survival,Early Access,Simulation,Action,Adventure,Indie,43.0
4769,374830,Defend The Highlands,Strategy,Indie,Comedy,Tower Defense,,95.0
4770,375520,Taimumari: Definitive Edition,Action,Indie,Adventure,Female Protagonist,Pixel Graphics,77.0
4771,376520,Kelvin and the Infamous Machine,Adventure,Indie,Point & Click,Comedy,Time Travel,90.0
4772,378610,Valley,Adventure,First-Person,Exploration,Parkour,Indie,91.0
4773,378720,Thea: The Awakening,Strategy,RPG,Turn-Based,Survival,Turn-Based Strategy,88.0
4774,381870,Koala Kids,Puzzle Platformer,Retro,Local Co-Op,Puzzle,Level Editor,93.0
4775,382120,Journey To The Center Of The Earth,Indie,Adventure,Casual,Platformer,Free to Play,
4776,383710,Princess KAGUYA,Action,Female Protagonist,Beat 'em up,Anime,,37.0
4777,384480,Six Sides of the World,Casual,Indie,Action,Adventure,Puzzle,85.0
4778,385490,MiniDrivers,Racing,Sports,Indie,Simulation,,56.0
4779,386590,Novus Inceptio,Open World Survival Craft,Survival,Open World,Adventure,Sandbox,52.0
4780,388210,Day of the Tentacle Remastered,Point & Click,Adventure,Classic,Comedy,Time Travel,97.0
4781,388620,DungeonUp,Adventure,Indie,Strategy,Puzzle,Roguelike,82.0
4782,355150,gravilon,Indie,Platformer,Puzzle,Minimalist,2D,58.0
4783,391490,Braveland Pirate,Tactical RPG,Turn-Based Tactics,Pirates,2D,Singleplayer,88.0
4784,391730,Crashlands,Open World Survival Craft,RPG,Survival,Open World,Exploration,90.0
4785,312780,Way of the Samurai 4,Action,JRPG,Choose Your Own Adventure,Historical,Action RPG,79.0
4786,392280,The Franz Kafka Videogame,Adventure,Surreal,Indie,Atmospheric,Experimental,63.0
4787,393200,Bad Rats Show,Memes,Great Soundtrack,Gore,Replay Value,Indie,81.0
4788,260160,The Last Tinker: City of Colors,Adventure,Indie,Action,Singleplayer,Family Friendly,78.0
4789,281750,Munin,Indie,Casual,Puzzle Platformer,Puzzle,Adventure,83.0
4790,314810,Randal's Monday,Point & Click,Adventure,Comedy,Puzzle,Funny,77.0
4791,327220,Anna's Quest,Adventure,Point & Click,Indie,Female Protagonist,Fantasy,87.0
4792,351860,Cultures - Northland,Strategy,City Builder,RTS,Resource Management,Vikings,82.0
4793,398180,Euclidean,Indie,Lovecraftian,Action,Atmospheric,First-Person,65.0
4794,398680,Ace of Words,Casual,Indie,Word Game,Puzzle,Singleplayer,56.0
4795,400040,ShareX,Photo Editing,Utilities,Free to Play,Video Production,Software,95.0
4796,402040,The Guest,Puzzle,Indie,Adventure,Horror,Mystery,75.0
4797,403510,Fairy Tale Mysteries 2: The Beanstalk,Adventure,Casual,Hidden Object,Point & Click,Puzzle,75.0
4798,325600,Sword Coast Legends,,,,,,
4799,295250,Stranded,Adventure,Indie,Point & Click,Pixel Graphics,Walking Simulator,40.0
4800,403740,GabeN: The Final Decision,Memes,RPG,Casual,RPGMaker,Illuminati,63.0
4801,405950,Lowglow,Indie,Casual,Adventure,Puzzle,Atmospheric,92.0
4802,388060,The Escapists: The Walking Dead,Zombies,Survival,Pixel Graphics,Indie,Strategy,62.0
4803,406970,The Uncertain: Last Quiet Day,Adventure,Indie,Robots,Atmospheric,Sci-fi,76.0
4804,407300,The Last NightMary - A Lenda do Cabeça de Cuia,Indie,Horror,Point & Click,Survival Horror,Puzzle,80.0
4805,407420,Gabe Newell Simulator,Memes,Action,Simulation,Indie,Adventure,50.0
4806,408900,Unfortunate Spacemen,Survival Horror,Investigation,Free to Play,Multiplayer,Co-op,86.0
4807,272890,Vertiginous Golf,Golf,Steampunk,Mini Golf,Multiplayer,Singleplayer,63.0
4808,414580,Uriel's Chasm 2: את,Indie,Action,Adventure,Shoot 'Em Up,Pixel Graphics,50.0
4809,375910,Anno 2205,City Builder,Strategy,Simulation,Futuristic,4X,69.0
4810,416060,Westboro,Action,RPG,Indie,Adventure,Cyberpunk,68.0
4811,416790,The Metronomicon: Slay The Dance Floor,Rhythm,Music,Indie,Soundtrack,Singleplayer,87.0
4812,294000,Knight Squad,Arcade,Action,4 Player Local,2D,Local Multiplayer,89.0
4813,420210,KRUM - Edge Of Darkness,Adventure,RPG,Indie,Action,,65.0
4814,423810,Marooners,Party,4 Player Local,Local Multiplayer,Minigames,Local Co-Op,61.0
4815,424760,Bladestar,Action,Shoot 'Em Up,Sci-fi,Arcade,Shooter,68.0
4816,270630,Haunt the House: Terrortown,Indie,Cute,Casual,Supernatural,Action,87.0
4817,272600,Detective Grimoire,Exploration,Point & Click,Visual Novel,Puzzle,2D,95.0
4818,425240,Pressure Overdrive,Shoot 'Em Up,Twin Stick Shooter,Funny,Bullet Hell,Driving,68.0
4819,426790,Grow Up,Adventure,Open World,Casual,Exploration,3D Platformer,91.0
4820,427270,Orcs Must Die! Unchained,Free to Play,Tower Defense,Multiplayer,Co-op,Action,65.0
4821,427780,PERFECT ANGLE: The puzzle game based on optical illusions,Indie,Casual,Strategy,Adventure,Puzzle,53.0
4822,429620,Dungeon Rushers,Dungeon Crawler,Roguelite,Turn-Based Combat,Difficult,Roguelike,63.0
4823,427730,Who's Your Daddy?!,Funny,Multiplayer,First-Person,Comedy,Simulation,80.0
4824,431680,Nuts!: The Battle of the Bulge,Strategy,Board Game,World War II,Card Game,,41.0
4825,433210,Rhino's Rage,RPG,Strategy,Indie,,,77.0
4826,433910,Neon Drive,1980s,Retro,Great Soundtrack,Automobile Sim,Indie,87.0
4827,434730,Half dead,Multiplayer,Survival,Adventure,Action,Co-op,78.0
4828,436390,Prison Run and Gun,Action,Indie,Platformer,Retro,Puzzle Platformer,90.0
4829,442500,Age of Gladiators,Strategy,Simulation,Management,RPG,Casual,78.0
4830,444800,NO THING,Indie,Action,Adventure,Minimalist,Great Soundtrack,89.0
4831,444260,Mindless Running,Indie,Adventure,Comedy,Difficult,Great Soundtrack,62.0
4832,443880,Loot Rascals,Indie,RPG,Adventure,Roguelike,Hex Grid,86.0
4833,448320,GIBZ,Zombies,Shoot 'Em Up,Side Scroller,Base Building,4 Player Local,87.0
4834,449220,A grande bagunça espacial - The big space mess,Action,Indie,Casual,Psychological Horror,Comedy,86.0
4835,448070,Red Risk,Co-op,Survival Horror,Nudity,Survival,Zombies,57.0
4836,447780,LostWinds,Adventure,Platformer,Singleplayer,Casual,Family Friendly,84.0
4837,447800,LostWinds 2: Winter of the Melodias,Adventure,Platformer,Puzzle,Puzzle Platformer,Metroidvania,86.0
4838,370770,Holodrive,Free to Play,Indie,Multiplayer,Action,Shooter,78.0
4839,418670,Pankapu,Action,Indie,Adventure,Platformer,Cute,75.0
4840,457140,Oxygen Not Included,Colony Sim,Base Building,Survival,Resource Management,Building,96.0
4841,382420,E.T. Armies,Action,FPS,Multiplayer,Sci-fi,Indie,58.0
4842,458540,Lines,Casual,Indie,Puzzle,Minimalist,,83.0
4843,461780,Moonstone Tavern,Indie,RPG,Simulation,RPGMaker,Crafting,30.0
4844,461950,Beat Cop,Pixel Graphics,Indie,Retro,Adventure,Simulation,82.0
4845,462620,Pocket Kingdom,Adventure,Indie,Puzzle,Pixel Graphics,2D,90.0
4846,471330,Versus Squad,Action,Gore,Indie,Survival,Zombies,78.0
4847,475090,Project Remedium,Action,Adventure,Indie,FPS,Shooter,47.0
4848,477290,Magma Tsunami,Indie,Platformer,Runner,,,77.0
4849,480640,Pathfinder Adventures,RPG,Strategy,Card Game,Board Game,Fantasy,67.0
4850,485080,Megapolis,Simulation,Casual,Indie,Strategy,City Builder,75.0
4851,485920,Neon Warp,Casual,Action,Indie,Arcade,2D,77.0
4852,486360,Timore Inferno,Action,Indie,Horror,,,75.0
4853,487370,Akin,Casual,Indie,Puzzle,2D,Relaxing,86.0
4854,489220,Unforgiving Trials: The Darkest Crusade,RPG,Indie,Roguelike,JRPG,Difficult,72.0
4855,489360,CASE: Animatronics,Horror,Robots,Survival Horror,First-Person,Singleplayer,84.0
4856,494430,Praey for the Gods,Adventure,3D Platformer,Action-Adventure,Action,Female Protagonist,83.0
4857,495420,State of Decay 2,Survival,Open World,Zombies,Base Building,Multiplayer,83.0
4858,495960,The Secret Monster Society,Adventure,Casual,Indie,Point & Click,Singleplayer,50.0
4859,500710,Wild Terra Online,Massively Multiplayer,RPG,Sandbox,Survival,Open World,60.0
4860,501840,Don't Disturb,Side Scroller,Exploration,Puzzle,Point & Click,Walking Simulator,86.0
4861,502370,"Warhammer 40,000: Sanctus Reach",Strategy,Warhammer 40K,Turn-Based,Games Workshop,Turn-Based Strategy,86.0
4862,503820,A Detective's Novel,Indie,Adventure,Visual Novel,Detective,Mystery,77.0
4863,504400,Optika,Casual,Indie,Adventure,Puzzle,Physics,81.0
4864,504690,Woven,Adventure,Casual,Indie,Story Rich,Singleplayer,74.0
4865,508980,Crashday Redline Edition,Combat Racing,Racing,Vehicular Combat,Destruction,Automobile Sim,89.0
4866,509840,El Ninja (Beta),,,,,,
4867,509980,BIGFOOT,Early Access,Horror,Multiplayer,Survival Horror,Online Co-Op,83.0
4868,415200,Motorsport Manager,Management,Racing,Simulation,Strategy,Sports,91.0
4869,511820,Le Havre: The Inland Port,Strategy,Indie,Casual,Board Game,,
4870,512790,Quern - Undying Thoughts,Adventure,Puzzle,Mystery,Atmospheric,Exploration,91.0
4871,513980,Oh No! Bugs!,Arcade,Co-op,Tanks,Vehicular Combat,2.5D,79.0
4872,514360,Freedom Fighter,Action,Indie,Platformer,RPG,Arcade,67.0
4873,514990,Outbreak,Survival Horror,Third-Person Shooter,Dungeon Crawler,Outbreak Sim,PvE,66.0
4874,518650,illumine,Indie,Action,Adventure,Action Roguelike,Roguelite,90.0
4875,523650,Lust for Darkness,Sexual Content,Nudity,Mature,Horror,Lovecraftian,68.0
4876,524640,Asura: Vengeance Edition,Action Roguelike,Action,Roguelite,Indie,Hack and Slash,85.0
4877,526740,hack_me,Simulation,Hacking,Adventure,Indie,Singleplayer,68.0
4878,526790,Monsti,Indie,Casual,Arcade,Cartoon,Comic Book,68.0
4879,528720,Shu,Action,Adventure,Indie,Platformer,Side Scroller,74.0
4880,530930,Soulblight,Indie,Action,RPG,Roguelite,Dungeon Crawler,50.0
4881,532920,The Artifact,Indie,Puzzle,Adventure,Point & Click,Space,65.0
4882,538590,Sleeping Valley,Casual,Indie,Adventure,Action,Platformer,41.0
4883,541370,Clickdraw Clicker,Casual,Indie,Action,Clicker,Shooter,53.0
4884,542350,Castle of no Escape 2,Action Roguelike,Indie,Action,Pixel Graphics,Procedural Generation,74.0
4885,542550,Plankton,Casual,Simulation,Indie,Clicker,Surreal,73.0
4886,546400,Cavern Escape,Adventure,Casual,Indie,Action,Puzzle Platformer,47.0
4887,550650,Black Squad,Free to Play,FPS,Shooter,Multiplayer,Action,76.0
4888,552970,Sumoman,Action,Adventure,Indie,Funny,Puzzle Platformer,79.0
4889,553880,Archangel™: Hellfire,Action,Free to Play,Simulation,VR,Mechs,54.0
4890,554330,Choppa,Casual,Indie,Action,,,79.0
4891,554800,Masky,Casual,Action,Indie,,,79.0
4892,562270,Shot Shot Tactic,Early Access,Indie,Action,Casual,Violent,
4893,571740,Golf It!,Multiplayer,Mini Golf,Golf,Casual,Sports,90.0
4894,573080,Peregrin,Casual,Adventure,Indie,Puzzle,Female Protagonist,77.0
4895,576470,ANIMALITY,Indie,Casual,Adventure,Early Access,Cute,81.0
4896,579720,Neverout,Adventure,Puzzle,VR,Mystery,Investigation,76.0
4897,595550,Mastema: Out of Hell,Indie,Action,Adventure,Violent,Casual,63.0
4898,600630,Spaceship Looter,Action Roguelike,Action,Indie,Roguelike,Roguelite,70.0
4899,601840,Griftlands,Card Battler,Roguelite,Deckbuilding,Choices Matter,RPG,94.0
4900,602890,hack_me 2,Simulation,Indie,Hacking,,,72.0
4901,611760,Don't Escape: 4 Days to Survive,Adventure,Pixel Graphics,Point & Click,Indie,Post-apocalyptic,98.0
4902,611770,Void Source,On-Rails Shooter,Side Scroller,Shoot 'Em Up,Arena Shooter,Twin Stick Shooter,79.0
4903,617420,Animal Rivals,Casual,Action,Indie,4 Player Local,Local Multiplayer,53.0
4904,618310,AFTERGRINDER,Precision Platformer,Score Attack,Side Scroller,2D Platformer,Runner,72.0
4905,618490,Mr Blaster,Action,Indie,Casual,,,62.0
4906,618970,Outcast - Second Contact,Adventure,Action,Open World,Sci-fi,Remake,81.0
4907,619150,while True: learn(),Programming,Simulation,Education,Puzzle,Indie,91.0
4908,622650,Bendy and the Ink Machine,Horror,First-Person,Singleplayer,Puzzle,Cartoony,90.0
4909,622890,NecroWorm,Logic,Puzzle,Old School,Funny,Cartoon,68.0
4910,625340,XERA: Survival,Base Building,Open World Survival Craft,Multiplayer,Free to Play,Survival,66.0
4911,627670,Rocket Wars,4 Player Local,Party Game,Local Multiplayer,Controller,2D,86.0
4912,628290,All Walls Must Fall,Tactical RPG,Turn-Based Tactics,Turn-Based Strategy,Strategy,2.5D,70.0
4913,628770,Tangledeep,Traditional Roguelike,Turn-Based Tactics,Mystery Dungeon,Dungeon Crawler,Difficult,83.0
4914,631770,Pixplode,Casual,Indie,Puzzle,2.5D,Pixel Graphics,100.0
4915,632070,The Fidelio Incident,Walking Simulator,Adventure,Indie,Singleplayer,Great Soundtrack,77.0
4916,635390,Thief of Thieves: Season One,Adventure,Indie,Choices Matter,Female Protagonist,Stealth,74.0
4917,635880,Chicken Labyrinth Puzzles,Casual,Indie,Puzzle,,,77.0
4918,645820,Odysseus Kosmos and his Robot Quest: Adventure Game,Point & Click,Atmospheric,Pixel Graphics,Indie,Puzzle,83.0
4919,654300,Darkest Hunters,Casual,Strategy,Adventure,Indie,Match 3,50.0
4920,654880,Dream Daddy: A Dad Dating Simulator,LGBTQ+,Dating Sim,Sexual Content,Romance,Simulation,91.0
4921,670930,Escape Doodland,Indie,Action,Adventure,2D,Platformer,78.0
4922,673190,All-Star Fruit Racing,Racing,Arcade,Sports,Cartoony,Multiplayer,73.0
4923,680480,ICY: Frostbite Edition,RPG,Survival,Interactive Fiction,Visual Novel,Story Rich,85.0
4924,682990,Drug Dealer Simulator,Simulation,Action,Indie,Crime,Singleplayer,87.0
4925,683320,GRIS,Beautiful,Atmospheric,Great Soundtrack,Indie,Female Protagonist,96.0
4926,698670,Scorn,Gore,Horror,Atmospheric,Puzzle,Sexual Content,77.0
4927,321400,Supraball,Sports,Multiplayer,Free to Play,First-Person,eSports,77.0
4928,621830,WRC 7,Racing,Automobile Sim,Multiplayer,Simulation,Offroad,80.0
4929,728740,Sniper Elite V2 Remastered,Sniper,Action,World War II,Multiplayer,Gore,76.0
4930,733790,Not Tonight,Simulation,Life Sim,Pixel Graphics,Political,RPG,86.0
4931,747340,Unforgiving - A Northern Hymn,Horror,Indie,Adventure,Nudity,Action,83.0
4932,750130,The Sinking City,Lovecraftian,Third-Person Shooter,Story Rich,Detective,Exploration,74.0
4933,753590,Hellbound,Action,Indie,Gore,Violent,FPS,72.0
4934,765810,Mars Horizon,Management,Space,Strategy,Education,Mars,84.0
4935,793350,Swarmlake,FPS,Arena Shooter,First-Person,Retro,Bullet Hell,94.0
4936,794800,Clue/Cluedo: The Classic Mystery Game,Local Multiplayer,Board Game,Strategy,Mystery,Casual,88.0
4937,488790,South Park The Fractured But Whole,RPG,Comedy,Dark Humor,Funny,Superhero,84.0
4938,812040,Shortest Trip to Earth,Roguelite,Space,Strategy,Survival,Sci-fi,76.0
4939,829590,CryoFall,Colony Sim,Crafting,PvE,Base Building,PvP,79.0
4940,842100,Daymare: 1998,Zombies,Survival Horror,Horror,Action,Adventure,70.0
4941,871530,Radio Commander,Simulation,Singleplayer,Wargame,Real Time Tactics,Experimental,73.0
4942,879420,Agony UNRATED,Sexual Content,Nudity,Gore,Mature,Violent,64.0
4943,887060,Asterix & Obelix XXL 2,Adventure,Action,Beat 'em up,3D Platformer,Singleplayer,77.0
4944,646910,The Crew 2,Racing,Open World,Automobile Sim,Multiplayer,Driving,78.0
4945,904380,Vambrace: Cold Soul,RPG,Adventure,Indie,Female Protagonist,Dungeon Crawler,65.0
4946,444770,Mimpi Dreams,Adventure,Indie,Cute,Puzzle Platformer,Platformer,94.0
4947,924070,Arboria,Roguelite,Dungeon Crawler,Third Person,Roguelike,Dark Fantasy,78.0
4948,696370,BROKE PROTOCOL,Sandbox,Open World,Multiplayer,FPS,Level Editor,74.0
4949,936790,Life is Strange: True Colors,Choices Matter,Story Rich,LGBTQ+,Female Protagonist,Multiple Endings,88.0
4950,948900,macdows 95,Indie,Casual,Puzzle,2D,Singleplayer,93.0
4951,951430,Dead Age 2,Zombies,Party-Based RPG,Adventure,RPG,Strategy,76.0
4952,967050,Pacify,Horror,Online Co-Op,Multiplayer,Psychological Horror,Co-op,87.0
4953,981430,Gordian Quest,RPG,Card Game,Card Battler,Strategy,Adventure,89.0
4954,1004610,Roombo: First Blood - JUSTICE SUCKS,Action,Violent,Stealth,Funny,Dark Humor,86.0
4955,1038370,Trials of Fire,Card Battler,Turn-Based Tactics,Roguelite,Tactical RPG,Dungeon Crawler,86.0
4956,1040420,Dreamscaper,Action Roguelike,Action,Roguelite,Indie,RPG,89.0
4957,1057090,Ori and the Will of the Wisps,Beautiful,Metroidvania,Platformer,Great Soundtrack,Singleplayer,96.0
4958,1069030,EarthX,Simulation,Indie,Strategy,Space,Management,92.0
4959,585710,Blazing Beaks,Pixel Graphics,Action Roguelike,Top-Down Shooter,Twin Stick Shooter,Roguelite,84.0
4960,1085220,Figment 2: Creed Valley,Soundtrack,Exploration,Puzzle,Cute,Action,94.0
4961,1095120,Helheim Hassle,Adventure,Indie,Funny,Puzzle,2D Platformer,92.0
4962,555440,Deathgarden: BLOODHARVEST,,,,,,
4963,1108000,Children of Silentown,Atmospheric,Point & Click,Adventure,Puzzle,Story Rich,86.0
4964,1135260,The Falconeer,Combat,Open World,Dragons,Flight,Fantasy,80.0
4965,1140440,OMON Simulator,Nudity,Simulation,Action,RPG,Adventure,74.0
4966,1142080,Pawnbarian,Roguelike,Turn-Based Combat,Chess,Card Game,Puzzle,91.0
4967,1148650,The Legend of Bum-Bo,Roguelite,Indie,Strategy,Adventure,Puzzle,81.0
4968,428660,Deliver Us The Moon,Adventure,Indie,Action,Space,Sci-fi,88.0
4969,1188930,Chrono Ark,Roguelike Deckbuilder,Anime,RPG,Strategy,Indie,89.0
4970,1218210,Coromon,Creature Collector,Exploration,JRPG,Collectathon,Turn-Based,86.0
4971,1231880,"Haiku, the Robot",Metroidvania,Adventure,Exploration,Pixel Graphics,Atmospheric,91.0
4972,1237950,STAR WARS™ Battlefront™ II,Multiplayer,Shooter,Singleplayer,Third-Person Shooter,Action,87.0
4973,1262560,Need for Speed™ Most Wanted,Racing,Multiplayer,Open World,Driving,Competitive,78.0
4974,1272010,Destroyer: The U-Boat Hunter,Simulation,Naval Combat,World War II,Military,Immersive Sim,76.0
4975,1262600,Need for Speed™ Rivals,Racing,Driving,Open World,Multiplayer,Combat Racing,76.0
4976,1280930,Astral Ascent,Action Roguelike,Roguelite,Hack and Slash,Indie,Atmospheric,93.0
4977,1295500,"Warhammer 40,000: Battlesector",Strategy,Warhammer 40K,Turn-Based Tactics,Turn-Based Strategy,3D,89.0
4978,1328350,Turbo Overkill,FPS,Boomer Shooter,Action,Shooter,Cyberpunk,95.0
4979,1329540,CROSSBOW: Bloodnight,Arena Shooter,Boomer Shooter,FPS,Action,Horror,80.0
4980,1336120,Bridge Constructor: The Walking Dead,Simulation,Zombies,Post-apocalyptic,Puzzle,Building,73.0
4981,1347030,THE CORRIDOR,Comedy,Singleplayer,Psychological,Narration,Walking Simulator,95.0
4982,1367590,Tormented Souls,Survival Horror,Horror,Puzzle,Psychological Horror,Atmospheric,92.0
4983,1386730,Wordle 2,Puzzle,Casual,Indie,Fast-Paced,2D,87.0
4984,1410640,Syberia - The World Before,Adventure,Story Rich,Point & Click,Puzzle,Exploration,90.0
4985,1434540,Zoeti,Roguelike Deckbuilder,Card Game,Singleplayer,Card Battler,Roguelike,80.0
4986,1088150,Scribble It!,Free to Play,Multiplayer,Word Game,Funny,Family Friendly,85.0
4987,1462570,Lost in Random™,Adventure,Action,Action-Adventure,Gothic,Singleplayer,89.0
4988,1199030,Tainted Grail,Deckbuilding,Card Game,Dark Fantasy,Roguelike,Story Rich,90.0
4989,1176710,Space Crew: Legendary Edition,Action,Sci-fi,Adventure,Simulation,Management,78.0
4990,1532690,BLACKTAIL,Story Rich,Action-Adventure,Archery,Mythology,Atmospheric,84.0
4991,1578650,Citizen Sleeper,RPG,Dice,Story Rich,Tabletop,Sci-fi,93.0
4992,1599020,Tinykin,3D Platformer,Cute,Action-Adventure,Cartoony,Family Friendly,98.0
4993,1676130,Deadlink,FPS,Action Roguelike,Cyberpunk,Class-Based,Fast-Paced,91.0
4994,1016800,Chernobylite Complete Edition,Post-apocalyptic,Survival,Horror,RPG,Atmospheric,82.0
4995,1701520,Afterimage,Metroidvania,Side Scroller,2D Platformer,Female Protagonist,Anime,80.0
4996,1755830,Astrea: Six-Sided Oracles,Roguelike Deckbuilder,Dice,Card Battler,Roguelike,Card Game,92.0
4997,1041920,If Found,Indie,LGBTQ+,Casual,Visual Novel,Adventure,93.0
4998,1839880,King Of The Castle,Strategy,Choices Matter,Fantasy,Story Rich,Co-op,91.0
4999,1846380,Need for Speed™ Unbound,Racing,Multiplayer,Open World,Action,Driving,61.0
5000,1202130,Starship Troopers: Terran Command,Strategy,RTS,Singleplayer,Military,Tactical,88.0
5001,1266700,Destroy All Humans! 2 - Reprobed,Third-Person Shooter,Action-Adventure,Aliens,Co-op,Sci-fi,78.0
5002,1644940,Loddlenaut,Underwater,Relaxing,Open World,Cute,Adventure,97.0
5003,1182900,A Plague Tale: Requiem,Adventure,Action,Action-Adventure,Exploration,Cinematic,91.0
5004,736820,Knights of Honor II: Sovereign,Strategy,Simulation,Medieval,Grand Strategy,RTS,77.0
5005,1282150,SpongeBob SquarePants: The Cosmic Shake,Family Friendly,3D Platformer,Platformer,Action,Comedy,92.0
5006,332580,Mimpi,Indie,Adventure,Casual,Platformer,Puzzle,84.0
5007,1359980,POSTAL Brain Damaged,Shooter,Action,Boomer Shooter,Stylized,Atmospheric,96.0
5008,410340,Liftoff,Simulation,Flight,Racing,Realistic,First-Person,94.0
5009,1693980,Dead Space,Horror,Third-Person Shooter,Sci-fi,Space,Survival Horror,91.0
5010,1324130,Stranded: Alien Dawn,Survival,Base Building,Simulation,Strategy,Crafting,85.0
5011,1844380,Warhammer Age of Sigmar: Realms of Ruin,Strategy,Action,Action RTS,RTS,Real Time Tactics,56.0
5012,1325200,Nioh 2 – The Complete Edition,RPG,Action,Souls-like,Character Customization,Difficult,88.0
5013,2144740,Ghostrunner 2,Action,Cyberpunk,Runner,Hack and Slash,Fast-Paced,82.0
5014,70110,Hacker Evolution - Untold,Simulation,Indie,Hacking,Singleplayer,,64.0
5015,3483,Peggle Extreme,Casual,Free to Play,Puzzle,Psychological Horror,Mouse only,94.0
5016,291860,Pit People,Turn-Based Combat,Online Co-Op,2D,Funny,Strategy,92.0
5017,302830,BLOCKADE 3D,Free to Play,Shooter,Multiplayer,FPS,Action,58.0
5018,346940,Shadowrun: Hong Kong - Extended Edition,RPG,Cyberpunk,Turn-Based,Story Rich,Isometric,86.0
5019,359580,Uncanny Valley,Adventure,Pixel Graphics,Indie,Horror,Psychological Horror,60.0
5020,366220,Wurm Unlimited,Open World,Open World Survival Craft,Sandbox,RPG,Crafting,71.0
5021,463710,Puzzle Galaxies,Indie,Casual,Puzzle,,,51.0
5022,920210,LEGO® Star Wars™: The Skywalker Saga,LEGO,Adventure,Co-op,Multiplayer,Open World,91.0
5023,1061090,Jump King,Psychological Horror,Difficult,Precision Platformer,Indie,Pixel Graphics,90.0
5024,640590,The LEGO® NINJAGO® Movie Video Game,Action,LEGO,Multiplayer,Ninja,Co-op,88.0
5025,1337520,Risk of Rain Returns,Action Roguelike,Online Co-Op,Multiplayer,PvE,2D,90.0
5026,824270,KovaaK's,Action,Shooter,Simulation,FPS,Indie,92.0
5027,2138710,Sifu,Action,Martial Arts,Difficult,Beat 'em up,Third Person,92.0
5028,990080,Hogwarts Legacy,Magic,Fantasy,Open World,Singleplayer,Adventure,90.0
5029,1920490,The Outer Worlds: Spacer's Choice Edition,Action,RPG,Adventure,Action RPG,Shooter,66.0
5030,3920,Sid Meier's Pirates!,Pirates,Open World,RPG,Singleplayer,Adventure,94.0
5031,13500,Prince of Persia: Warrior Within,Action,Adventure,Parkour,Third Person,Great Soundtrack,83.0
5032,13530,Prince of Persia: The Two Thrones,Action,Adventure,Platformer,Parkour,Third Person,79.0
5033,17480,Command & Conquer™ Red Alert™ 3,Strategy,RTS,Base Building,Multiplayer,Co-op,85.0
5034,16720,Velvet Assassin,Stealth,Action,Female Protagonist,World War II,Third Person,61.0
5035,24800,Command & Conquer™ Red Alert™ 3 - Uprising,Strategy,RTS,Base Building,Multiplayer,Singleplayer,86.0
5036,33320,Prince of Persia: The Forgotten Sands,Action,Adventure,Platformer,Parkour,Third Person,68.0
5037,70100,Hacker Evolution,Simulation,Hacking,Puzzle,Singleplayer,Text-Based,70.0
5038,2810,X3: Reunion,Space,Simulation,Strategy,Space Sim,Sci-fi,72.0
5039,201310,X3: Albion Prelude,Simulation,Space,Action,Sandbox,Sci-fi,92.0
5040,7600,Sid Meier's Railroads!,Trains,Strategy,Management,Economy,Simulation,70.0
5041,9420,Supreme Commander: Forged Alliance,Strategy,RTS,Sci-fi,Multiplayer,Singleplayer,96.0
5042,39500,Gothic 3,RPG,Open World,Fantasy,Action,Singleplayer,79.0
5043,39510,Gothic II: Gold Classic,RPG,Classic,Open World,Atmospheric,Singleplayer,93.0
5044,33520,Tropico,Simulation,City Builder,Strategy,Management,Classic,88.0
5045,6920,Deus Ex: Invisible War,Cyberpunk,Action,FPS,RPG,Sci-fi,57.0
5046,215160,The Book of Unwritten Tales,Adventure,Point & Click,Comedy,Singleplayer,Fantasy,90.0
5047,212010,Galaxy on Fire 2™ Full HD,Space,Third-Person Shooter,Exploration,3D Fighter,Shooter,76.0
5048,20530,Red Faction,Action,FPS,Destruction,Sci-fi,Classic,86.0
5049,211050,Battle vs Chess,Strategy,Chess,Casual,Board Game,Multiplayer,73.0
5050,222160,"Hamlet or the last game without MMORPG features, shaders and product placement",Adventure,Indie,Point & Click,Puzzle,Short,65.0
5051,216130,Gemini Wars,4X,Grand Strategy,Wargame,Space,War,33.0
5052,224960,Tomb Raider I,Adventure,Action,Classic,Female Protagonist,Singleplayer,85.0
5053,202200,Galactic Civilizations II: Ultimate Edition,4X,Grand Strategy,Turn-Based,Turn-Based Strategy,3D,79.0
5054,202710,Demigod,Real Time Tactics,MOBA,PvP,PvE,RTS,75.0
5055,227800,Retrovirus,Action,Indie,6DOF,Shooter,Sci-fi,72.0
5056,39000,Moonbase Alpha,Space,Simulation,Free to Play,Multiplayer,Online Co-Op,90.0
5057,227160,Kinetic Void,Space,Simulation,Indie,Action,Sandbox,17.0
5058,227680,StarForge,,,,,,
5059,48240,Anno 2070,Strategy,City Builder,Simulation,Futuristic,RTS,59.0
5060,237570,Penny Arcade's On the Rain-Slick Precipice of Darkness 4,JRPG,RPG,Indie,Lovecraftian,Pixel Graphics,80.0
5061,73010,Cities in Motion,Simulation,Management,Strategy,City Builder,Singleplayer,75.0
5062,246800,BeatBlasters III,Indie,Action,Rhythm,Music,Platformer,
5063,245280,ENSLAVED™: Odyssey to the West™ Premium Edition,Adventure,Action,Post-apocalyptic,Story Rich,Singleplayer,86.0
5064,251310,Eleusis,Adventure,Indie,First-Person,Horror,Puzzle,61.0
5065,257350,Baldur's Gate II: Enhanced Edition,RPG,Dungeons & Dragons,Story Rich,CRPG,Fantasy,91.0
5066,257690,J.U.L.I.A.: Among the Stars,Adventure,Point & Click,Indie,Sci-fi,Female Protagonist,85.0
5067,257970,Loren The Amazon Princess,Choose Your Own Adventure,JRPG,Dating Sim,LGBTQ+,Turn-Based,83.0
5068,254440,Pool Nation,Pool,Sports,Simulation,Casual,Indie,89.0
5069,262450,Dead Man's Draw,Card Battler,Casual,PvE,Turn-Based,Card Game,82.0
5070,265970,Worlds of Magic,Strategy,RPG,Turn-Based,4X,Fantasy,42.0
5071,449300,Planar Conquest,Strategy,RPG,Indie,4X,Turn-Based,53.0
5072,266840,Age of Mythology: Extended Edition,Strategy,Mythology,RTS,Classic,Multiplayer,93.0
5073,266940,Alex Hunter - Lord of the Mind,,,,,,
5074,262940,Broken Sword 5 - the Serpent's Curse,1990's,Female Protagonist,Adventure,Point & Click,Investigation,89.0
5075,268850,EVGA Precision X1,Utilities,Software,Free to Play,,,80.0
5076,269250,WORLD END ECONOMiCA episode.01,Visual Novel,Anime,Indie,Economy,Sci-fi,86.0
5077,271760,Dungeon Lords Steam Edition,RPG,Dwarf,Fantasy,Co-op,Singleplayer,77.0
5078,271990,Dreamscape,RPG,Indie,Adventure,Casual,Strategy,80.0
5079,276890,FATE: Undiscovered Realms,RPG,Action,Adventure,Dungeon Crawler,Action RPG,88.0
5080,278620,TinyKeep,Action Roguelike,Action,Indie,RPG,Adventure,66.0
5081,236130,Horizon,Strategy,Grand Strategy,Space,4X,Simulation,57.0
5082,280010,Gunjitsu,Action,Early Access,Indie,,,
5083,280720,Imagine Earth,3D,Colony Sim,Relaxing,City Builder,Sandbox,79.0
5084,283960,Pajama Sam in No Need to Hide When It's Dark Outside,Point & Click,Adventure,Nostalgia,Casual,Family Friendly,97.0
5085,284220,Diadra Empty,Action,Indie,Shoot 'Em Up,Bullet Hell,Anime,92.0
5086,284990,Solarix,Action,Indie,Stealth,Horror,Sci-fi,54.0
5087,286200,ReignMaker,Casual,Strategy,Indie,Adventure,RPG,74.0
5088,286500,"House of 1,000 Doors - Family Secrets",,,,,,
5089,25900,King's Bounty: The Legend,RPG,Strategy,Turn-Based Strategy,Fantasy,Turn-Based,91.0
5090,289760,ROCKETSROCKETSROCKETS,Indie,Action,Casual,Local Multiplayer,Sports,82.0
5091,291030,Always Remember Me,Visual Novel,Anime,Dating Sim,Otome,Female Protagonist,58.0
5092,298480,Victory At Sea,Strategy,Naval,Naval Combat,World War II,Simulation,74.0
5093,239120,Final Fantasy III (3D Remake),RPG,JRPG,Turn-Based,Remake,Classic,82.0
5094,292140,FINAL FANTASY XIII-2,JRPG,RPG,Fantasy,Female Protagonist,Singleplayer,59.0
5095,301050,Night Shift,Indie,Adventure,Puzzle,Retro,Horror,77.0
5096,302120,House of 1000 Doors: The Palm of Zoroaster Collector's Edition,,,,,,
5097,302270,Dungeon Defenders Eternity,Tower Defense,Co-op,RPG,Multiplayer,Strategy,48.0
5098,222750,Wargame: AirLand Battle,Strategy,RTS,Military,Cold War,Wargame,86.0
5099,306660,Ultimate General: Gettysburg,Strategy,Historical,Simulation,RTS,Tactical,82.0
5100,306950,Heroes & Legends: Conquerors of Kolhar,RPG,,,,,57.0
5101,307050,Shan Gui,Visual Novel,Female Protagonist,Anime,Indie,Casual,77.0
5102,307130,Asteria,Indie,Adventure,Action,Sandbox,Platformer,53.0
5103,307190,Nicole,Visual Novel,Otome,Female Protagonist,Simulation,Dating Sim,76.0
5104,227020,Rise of Venice,Strategy,Simulation,Trading,Economy,Historical,61.0
5105,311080,Echelon,Simulation,Action,Flight,Sci-fi,,44.0
5106,311290,SpellForce 3 Reforced,RPG,Strategy,RTS,Fantasy,Singleplayer,76.0
5107,311680,Flower Shop: Winter In Fairbrook,Visual Novel,Otome,Casual,Simulation,Adventure,61.0
5108,312370,"Warhammer 40,000: Armageddon",Strategy,Warhammer 40K,Turn-Based Tactics,Tactical,Games Workshop,81.0
5109,289480,The Tomorrow War,Simulation,Action,Adventure,Space,Sci-fi,49.0
5110,313730,Sunrider: Mask of Arcadius,Anime,Visual Novel,Free to Play,Turn-Based Strategy,Mechs,92.0
5111,314240,RPG Tycoon,RPG,Management,Simulation,Strategy,Indie,50.0
5112,275510,Z Steel Soldiers,Strategy,RTS,Remake,Sci-fi,,52.0
5113,302950,Heileen 1: Sail Away,Visual Novel,Adventure,Indie,Casual,Female Protagonist,52.0
5114,313360,The Maker's Eden,Adventure,Casual,Cyberpunk,Visual Novel,Sci-fi,72.0
5115,317290,Bionic Heart 2,Indie,Visual Novel,Sci-fi,Anime,Choices Matter,72.0
5116,317300,Roommates,Visual Novel,Dating Sim,LGBTQ+,Comedy,Anime,75.0
5117,318230,Convoy,Pixel Graphics,Vehicular Combat,Strategy,Roguelike,Indie,78.0
5118,319470,Ninja Pizza Girl,Side Scroller,Runner,Parkour,Platformer,Female Protagonist,85.0
5119,249190,Ancient Space,Strategy,Space,RTS,Sci-fi,Singleplayer,41.0
5120,321030,One Day For Ched,Indie,Action,Adventure,FPS,Shooter,39.0
5121,279940,The Book of Unwritten Tales 2,Fantasy,Adventure,Point & Click,Singleplayer,Atmospheric,90.0
5122,321800,Icewind Dale: Enhanced Edition,RPG,Dungeons & Dragons,Fantasy,CRPG,Party-Based RPG,90.0
5123,322900,"War, the Game",Strategy,Indie,RTS,War,Grand Strategy,62.0
5124,324260,VoidExpanse,Space,RPG,Open World,Action,Sci-fi,68.0
5125,328680,Crab Cakes Rescue,Puzzle,Precision Platformer,Casual,Arcade,2D Platformer,66.0
5126,328780,Vampires: Guide Them to Safety!,Indie,Vampire,Puzzle,,,72.0
5127,205990,Warlock 2: the Exiled,Strategy,Fantasy,Turn-Based,Turn-Based Strategy,4X,68.0
5128,332360,Spriter Pro,Animation & Modeling,Design & Illustration,Utilities,Software,Game Development,72.0
5129,332790,Darkness Assault,Indie,Action,Violent,Gore,Horror,54.0
5130,334300,Fake Colours,Indie,Casual,Strategy,Puzzle,Puzzle Platformer,89.0
5131,334560,Square Heroes,Indie,Action,Multiplayer,Online Co-Op,Twin Stick Shooter,85.0
5132,337630,Bermuda,Indie,Visual Novel,Adventure,Anime,Puzzle Platformer,
5133,338140,Venetica,RPG,Female Protagonist,Action,Adventure,Singleplayer,78.0
5134,339160,Tales of the Orient: The Rising Sun,Casual,Indie,Match 3,Puzzle,Singleplayer,82.0
5135,340330,Deity Quest,Adventure,RPG,Indie,Strategy,Creature Collector,60.0
5136,340730,Sunrider Academy,Nudity,Anime,Dating Sim,Visual Novel,Sexual Content,84.0
5137,340800,Unhack,Indie,Anime,Puzzle,Visual Novel,Short,93.0
5138,341060,The Lady,Indie,Action,Psychological Horror,Adventure,Horror,41.0
5139,341150,Age of Fear 2: The Chaos Lord GOLD,Tactical RPG,Turn-Based Tactics,Perma Death,PvP,Turn-Based,80.0
5140,342880,NekoChan Hero - Collection,,,,,,
5141,342970,Pixel Survivors,Simulation,Strategy,Casual,Indie,Resource Management,58.0
5142,343340,Tiamat X,Action,Indie,Arcade,Shoot 'Em Up,,35.0
5143,9940,Blade Kitten,Action,Female Protagonist,Platformer,Anime,Adventure,82.0
5144,344770,fault - milestone two side: above,Visual Novel,Anime,Story Rich,Indie,Female Protagonist,97.0
5145,346080,Astro Emporia,Casual,Strategy,Indie,,,57.0
5146,325610,Total War: ATTILA,Strategy,Historical,War,Turn-Based Strategy,Grand Strategy,82.0
5147,347430,Frankenstein: Master of Death,Hidden Object,Point & Click,Casual,Puzzle,Adventure,82.0
5148,348340,Siege Wars,Indie,Casual,Arcade,Medieval,Destruction,65.0
5149,342090,The Clans - Saga of the Twins,Turn-Based Tactics,Dungeon Crawler,Point & Click,Party-Based RPG,JRPG,39.0
5150,318970,StarCrawlers,RPG,Dungeon Crawler,Indie,Sci-fi,Turn-Based Combat,83.0
5151,352900,Giana Sisters: Dream Runners,Action,Indie,Racing,Multiplayer,4 Player Local,76.0
5152,351480,Age of Fear: The Undead King,Tactical RPG,Turn-Based Tactics,Turn-Based,Strategy RPG,Turn-Based Strategy,89.0
5153,354730,Deadly Sin,RPG,Casual,RPGMaker,Female Protagonist,JRPG,56.0
5154,355100,Dungeon Crawlers HD,RPG,Indie,Strategy,Dungeon Crawler,Turn-Based Tactics,50.0
5155,355520,The Albino Hunter™ (Original),RPG,Indie,Adventure,RPGMaker,JRPG,75.0
5156,355410,Radium,Indie,Casual,Action,Difficult,Minimalist,80.0
5157,355760,Drizzlepath,Casual,Indie,Adventure,Walking Simulator,Atmospheric,54.0
5158,334070,Hektor,Horror,Indie,Action,Adventure,Psychological Horror,62.0
5159,356380,Orbit HD,Space,Ambient,Physics,Puzzle,Relaxing,61.0
5160,357200,500 Years Act 1,Adventure,RPG,Indie,,,40.0
5161,357310,Oriental Empires,Strategy,Simulation,Indie,Historical,Turn-Based,80.0
5162,358750,Sunrider: Liberation Day - Captain's Edition,Strategy,Visual Novel,Anime,Nudity,Sexual Content,84.0
5163,358770,The Reject Demon: Toko Chapter 0 - Prelude,Visual Novel,Indie,Casual,Anime,Female Protagonist,82.0
5164,4700,Total War: MEDIEVAL II - Definitive Edition,Strategy,Medieval,Historical,Turn-Based Strategy,Grand Strategy,95.0
5165,10500,Total War: EMPIRE - Definitive Edition,Strategy,Historical,Military,Grand Strategy,Turn-Based Strategy,89.0
5166,34030,Total War: NAPOLEON - Definitive Edition,Strategy,Historical,Grand Strategy,War,Turn-Based Strategy,90.0
5167,214950,Total War: ROME II - Emperor Edition,Strategy,Historical,Turn-Based Strategy,Grand Strategy,Rome,86.0
5168,359390,Amnesia™: Memories,Otome,Visual Novel,Female Protagonist,Romance,Dating Sim,92.0
5169,360010,Remnants of Isolation,RPG,Indie,Casual,RPGMaker,Female Protagonist,76.0
5170,360620,Spellsworn,Magic,Free to Play,Action,Multiplayer,Indie,89.0
5171,360970,Heaven Forest NIGHTS,Adventure,Action,Walking Simulator,VR,,75.0
5172,361600,Luna Sky,Indie,Adventure,Action,Singleplayer,Female Protagonist,65.0
5173,362140,Ashes of Immortality II,RPG,Casual,Adventure,Indie,RPGMaker,46.0
5174,363510,STAR-BOX: RPG Adventures in Space!,RPG,Indie,Adventure,Simulation,RPGMaker,33.0
5175,364910,Redemption: Saints And Sinners,Action,Violent,Gore,Nudity,Sci-fi,53.0
5176,364930,Koi-Koi Japan [Hanafuda playing cards],Casual,Card Game,Competitive,Anime,PvP,92.0
5177,365420,Apollo4x,Strategy,Indie,Casual,Simulation,Grand Strategy,51.0
5178,364690,SUPER DISTRO,Indie,Action,Adventure,Platformer,Difficult,37.0
5179,312750,Final Fantasy IV (3D Remake),RPG,JRPG,Fantasy,Remake,Story Rich,84.0
5180,367080,Songbringer,Action RPG,Open World,Roguelike,Hack and Slash,Dungeon Crawler,80.0
5181,368160,WORLD END ECONOMiCA episode.02,Visual Novel,Anime,Indie,Casual,Story Rich,96.0
5182,368710,Power of Love,Casual,Strategy,Indie,Puzzle,,78.0
5183,368770,President for a Day - Floodings,Strategy,Casual,Indie,Education,Turn-Based,73.0
5184,249230,Risen 3 - Titan Lords,RPG,Open World,Gothic,Adventure,Atmospheric,72.0
5185,369290,Airport Madness: World Edition,Adventure,Simulation,Casual,Strategy,Management,78.0
5186,369370,Crossfire: Dungeons,Strategy,Turn-Based Tactics,Turn-Based Strategy,Indie,,48.0
5187,370040,Lilly and Sasha: Nexus of Souls,RPG,Indie,Strategy,Female Protagonist,RPGMaker,77.0
5188,370640,Midnight's Blessing,RPG,Casual,Adventure,Indie,RPGMaker,50.0
5189,370700,Black Home,RPG,Indie,Casual,Adventure,RPGMaker,64.0
5190,370710,Last Heroes,Adventure,RPG,Indie,Casual,RPGMaker,68.0
5191,370780,Fated Souls,RPG,Indie,RPGMaker,Adventure,Fantasy,52.0
5192,371410,Hostile Dimension,Action,Indie,Space,,,
5193,371450,Awe,Casual,Indie,Puzzle,God Game,Colorful,74.0
5194,332410,Moonchild,RPG,RPGMaker,Indie,Adventure,Casual,63.0
5195,372820,Shot In The Dark,Early Access,Indie,Free to Play,Action,FPS,47.0
5196,373360,Cast of the Seven Godsends - Redux,Action,Adventure,Indie,Retro,Platformer,64.0
5197,373440,Stargazer,RPG,RPGMaker,Female Protagonist,,,73.0
5198,373730,Way of Gold and Steel,Strategy,Indie,Roguelike,RTS,Pixel Graphics,53.0
5199,298840,Millennium 4 - Beyond Sunset,RPG,Indie,Adventure,Female Protagonist,RPGMaker,88.0
5200,298830,Millennium 3 - Cry Wolf,RPG,Indie,Female Protagonist,RPGMaker,Adventure,76.0
5201,298820,Millennium 2 - Take Me Higher,RPG,Indie,Female Protagonist,RPGMaker,Adventure,77.0
5202,375930,Trap Them,Action,Indie,Casual,Adventure,Strategy,73.0
5203,376870,Minecraft: Story Mode - A Telltale Games Series,Memes,Adventure,Singleplayer,Story Rich,Pixel Graphics,76.0
5204,377190,Pale Echoes,Indie,RPG,RPGMaker,,,91.0
5205,377710,Idol Magical Girl Chiru Chiru Michiru Part 1,Visual Novel,Anime,Female Protagonist,Magic,Adventure,94.0
5206,380120,Celia's Quest,Adventure,RPG,Indie,RPGMaker,Female Protagonist,86.0
5207,338060,Mahjong Pretty Girls Battle,Anime,Mahjong,Board Game,Casual,Mature,64.0
5208,379960,Mahjong Pretty Girls Battle : School Girls Edition,Casual,Anime,Board Game,Nudity,Psychological Horror,65.0
5209,383560,Squarelands,Adventure,Indie,Sandbox,Survival,,56.0
5210,383930,Doorways: Holy Mountains of Flesh,Horror,Adventure,Action,Indie,Lovecraftian,75.0
5211,383960,Machina of the Planet Tree -Planet Ruler-,JRPG,Visual Novel,Turn-Based,Party-Based RPG,Strategy,81.0
5212,384940,Magical Brickout,Action,Indie,Casual,Puzzle,,
5213,384990,Gon' E-Choo!,Simulation,Indie,Action,Arcade,VR,84.0
5214,385270,Jet Racing Extreme,Racing,Action,Indie,Simulation,Sports,64.0
5215,385310,The Land Of Lamia,Adventure,Indie,Puzzle,Fantasy,Story Rich,50.0
5216,386110,Raywin,Adventure,RPG,Indie,RPGMaker,Action RPG,60.0
5217,317820,Guild of Dungeoneering Ultimate Edition,Roguelike Deckbuilder,Roguelike,Deckbuilding,RPG,Card Game,76.0
5218,387850,Airport Madness 4,Adventure,Simulation,Strategy,Management,Flight,89.0
5219,390730,Sora,Shoot 'Em Up,Sci-fi,Difficult,Anime,Bullet Hell,93.0
5220,298850,Millennium 5 - The Battle of the Millennium,RPG,Indie,Adventure,Female Protagonist,RPGMaker,60.0
5221,391180,Ladra,Stealth,2D,Top-Down,Pixel Graphics,Singleplayer,69.0
5222,391740,Blaster Shooter GunGuy!,Side Scroller,Precision Platformer,Sandbox,Difficult,Platformer,50.0
5223,378830,The Princess' Heart,RPG,Adventure,Indie,RPGMaker,Female Protagonist,51.0
5224,392930,A Sirius Game,Action,Adventure,Strategy,Indie,Simulation,51.0
5225,394700,Karma. Incarnation 1,Indie,Casual,Adventure,Point & Click,Puzzle,83.0
5226,395400,Freedom Cry,Indie,Adventure,RPG,Casual,RPGMaker,56.0
5227,395380,ANKI,Indie,Casual,Action,Adventure,Platformer,78.0
5228,397870,Arcane Sorcery,4X,Grand Strategy,Turn-Based Tactics,Exploration,PvE,62.0
5229,398150,Ace of Protectors,Action,Adventure,RPG,Indie,Anime,82.0
5230,397580,Moonbase 332,Action,Indie,Comedy,FPS,Arcade,24.0
5231,399000,Porradaria Upgrade,Action,Indie,Platformer,Retro,GameMaker,66.0
5232,310470,Grand Ages: Medieval,Strategy,Simulation,Medieval,Trading,Grand Strategy,47.0
5233,400740,VERGE:Lost chapter,Walking Simulator,Indie,Horror,Adventure,Simulation,49.0
5234,402850,Miner Mayhem,Indie,Casual,Action,Pixel Graphics,2D,72.0
5235,404690,This Book Is A Dungeon,Indie,Adventure,Interactive Fiction,Horror,Dungeon Crawler,77.0
5236,405970,Flat Kingdom Paper's Cut Edition,Indie,Action,Adventure,Platformer,Metroidvania,76.0
5237,406310,Stop Online - Battle of Words,Casual,Indie,Multiplayer,Word Game,Education,57.0
5238,408440,Dream Factory,Simulation,Strategy,Indie,Early Access,,13.0
5239,412730,Days Under Custody,Indie,Adventure,Horror,Survival Horror,Puzzle Platformer,41.0
5240,415080,Cyber Team Manager,Casual,Simulation,Sports,Indie,Early Access,14.0
5241,412230,InfiniTrap Classic,Indie,Casual,Adventure,Action,Free to Play,77.0
5242,416030,Your Quest,Indie,Simulation,Strategy,RPG,Free to Play,58.0
5243,416040,CLASH,Action,Free to Play,Indie,Strategy,Multiplayer,38.0
5244,421810,OH! RPG!,RPGMaker,RPG,Indie,Adventure,Strategy,63.0
5245,423770,Our Love Will Grow,Farming Sim,Simulation,Adventure,RPG,Indie,69.0
5246,423840,BanHammer,,,,,,
5247,425160,Recursion Deluxe,Indie,Casual,Action,Platformer,Puzzle,80.0
5248,425670,Seraph,Action,Female Protagonist,Platformer,Side Scroller,2D,80.0
5249,426000,HunieCam Studio,Mature,Sexual Content,Nudity,Management,Simulation,88.0
5250,427030,Xuan-Yuan Sword: The Gate of Firmament,RPG,Story Rich,Historical,Singleplayer,Romance,72.0
5251,427930,Army of Tentacles: (Not) A Cthulhu Dating Sim,Lore-Rich,Party-Based RPG,Horror,Lovecraftian,Supernatural,60.0
5252,303790,Faery - Legends of Avalon,RPG,Fantasy,Turn-Based,Adventure,Singleplayer,72.0
5253,377840,FINAL FANTASY IX,JRPG,Story Rich,Great Soundtrack,Fantasy,RPG,94.0
5254,430410,Memoranda,Adventure,Indie,Point & Click,Female Protagonist,Hand-drawn,70.0
5255,432170,Silver Knight,Early Access,Action,Adventure,RPG,Indie,68.0
5256,251110,INFRA,Puzzle,Exploration,Atmospheric,Adventure,Walking Simulator,88.0
5257,354740,Echoes of Aetheria,RPG,Indie,RPGMaker,Steampunk,Singleplayer,83.0
5258,434920,Last Heroes 2,Adventure,RPG,Indie,Casual,RPGMaker,69.0
5259,392940,Epic Quest of the 4 Crystals,RPG,Indie,RPGMaker,Adventure,Casual,54.0
5260,438130,Root Double -Before Crime * After Days- Xtend Edition,Visual Novel,Anime,Story Rich,Multiple Endings,Adventure,91.0
5261,439720,Unending Galaxy,Strategy,Simulation,Indie,Space,2D,60.0
5262,440750,Story of a Cube,Indie,Action,Adventure,Arcade,Twin Stick Shooter,
5263,434680,Lamia's Game Room,Indie,Casual,Card Game,Anime,,65.0
5264,443420,Artificial Defense,Indie,Strategy,Action,Tower Defense,,74.0
5265,446750,Portal Stories: VR,Adventure,VR,Puzzle,Free to Play,Mod,82.0
5266,447310,Paper Train: Traffic,Casual,Indie,Simulation,Trains,Puzzle,75.0
5267,448440,Bizarre Earthquake,Adventure,Indie,Point & Click,Puzzle,Female Protagonist,58.0
5268,448470,Bacteria,Casual,Indie,Puzzle,,,59.0
5269,448480,Caravanserail,Indie,Simulation,Trading,,,68.0
5270,448560,Mind Games,Indie,Tabletop,Puzzle,Singleplayer,Mouse only,65.0
5271,448790,Infinity Wings - Scout & Grunt,Action,Indie,Casual,Shoot 'Em Up,Space,31.0
5272,451760,Highway Blossoms,LGBTQ+,Visual Novel,America,Anime,Romance,95.0
5273,453960,Envy the Dead,RPG,Strategy,Simulation,Zombies,Survival,66.0
5274,454180,CrazyCars3D,Simulation,Racing,Action,Indie,Casual,69.0
5275,455710,Project RPG Remastered,RPG,Adventure,Action,Indie,Gore,58.0
5276,455940,Odd||Even,Experimental,Difficult,Education,Puzzle,Logic,54.0
5277,458000,March of the Living,Survival Horror,Roguelite,Perma Death,Survival,Zombies,71.0
5278,458420,Last Heroes 3,RPGMaker,Adventure,Indie,Strategy,Casual,68.0
5279,458520,Wrath of Anna,Indie,Action,Violent,Gore,Adventure,47.0
5280,460220,Xenoraid,Action,Indie,Shoot 'Em Up,Arcade,Shooter,90.0
5281,460150,One Last Chance,Indie,Casual,Visual Novel,Simulation,Great Soundtrack,66.0
5282,461230,Dashy Square,Indie,Action,Music,Difficult,Great Soundtrack,80.0
5283,461360,Thorne - Son of Slaves (Ep.2),RPGMaker,Indie,Action,RPG,Adventure,78.0
5284,461850,Abrix the robot,Indie,Casual,Strategy,Puzzle,,28.0
5285,461940,PlanCon: Space Conflict,Action,RPG,Space,Turn-Based,2D,35.0
5286,463180,Super Blue Fighter,Indie,Casual,Action,Pixel Graphics,Arcade,76.0
5287,464230,Colours of Magic: Aqua Teeter,Casual,Indie,Puzzle,Singleplayer,Relaxing,74.0
5288,466420,Warriors' Wrath,Action,Adventure,Indie,Casual,RPG,58.0
5289,467310,Rogue Port - Red Nightmare,Adventure,Indie,RPG,RPGMaker,Fantasy,80.0
5290,455910,STAR WARS™: Rogue Squadron 3D,Simulation,Action,Flight,Classic,Sci-fi,73.0
5291,476020,Reflection of Mine,Puzzle,Character Action Game,Difficult,Female Protagonist,Horror,75.0
5292,476480,Heaven Forest - VR MMO,Massively Multiplayer,Adventure,VR,Walking Simulator,Multiplayer,69.0
5293,477730,Eador. Imperium,Strategy,Indie,RPG,Turn-Based,Turn-Based Strategy,76.0
5294,485390,Machine Made: Rebirth,Indie,RPG,RPGMaker,,,72.0
5295,485440,Call Of The Mighty Warriors,Tower Defense,Strategy,Fantasy,Indie,Casual,59.0
5296,485490,Dungeon Journey,Casual,RPG,Indie,Action,Adventure,79.0
5297,485660,Karma Miwa,Casual,Adventure,Indie,Action,Platformer,69.0
5298,485830,Star Merc,Indie,Casual,RPG,Adventure,Action,59.0
5299,485950,Rise of the Ancients,Indie,Strategy,Tower Defense,,,44.0
5300,485980,Syrian Warfare,Real Time Tactics,RTS,Realistic,Military,Wargame,86.0
5301,487120,Citadel: Forged With Fire,Open World,RPG,Massively Multiplayer,Survival,Magic,67.0
5302,488660,Just Deserts,Strategy,Indie,Casual,Anime,Simulation,79.0
5303,484950,EvilMaze,Nudity,Female Protagonist,Sexual Content,Roguelike,JRPG,76.0
5304,489700,Battle Forever,Action,Indie,Beat 'em up,,,46.0
5305,493520,GTFO,Online Co-Op,Horror,Co-op,FPS,Difficult,87.0
5306,363680,Battlefleet Gothic: Armada,Strategy,Warhammer 40K,Space,RTS,Sci-fi,68.0
5307,252450,StarDrive 2,Strategy,Indie,Space,Sci-fi,4X,55.0
5308,348670,Immune,Survival,Adventure,Massively Multiplayer,Zombies,Open World,59.0
5309,497080,Construct: Escape the System,Indie,Action,Adventure,First-Person,Abstract,76.0
5310,346420,The Spatials,Simulation,Indie,RPG,Management,Space,68.0
5311,497560,Crimson Sword Saga: The Peloran Wars,RPG,Indie,Free to Play,RPGMaker,,61.0
5312,498040,The Hidden Dragon,Casual,Hidden Object,Puzzle,Family Friendly,,
5313,498830,Mustache in Hell,Action,Indie,Adventure,Bullet Hell,Difficult,95.0
5314,486480,Tales of Destruction,Indie,Action,FPS,,,46.0
5315,501030,Extravaganza Rising,Indie,Adventure,RPG,Strategy,RPGMaker,
5316,504490,The God's Chain,Action,Third-Person Shooter,FPS,Multiplayer,Aliens,70.0
5317,505630,Let Them Come,Action,Indie,Pixel Graphics,Tower Defense,2D,85.0
5318,497180,Street Legal Racing: Redline v2.3.1,Automobile Sim,Racing,Simulation,Driving,Building,88.0
5319,507390,Gone In November,Indie,Adventure,Walking Simulator,First-Person,,55.0
5320,507400,Vindictive Drive,Action,Indie,Violent,RPGMaker,Cyberpunk,77.0
5321,508300,Strategy & Tactics: Dark Ages,Medieval,Strategy,Simulation,RPG,Board Game,61.0
5322,321960,Might & Magic Heroes VII ,Strategy,Turn-Based Strategy,RPG,Fantasy,Singleplayer,54.0
5323,510780,SkyBoats,Strategy,Turn-Based,Procedural Generation,Turn-Based Strategy,Hex Grid,50.0
5324,511470,Glass Masquerade,Puzzle,Relaxing,Casual,Indie,Atmospheric,96.0
5325,512770,IACTURA,Action,Indie,Multiplayer,2D,Shooter,89.0
5326,513480,Geo,Indie,Simulation,Adventure,Sci-fi,Mining,87.0
5327,514490,Ultimate Word Search 2: Letter Boxed,Casual,Word Game,Puzzle,,,60.0
5328,514660,BitMaster,Action,Indie,Twin Stick Shooter,,,59.0
5329,518800,Lone Leader,Indie,Action,Adventure,Gore,Violent,42.0
5330,517330,Stellar Interface,Bullet Hell,Shoot 'Em Up,Top-Down Shooter,Action Roguelike,Side Scroller,79.0
5331,525190,The Construct,Action,Adventure,Indie,,,79.0
5332,527100,Star Trek: Bridge Crew,Simulation,VR,Sci-fi,RPG,Space,75.0
5333,527190,WORLD END ECONOMiCA episode.03,Indie,Casual,Visual Novel,Sci-fi,Anime,96.0
5334,531860,Where's My What?,Casual,Indie,Hidden Object,,,66.0
5335,531920,Carton,Adventure,Action,Indie,Strategy,RPG,72.0
5336,532290,Dark Train,Adventure,Indie,Steampunk,Dark,Sci-fi,78.0
5337,535760,Unforgiving Trials: The Space Crusade,Indie,RPG,Adventure,RPGMaker,,77.0
5338,536420,Shining Plume,Casual,Adventure,RPG,Indie,RPGMaker,59.0
5339,536450,Vzerthos: Heir of Thunder,Retro,2D,Isometric,Indie,Top-Down Shooter,66.0
5340,539450,Crab Dub,Indie,Casual,Platformer,,,81.0
5341,540900,Nuclear Contingency,Action,Adventure,Indie,Stealth,,71.0
5342,542340,Slingshot people,Action,Indie,Simulation,Casual,Nudity,31.0
5343,542740,Balloon Blowout,Action,Casual,,,,
5344,543170,Project: R.E.B.O.O.T,Indie,Action,Casual,Adventure,Platformer,61.0
5345,544870,Blood Ties,RPG,Indie,Casual,Strategy,Adventure,61.0
5346,545470,Hover Hazard,Indie,Casual,,,,64.0
5347,546340,Dynamic,Indie,Casual,Action,Adventure,Platformer,44.0
5348,546700,The Butterfly Sign,Adventure,Indie,Action,Detective,Thriller,69.0
5349,549860,One Night Stand,Indie,Visual Novel,Choices Matter,Multiple Endings,Short,88.0
5350,552450,Serious Sam VR: The First Encounter,Action,VR,Indie,Violent,Gore,87.0
5351,552580,Jade's Journey,Adventure,RPG,Indie,Casual,Strategy,56.0
5352,554770,Heavily Armed,Action,Adventure,RPG,Violent,,68.0
5353,555080,Isyium,Simulation,,,,,
5354,555920,Dark Egypt,Indie,Adventure,Mature,Difficult,Puzzle,35.0
5355,555930,Madness,Action,Adventure,RPG,Casual,Indie,55.0
5356,562330,Dwarflings,Adventure,Indie,RPG,Lemmings,Puzzle Platformer,68.0
5357,562470,天使帝國四《Empire of Angels IV》,Strategy,Adventure,Turn-Based Strategy,Anime,Turn-Based Combat,67.0
5358,562520,Attempt[42],3D Platformer,First-Person,Puzzle,Casual,Indie,62.0
5359,566670,Save the Ninja Clan,Indie,Action,Violent,Adventure,Gore,98.0
5360,570890,Fallen,Action,Adventure,Indie,Platformer,2D,70.0
5361,571870,Little Jack's Adventures,Indie,Action,Adventure,,,69.0
5362,573040,School of Talent: SUZU-ROUTE,Adventure,Indie,Visual Novel,Casual,Anime,86.0
5363,573130,Aporia: Beyond The Valley,Adventure,Indie,Puzzle,Atmospheric,First-Person,84.0
5364,573410,AI War 2,4X,Grand Strategy,Multiplayer,Tower Defense,Co-op,88.0
5365,575760,Project: R.E.B.O.O.T 2,Action,Adventure,Casual,Indie,Platformer,57.0
5366,575920,Felix Jumpman,Indie,Action,3D Platformer,Singleplayer,Platformer,66.0
5367,576130,State of Anarchy Complete: Master of Mayhem,Action,Casual,Indie,Top-Down Shooter,Funny,85.0
5368,576440,Horror Hospital,,,,,,
5369,576660,Snake Party,Indie,Racing,,,,47.0
5370,581380,Clockwise,Adventure,Indie,Horror,Puzzle,Mystery,64.0
5371,581820,Judas,Psychological Horror,Horror,Dark,Supernatural,Adventure,64.0
5372,584860,Surfasaurus,Indie,Casual,RPG,Simulation,,82.0
5373,585180,Open Sorcery,Indie,RPG,Adventure,Text-Based,Interactive Fiction,98.0
5374,244030,Take On Mars,Simulation,Space,Mars,Exploration,Survival,55.0
5375,594720,Star Merchant,Strategy,Simulation,Indie,Casual,Turn-Based Strategy,64.0
5376,595780,Rogue Port - Blue Nightmare,Action,Adventure,RPG,Indie,Pixel Graphics,76.0
5377,597810,Shining Plume 2,Adventure,Indie,Casual,RPG,Strategy,70.0
5378,601530,Darkarta: A Broken Heart's Quest Collector's Edition,Casual,Hidden Object,Interactive Fiction,Point & Click,Female Protagonist,89.0
5379,607210,Possessed,Gore,Violent,Action,Adventure,FPS,70.0
5380,498320,Trolley Gold,Casual,Indie,,,,
5381,610310,Star Story: The Horizon Escape,Adventure,RPG,Choices Matter,Multiple Endings,Text-Based,89.0
5382,611140,Dark Passenger,Indie,Action,Violent,Casual,Satire,64.0
5383,611960,Pilam Sky,Action,Casual,Simulation,Indie,Steampunk,84.0
5384,620710,TankBlitz,Action,Indie,Adventure,Top-Down Shooter,Tanks,91.0
5385,628760,The Adventurer - Episode 1: Beginning of the End,Adventure,Casual,Indie,Simulation,RPG,70.0
5386,629440,Graze Counter,Action,Shoot 'Em Up,Bullet Hell,Anime,Casual,98.0
5387,635850,Sentience: The Android's Tale,Adventure,Indie,Sci-fi,Multiple Endings,Futuristic,87.0
5388,672860,StellarHub,Simulation,Base Building,Management,Space,Building,58.0
5389,636170,Reaching for Petals,Indie,Adventure,Casual,Walking Simulator,Atmospheric,74.0
5390,632050,The Village,Action,Indie,Casual,Strategy,Horror,49.0
5391,594570,Total War: WARHAMMER II,Strategy,Fantasy,Turn-Based Strategy,RTS,Grand Strategy,93.0
5392,756800,Contraband Police,Open World,First-Person,Simulation,Action,Singleplayer,94.0
5393,763890,Wildermyth,Party-Based RPG,Choices Matter,Story Rich,Turn-Based Tactics,Character Customization,95.0
5394,595520,FINAL FANTASY XII THE ZODIAC AGE,RPG,JRPG,Fantasy,Singleplayer,Story Rich,90.0
5395,589360,Ni no Kuni™ II: Revenant Kingdom,RPG,JRPG,Anime,Adventure,Open World,83.0
5396,777160,Forgotten Places: Regained Castle,Adventure,Indie,Casual,Hidden Object,Point & Click,73.0
5397,780290,Gloomhaven,Dark Fantasy,Turn-Based Combat,Card Game,Turn-Based Strategy,Unforgiving,83.0
5398,637670,Secret of Mana,JRPG,RPG,Singleplayer,Great Soundtrack,Story Rich,69.0
5399,298900,Space Hulk: Deathwing,Warhammer 40K,Action,FPS,Online Co-Op,Sci-fi,54.0
5400,816090,Space Hulk: Deathwing - Enhanced Edition,Action,Warhammer 40K,Co-op,FPS,Shooter,72.0
5401,817540,SpellForce 3: Soul Harvest,RPG,Strategy,RTS,Fantasy,Multiplayer,84.0
5402,560130,Pillars of Eternity II: Deadfire,RPG,Party-Based RPG,Isometric,CRPG,Story Rich,87.0
5403,841770,Siralim 3,Creature Collector,Collectathon,Dungeon Crawler,Procedural Generation,RPG,94.0
5404,848450,Subnautica: Below Zero,Open World Survival Craft,Survival,Underwater,Singleplayer,Open World,90.0
5405,928600,F1 2019,Racing,Simulation,Sports,Automobile Sim,Multiplayer,90.0
5406,952440,OVERKILL's The Walking Dead - BETA,,,,,,
5407,924980,Trials of Mana,RPG,JRPG,Anime,Action RPG,Remake,92.0
5408,1238040,Dragon Age II,RPG,Action,Adventure,Fantasy,Singleplayer,80.0
5409,1361210,"Warhammer 40,000: Darktide",Action-Adventure,Horror,Combat,Warhammer 40K,Class-Based,69.0
5410,1363080,Manor Lords,Strategy,Medieval,City Builder,Open World,War,87.0
5411,860510,Little Nightmares II,Horror,Adventure,Singleplayer,Puzzle,Dark,93.0
5412,1153640,Chorus,Action,Adventure,Indie,Space,Female Protagonist,82.0
5413,1850740,Ghost Watchers,Horror,Co-op,Survival Horror,Multiplayer,Demons,87.0
5414,22300,Fallout 3,Open World,Post-apocalyptic,RPG,Singleplayer,Exploration,80.0
5415,219540,Arma 2: Operation Arrowhead Beta (Obsolete),,,,,,
5416,12200,Bully: Scholarship Edition,Open World,Action,Adventure,Third Person,Comedy,84.0
5417,226700,Infestation: The New Beginning,Zombies,Survival,Massively Multiplayer,Open World,Action,41.0
5418,224580,Arma 2: DayZ Mod,Zombies,Survival,Action,Simulation,Multiplayer,83.0
5419,244210,Assetto Corsa,Racing,Automobile Sim,Simulation,Driving,Multiplayer,92.0
5420,284770,Enigmatis 2: The Mists of Ravenwood,Hidden Object,Adventure,Casual,Point & Click,Puzzle,97.0
5421,65790,Arma: Cold War Assault,Simulation,Action,Military,Strategy,FPS,89.0
5422,307690,Sleeping Dogs: Definitive Edition,Open World,Action,Martial Arts,Crime,Singleplayer,93.0
5423,326180,Sinister City,Hidden Object,Adventure,Casual,Indie,Point & Click,67.0
5424,266410,iRacing,Racing,Automobile Sim,Simulation,VR,Sports,83.0
5425,348950,Ame no Marginal -Rain Marginal-,Anime,Visual Novel,Indie,Story Rich,Casual,92.0
5426,365960,rFactor 2,Racing,Automobile Sim,Simulation,Sports,Realistic,80.0
5427,377720,Idol Magical Girl Chiru Chiru Michiru Part 2,Visual Novel,Anime,Adventure,Cute,Casual,94.0
5428,383460,Sound of Drop - fall into poison -,Visual Novel,Horror,Anime,Gore,Indie,86.0
5429,386970,Memory's Dogma CODE:01,Visual Novel,Anime,Adventure,Indie,Casual,80.0
5430,426690,Narcissu 10th Anniversary Anthology Project,Visual Novel,Indie,Casual,Story Rich,Anime,97.0
5431,458470,Grim Legends 3: The Dark City,Hidden Object,Casual,Adventure,Point & Click,Female Protagonist,92.0
5432,513710,SCUM,Survival,Open World Survival Craft,Multiplayer,Open World,Zombies,74.0
5433,555570,Infestation: The New Z,Zombies,Free to Play,Survival,Multiplayer,Open World,53.0
5434,589690,Queen's Quest 3: The End of Dawn,Casual,Adventure,Hidden Object,Puzzle,Point & Click,77.0
5435,770720,Hunt: Showdown 1896 (Test Server),,,,,,
5436,614570,Dishonored®: Death of the Outsider™ ,Stealth,Action,First-Person,Assassin,Female Protagonist,86.0
5437,368070,Sniper Ghost Warrior 3,Sniper,Open World,Multiplayer,FPS,Stealth,66.0
5438,714070,Entropy : Zero,Free to Play,Action,Mod,FPS,Singleplayer,90.0
5439,732430,Superflight,Indie,Flight,Relaxing,Casual,Procedural Generation,96.0
5440,805550,Assetto Corsa Competizione,Racing,Automobile Sim,Simulation,Multiplayer,VR,92.0
5441,823130,Totally Accurate Battlegrounds,Multiplayer,Physics,Character Customization,Indie,Massively Multiplayer,88.0
5442,1449560,Metro Exodus Enhanced Edition,Post-apocalyptic,FPS,Singleplayer,Open World,Story Rich,89.0
5443,934700,Dead Island 2,Co-op,Zombies,Gore,First-Person,Action-Adventure,75.0
5444,1178830,Bright Memory: Infinite,Action,Female Protagonist,Sexual Content,FPS,Indie,92.0
5445,973580,Sniper Ghost Warrior Contracts,Action,Sniper,Singleplayer,Shooter,Multiplayer,73.0
5446,1062160,Poly Bridge 2,Building,Simulation,Puzzle,Physics,Crafting,95.0
5447,1066890,Automobilista 2,Racing,Simulation,Sports,VR,Automobile Sim,92.0
5448,1128810,RISK: Global Domination,Free to Play,Multiplayer,Board Game,Strategy,Turn-Based Strategy,80.0
5449,566190,The Search,Exploration,Hidden Object,Puzzle,Point & Click,Female Protagonist,70.0
5450,1326470,Sons Of The Forest,Survival,Open World,Multiplayer,Co-op,Survival Horror,86.0
5451,1449690,The Walking Dead: The Telltale Definitive Series,Choices Matter,Story Rich,Interactive Fiction,Horror,Multiple Endings,96.0
5452,1583720,Entropy : Zero 2,Free to Play,Action,FPS,Mod,First-Person,98.0
5453,1286680,Tiny Tina's Wonderlands,Loot,Adventure,Multiplayer,Looter Shooter,Shooter,74.0
5454,1180660,Tell Me Why,Choices Matter,Story Rich,Episodic,LGBTQ+,Adventure,89.0
5455,1338770,Sniper Ghost Warrior Contracts 2,FPS,Sniper,Stealth,Shooter,Singleplayer,84.0
5456,1715130,Crysis Remastered,Action,FPS,Shooter,Sci-fi,Sandbox,75.0
5457,1659040,HITMAN World of Assassination,Stealth,Assassin,Action,Singleplayer,VR,86.0
5458,1029690,Sniper Elite 5,Singleplayer,Stealth,Sniper,Action,World War II,82.0
5459,2096600,Crysis 2 Remastered,Action,FPS,Shooter,Sandbox,First-Person,89.0
5460,2075730,Call of Duty®: Modern Warfare® II - Open Beta,,,,,,
5461,2108330,F1® 23,VR,Racing,Driving,Automobile Sim,Multiplayer,86.0
5462,2641470,Spectre Divide,Free to Play,Shooter,Multiplayer,Action,Competitive,62.0
5463,2780980,LOCKDOWN Protocol,Early Access,Multiplayer,Social Deduction,Conversation,Action,90.0
5464,2051620,Enlisted,FPS,World War II,Multiplayer,Shooter,Vehicular Combat,78.0
5465,287630,The Council,Choices Matter,Adventure,RPG,Story Rich,Detective,83.0
5466,417290,Ghost of a Tale,Adventure,Stealth,Atmospheric,Cute,Singleplayer,91.0
5467,458710,Kingdom Rush Frontiers,Tower Defense,Strategy,2D,Singleplayer,Difficult,96.0
5468,473950,Manifold Garden,Puzzle,Surreal,Abstract,First-Person,Exploration,95.0
5469,532840,CAYNE,Free to Play,Adventure,Horror,Point & Click,Indie,80.0
5470,599390,Battle for Wesnoth,Free to Play,Strategy,Turn-Based Strategy,Hex Grid,Indie,94.0
5471,607080,Psychonauts 2,3D Platformer,Story Rich,Psychological,Singleplayer,Comedy,96.0
5472,644930,They Are Billions,Base Building,Colony Sim,Strategy,Zombies,Survival,85.0
5473,653530,Return of the Obra Dinn,Detective,Mystery,Puzzle,Story Rich,Atmospheric,96.0
5474,835960,The Talos Principle 2,Puzzle,Story Rich,First-Person,Sci-fi,Philosophical,95.0
5475,848480,Creeper World 4,Tower Defense,Real Time Tactics,Wargame,Building,Space,95.0
5476,973810,Journey To The Savage Planet,Adventure,Action,Exploration,Action-Adventure,3D Platformer,87.0
5477,1105670,The Last Spell,Tactical,Singleplayer,2D,Pixel Graphics,Strategy RPG,91.0
5478,1025440,Fantasy General II,Strategy,Turn-Based Strategy,Fantasy,Turn-Based,Turn-Based Combat,81.0
5479,1205520,Pentiment,Historical,Adventure,Story Rich,Investigation,Stylized,95.0
5480,1367550,Kingdom Rush Vengeance,Tower Defense,Strategy,Singleplayer,2D,Difficult,94.0
5481,1399720,Antimatter Dimensions,Idler,Strategy,Free to Play,Clicker,Casual,92.0
5482,1473350,(the) Gnorp Apologue,Clicker,Idler,Strategy,Building,Roguelite,96.0
5483,1497440,COCOON,Adventure,Puzzle,Exploration,Stylized,Puzzle Platformer,94.0
5484,1931770,Chants of Sennaar,Puzzle,Adventure,Singleplayer,Indie,Colorful,98.0
5485,1970580,Backpack Hero,Replay Value,Turn-Based,Roguelike Deckbuilder,Deckbuilding,Inventory Management,87.0
5486,597180,Old World,Strategy,Simulation,Grand Strategy,Historical,4X,81.0
5487,368260,Marvel's Midnight Suns,Superhero,Turn-Based Tactics,Deckbuilding,Turn-Based Strategy,Tactical RPG,82.0
5488,2471100,Unnamed Space Idle,Casual,Idler,Free to Play,Simulation,Space,92.0
5489,6810,Commandos: Beyond the Call of Duty,Action,Strategy,Tactical,World War II,Stealth,89.0
5490,456750,The Room Three,Puzzle,Mystery,Adventure,Point & Click,Indie,96.0
5491,522470,The House of Da Vinci,Puzzle,Adventure,Indie,Point & Click,Strategy,87.0
5492,6880,Just Cause,Action,Open World,Shooter,Third Person,Singleplayer,66.0
5493,33110,Alien Shooter: Revisited,Action,RPG,Indie,Gore,Shooter,63.0
5494,23490,Tropico 3 - Steam Special Edition,Simulation,Strategy,City Builder,Management,Politics,90.0
5495,13560,Tom Clancy's Splinter Cell,Stealth,Action,Third Person,Classic,Singleplayer,87.0
5496,48950,Greed Corp,Strategy,Turn-Based,Multiplayer,Turn-Based Strategy,Singleplayer,89.0
5497,15740,Oddworld: Munch's Oddysee,Adventure,Action,Strategy,Platformer,Gore,77.0
5498,205870,Auditorium,Indie,Casual,Music,Puzzle,Great Soundtrack,82.0
5499,207020,Bang Bang Racing,Racing,Arcade,Local Multiplayer,Top-Down,Split Screen,86.0
5500,11420,Clive Barker's Jericho,,,,,,
5501,201280,Deus Ex: Human Revolution - The Missing Link,,,,,,
5502,105000,A New Beginning - Final Cut,Adventure,Point & Click,Indie,Singleplayer,Puzzle,74.0
5503,35480,Dwarfs!?,Colony Sim,Pixel Graphics,Dwarf,Indie,Top-Down,78.0
5504,113420,Fallen Earth Classic,Free to Play,Survival,Open World,Multiplayer,Post-apocalyptic,59.0
5505,212070,Star Conflict,Online Co-Op,Free to Play,Space Sim,Open World,Massively Multiplayer,73.0
5506,213650,Dwarfs F2P,Free to Play,Strategy,Dwarf,Casual,Indie,85.0
5507,248570,Toribash,Free to Play,3D Fighter,Fighting,Physics,Multiplayer,88.0
5508,257730,Infinity Wars - Animated Trading Card Game,Turn-Based Tactics,PvP,Post-apocalyptic,Turn-Based Combat,Card Battler,77.0
5509,232010,Euro Truck Simulator,Simulation,Automobile Sim,Driving,Open World,Multiplayer,83.0
5510,248970,Vector,Parkour,Action,Indie,Platformer,Singleplayer,90.0
5511,252550,Qbeh-1: The Atlas Cube,Puzzle,Indie,Casual,First-Person,Atmospheric,87.0
5512,252890,Dracula: Love Kills,Hidden Object,Casual,Point & Click,Vampire,Atmospheric,80.0
5513,252970,McDROID,Third-Person Shooter,Tower Defense,Cartoony,Base Building,Robots,73.0
5514,253390,Hot Tin Roof: The Cat That Wore A Fedora,Metroidvania,Side Scroller,3D Platformer,Exploration,Open World,71.0
5515,258950,Montague's Mount,Indie,Adventure,Walking Simulator,Horror,Atmospheric,62.0
5516,263460,Girls Like Robots,Puzzle,Female Protagonist,Character Customization,Cute,2D,82.0
5517,263520,Enola,Adventure,Indie,Female Protagonist,Casual,Horror,66.0
5518,272060,Serena,Horror,Free to Play,Indie,Point & Click,Psychological Horror,77.0
5519,281060,Reversion - The Meeting,Adventure,Indie,Casual,Point & Click,Puzzle,79.0
5520,282030,Carmageddon 2: Carpocalypse Now,Racing,Combat Racing,Automobile Sim,Action,Vehicular Combat,86.0
5521,285500,Hard Truck Apocalypse / Ex Machina,Post-apocalyptic,Automobile Sim,Open World,Atmospheric,Action,83.0
5522,286810,Hard Truck: Apocalypse Rise Of Clans / Ex Machina: Meridian 113,Automobile Sim,Action,Post-apocalyptic,Racing,Open World,74.0
5523,286830,Hard Truck Apocalypse: Arcade / Ex Machina: Arcade,Action,Racing,Automobile Sim,RPG,Post-apocalyptic,31.0
5524,289600,Marauder,RPG,Strategy,Tactical,Survival,Post-apocalyptic,72.0
5525,291170,Royal Defense,Strategy,Casual,Indie,Tower Defense,Adventure,71.0
5526,295670,Hive Jump,Platformer,Shooter,Roguelike,Arcade,2D,68.0
5527,296770,Real Boxing™,Sports,Boxing,Fighting,Simulation,Arcade,67.0
5528,297490,Spy Chameleon - RGB Agent,Indie,Stealth,Difficult,Singleplayer,Puzzle,84.0
5529,203730,Q.U.B.E.,,,,,,
5530,302650,Cyto,Indie,Casual,Puzzle,,,77.0
5531,303340,Concursion,Indie,Action,Platformer,Difficult,Great Soundtrack,
5532,303690,FATE: The Cursed King,RPG,Adventure,Action,Dungeon Crawler,Singleplayer,94.0
5533,303720,#KILLALLZOMBIES,Action,Indie,Twin Stick Shooter,Zombies,Co-op,79.0
5534,302380,Floating Point,Free to Play,Relaxing,Casual,Indie,Physics,95.0
5535,311120,The Stalin Subway: Red Veil,Action,FPS,Female Protagonist,Shooter,First-Person,46.0
5536,311140,The Stalin Subway,Action,FPS,Shooter,First-Person,Singleplayer,61.0
5537,311190,Super Panda Adventures,Platformer,Indie,Metroidvania,Action,Adventure,94.0
5538,311850,Zombie Solitaire,Solitaire,Casual,Card Game,Zombies,Adventure,76.0
5539,244630,NEOTOKYO°,Free to Play,Multiplayer,FPS,Action,Cyberpunk,72.0
5540,317970,Dusk 12,Action,FPS,Cult Classic,Shooter,Zombies,47.0
5541,319180,Platypus II,Action,Shoot 'Em Up,,,,61.0
5542,325730,The Hive,Strategy,RTS,Base Building,Underground,Atmospheric,70.0
5543,326150,Death Skid Marks,Action,Indie,Vehicular Combat,RPG,Action Roguelike,91.0
5544,326190,Alchemy Mysteries: Prague Legends,Hidden Object,Casual,Adventure,Indie,Point & Click,76.0
5545,334840,Drive to Hell,Action,Indie,Shoot 'Em Up,Twin Stick Shooter,Local Co-Op,
5546,338050,Anoxemia,Physics,Puzzle Platformer,Dark,Puzzle,Atmospheric,50.0
5547,340470,You Are Not a Banana: Better Edition,Exploration,Puzzle,2D,Top-Down,Minigames,75.0
5548,341090,On A Roll 3D,Adventure,Action,Indie,Casual,Platformer,93.0
5549,343390,Elementary My Dear Majesty!,Casual,Hidden Object,Adventure,Singleplayer,Addictive,78.0
5550,344790,Mystery Masters: Psycho Train Deluxe Edition,,,,,,
5551,345120,Vox Populi Vox Dei 2,Indie,Action,Pixel Graphics,Adventure,Platformer,83.0
5552,349220,The Black Watchmen,Illuminati,Puzzle,Indie,RPG,Horror,89.0
5553,349260,BlastZone 2,Shoot 'Em Up,Bullet Hell,Fast-Paced,Online Co-Op,Local Co-Op,72.0
5554,351340,Belladonna,Point & Click,Adventure,Indie,Female Protagonist,Gothic,70.0
5555,353070,Ghost Encounters: Deadwood - Collector's Edition,Adventure,Casual,Hidden Object,Puzzle,Point & Click,46.0
5556,353190,Bombshell,Action,Adventure,Female Protagonist,Isometric,Twin Stick Shooter,60.0
5557,355920,Pixel Puzzles 2: Space,Casual,Indie,Puzzle,Simulation,Strategy,94.0
5558,359040,The Music Machine,Adventure,Indie,Horror,First-Person,Walking Simulator,89.0
5559,359140,Kick Ass Commandos,Action,Indie,Adventure,Strategy,Top-Down Shooter,91.0
5560,362410,Adam's Venture Chronicles,Adventure,Indie,Puzzle,Third Person,Singleplayer,70.0
5561,364390,Downfall,Adventure,Indie,Psychological Horror,Story Rich,Horror,94.0
5562,366610,Not without my donuts,Action,Adventure,Indie,Casual,,45.0
5563,369420,9 Clues 2: The Ward,Adventure,Hidden Object,Casual,Point & Click,Horror,90.0
5564,374410,TransPlan,Puzzle,Casual,Indie,Strategy,Physics,91.0
5565,383790,The Ship: Remasted,Action,Multiplayer,Indie,Remake,First-Person,57.0
5566,386420,Job the Leprechaun,Indie,Casual,Platformer,,,80.0
5567,386870,Playing History 2 - Slave Trade,Adventure,Indie,Casual,Family Friendly,Education,66.0
5568,388960,Torn Tales,Adventure,RPG,Indie,Action RPG,,47.0
5569,389810,Rubber and Lead,Action,Indie,RPG,Driving,Racing,60.0
5570,391460,WARMODE,Free to Play,FPS,Multiplayer,Shooter,Action,61.0
5571,399890,The Secret Order 2: Masked Intent,Casual,Adventure,Hidden Object,Point & Click,Female Protagonist,82.0
5572,378120,Football Manager 2016,,,,,,
5573,407900,Princess Remedy in a World of Hurt,Indie,Female Protagonist,Free to Play,Pixel Graphics,Retro,97.0
5574,429610,The Emerald Maiden: Symphony of Dreams,Hidden Object,Casual,Adventure,Point & Click,Female Protagonist,86.0
5575,429680,Spellweaver,Card Game,Free to Play,Strategy,Indie,Massively Multiplayer,74.0
5576,431260,Cursed,Adventure,Indie,Point & Click,Female Protagonist,Horror,79.0
5577,433790,Wooden Floor 2 - Resurrection,Adventure,Indie,Mystery,Horror,,45.0
5578,449730,Ahnayro: The Dream World,Adventure,Indie,Strategy,Puzzle,Historical,87.0
5579,450190,Maze Lord,Strategy,Indie,Puzzle,2D,Casual,78.0
5580,450850,Cube Land Arena,Tower Defense,Strategy,Fantasy,Indie,Casual,68.0
5581,453720,Last Will,Adventure,Indie,Puzzle,Escape Room,Mystery,75.0
5582,454030,Link,Strategy,RPG,Indie,Roguelike,,58.0
5583,456670,Hand of Fate 2,RPG,Card Game,Roguelike Deckbuilder,Action,Deckbuilding,84.0
5584,459090,Masquerada: Songs and Shadows,Real-Time with Pause,Dark Fantasy,Party-Based RPG,RPG,Isometric,88.0
5585,460910,A-Gents,Action,Indie,Pixel Graphics,Military,Retro,80.0
5586,465170,Crime Secrets: Crimson Lily,Hidden Object,Casual,Adventure,Point & Click,Mystery,74.0
5587,437160,The Lion's Song,Indie,Adventure,Pixel Graphics,Choices Matter,Point & Click,92.0
5588,490510,Pixel Puzzles 2: Christmas,Casual,Indie,Simulation,Strategy,Sports,94.0
5589,490910,Control Craft 3,Exploration,Metroidvania,Choose Your Own Adventure,Trading Card Game,Action RTS,74.0
5590,491330,12 Labours of Hercules V: Kids of Hellas,Casual,Strategy,Indie,Time Management,Resource Management,90.0
5591,492220,Bohemian Killing,Adventure,Indie,First-Person,Detective,Choices Matter,59.0
5592,495110,Enigmatis 3: The Shadow of Karkhala,Hidden Object,Casual,Adventure,Puzzle,Point & Click,93.0
5593,496590,Crystal Cosmos,Indie,Casual,Action,Adventure,Shoot 'Em Up,60.0
5594,502700,Laser Lasso BALL,Sports,Casual,Indie,Action,Local Multiplayer,87.0
5595,504980,Elves Adventure,Adventure,Action,FPS,,,66.0
5596,510650,Eventide 2: The Sorcerers Mirror,Adventure,Casual,Hidden Object,Point & Click,Puzzle,75.0
5597,514620,Ellipsis,Action,Indie,Touch-Friendly,Retro,Shoot 'Em Up,95.0
5598,527420,Demon Hunter 3: Revelation,Casual,Adventure,Hidden Object,Point & Click,Female Protagonist,89.0
5599,536780,Lost Grimoires: Stolen Kingdom,Hidden Object,Adventure,Casual,Female Protagonist,Point & Click,83.0
5600,558340,Faces of Illusion: The Twin Phantoms,Casual,Adventure,Hidden Object,Point & Click,2D,64.0
5601,562430,Alien Hostage,Strategy,Casual,Indie,Simulation,Physics,64.0
5602,548720,Through the Mirror,Casual,Action,Indie,Puzzle Platformer,Puzzle,81.0
5603,567800,12 Labours of Hercules VI: Race for Olympus,Casual,Strategy,Indie,Time Management,Resource Management,86.0
5604,571520,Kalaban,Adventure,Hand-drawn,Dark Comedy,Choose Your Own Adventure,Top-Down Shooter,64.0
5605,572760,Holiday Bonus GOLD,Casual,Match 3,Arcade,Cute,Relaxing,91.0
5606,574260,The Secret Order 5: The Buried Kingdom,Casual,Adventure,Hidden Object,Point & Click,Female Protagonist,82.0
5607,574270,Lost Grimoires 2: Shard of Mystery,Adventure,Casual,Hidden Object,Family Friendly,Horror,76.0
5608,578590,City Siege: Faction Island,Action,Indie,Platformer,Shoot 'Em Up,Shooter,69.0
5609,599560,Ghost Files: The Face of Guilt,Adventure,Casual,Hidden Object,Puzzle,Point & Click,73.0
5610,624270,The Painscreek Killings,Investigation,Mystery,Exploration,Detective,Story Rich,90.0
5611,625910,Time Recoil,Action,Indie,Top-Down Shooter,Time Manipulation,Adventure,80.0
5612,630030,War Tech Fighters,Action,Mechs,Shooter,Third-Person Shooter,Sci-fi,73.0
5613,657040,The Myth Seekers: The Legacy of Vulcan,Casual,Adventure,Hidden Object,Female Protagonist,Point & Click,83.0
5614,663210,12 Labours of Hercules VII: Fleecing the Fleece,Casual,Strategy,Indie,Time Management,Resource Management,92.0
5615,744900,Dead Frontier 2,Free to Play,Multiplayer,Survival Horror,Zombies,Horror,70.0
5616,745330,StrikeForce Kitty,Indie,Adventure,Casual,Platformer,2D,89.0
5617,762520,Demon Hunter 4: Riddles of Light,Adventure,Casual,Hidden Object,Point & Click,Female Protagonist,62.0
5618,860860,Suicide Guy: Sleepin' Deeply,Indie,Action,Adventure,Puzzle,Funny,76.0
5619,914690,Hentai Shooter 3D,Sexual Content,Action,Nudity,Mature,Anime,73.0
5620,916160,Dreamwalker: Never Fall Asleep,Adventure,Casual,Hidden Object,Female Protagonist,Horror,85.0
5621,949800,Skyland: Heart of the Mountain,Adventure,Casual,Hidden Object,Female Protagonist,Steampunk,78.0
5622,1224020,Creepy Tale,Puzzle Platformer,Dark,Hand-drawn,Atmospheric,Stealth,86.0
5623,1307090,Barro Racing,Indie,Racing,Sports,Multiplayer,PvP,84.0
5624,1142100,WWE 2K BATTLEGROUNDS,Action,Sports,Fighting,4 Player Local,Wrestling,68.0
5625,358270,Death Rally (Classic),Racing,Retro,Top-Down,Action,Classic,90.0
5626,1566060,Miss Furry,Sexual Content,Nudity,Casual,Puzzle,Adventure,86.0
5627,1592110,Spirit Of The Island,Family Friendly,Relaxing,Indie,Multiplayer,Life Sim,70.0
5628,1568590,Goose Goose Duck,Free to Play,Multiplayer,Strategy,Character Customization,Cute,86.0
5629,1656780,Hero's Hour,Turn-Based,Pixel Graphics,Strategy,Singleplayer,Turn-Based Strategy,79.0
5630,1928420,Farlight 84,Free to Play,Battle Royale,Multiplayer,Hero Shooter,Shooter,78.0
5631,2181930,DR LIVESEY ROM AND DEATH EDITION,Action,Cartoon,Roguelike,Spectacle fighter,Hand-drawn,95.0
5632,2281730,Combat Master,FPS,Action,Multiplayer,Shooter,Gun Customization,88.0
5633,1260320,Party Animals,Multiplayer,Casual,Funny,Cute,Party Game,78.0
5634,4550,Titan Quest: Immortal Throne,,,,,,
5635,33680,Eversion ,Platformer,Indie,Horror,Short,Lovecraftian,91.0
5636,3270,Painkiller Overdose,Action,FPS,Gore,Violent,Shooter,71.0
5637,205830,Luxor Evolved,Casual,Action,Indie,Match 3,Arcade,97.0
5638,212030,Kung Fu Strike: The Warrior's Rise,Action,Indie,Beat 'em up,Martial Arts,Fighting,78.0
5639,209950,Triple Town,Casual,Strategy,Indie,Puzzle,Match 3,92.0
5640,227280,No Time to Explain,,,,,,
5641,6370,Bloodline Champions,Free to Play,Action,MOBA,Multiplayer,PvP,85.0
5642,47410,Stronghold Kingdoms,Strategy,Free to Play,Medieval,Massively Multiplayer,City Builder,64.0
5643,201230,EverQuest II,Free to Play,Massively Multiplayer,RPG,MMORPG,Crafting,79.0
5644,226740,Monster Loves You!,Casual,Indie,Multiple Endings,Simulation,Choose Your Own Adventure,78.0
5645,225640,Sacred 2 Gold,RPG,Open World,Hack and Slash,Action RPG,Multiplayer,77.0
5646,242940,Anachronox,RPG,Cyberpunk,Sci-fi,Comedy,Classic,76.0
5647,231140,Cities XL Platinum,Simulation,City Builder,Strategy,Sandbox,Management,57.0
5648,39650,The Guild II,Simulation,Strategy,Life Sim,Medieval,RPG,71.0
5649,259640,Guise Of The Wolf,Indie,Werewolves,Adventure,Action,Survival,35.0
5650,260430,The Four Kings Casino and Slots,Free to Play,Gambling,Simulation,Card Game,Casual,68.0
5651,217100,Dementium II HD,Horror,Action,Adventure,Indie,FPS,48.0
5652,262960,Castle In The Darkness,Metroidvania,Indie,Platformer,Action,Difficult,76.0
5653,264120,Victory: The Age of Racing,Racing,Automobile Sim,Free to Play,Multiplayer,Sports,50.0
5654,264460,A-men,Indie,Action,Adventure,Platformer,Puzzle,53.0
5655,269530,Voice Of Pripyat,Shooter,Massively Multiplayer,Action,Indie,Early Access,41.0
5656,281370,Real Horror Stories Ultimate Edition,Horror,Indie,Point & Click,Comedy,Adventure,37.0
5657,8890,Freedom Force vs. the 3rd Reich,RPG,Strategy,Superhero,Real-Time with Pause,Comic Book,88.0
5658,283660,Rabbit Hole 3D: Steam Edition,Indie,Casual,Action,Puzzle,,62.0
5659,285330,RollerCoaster Tycoon 2: Triple Thrill Pack,Simulation,Management,Classic,Strategy,Sandbox,88.0
5660,285980,Kromaia,Indie,Action,Shoot 'Em Up,Arcade,Bullet Hell,80.0
5661,286940,S.K.I.L.L. - Special Force 2,Free to Play,Shooter,Action,Multiplayer,FPS,71.0
5662,291430,Lost Marbles,Indie,Casual,Action,Puzzle,Platformer,58.0
5663,294190,A-Men 2,Indie,Adventure,Platformer,,,
5664,296590,Draconian Wars,Strategy,Indie,Card Game,,,
5665,297290,Detective Case and Clown Bot in: Murder in the Hotel Lisbon,Adventure,Indie,Point & Click,Casual,Pixel Graphics,86.0
5666,299840,Metal Planet,Action,Indie,FPS,Mechs,Shooter,29.0
5667,300280,Adventurezator: When Pigs Fly,Adventure,Level Editor,Point & Click,Sandbox,Indie,72.0
5668,304500,Rooms: The Main Building,Casual,Indie,Puzzle,,,83.0
5669,308380,Airship Dragoon,Strategy,4X,Steampunk,Indie,Turn-Based Strategy,70.0
5670,311100,Echelon: Wind Warriors,Simulation,Action,Flight,,,67.0
5671,313140,Blackbay Asylum,Adventure,Indie,Horror,Gore,Puzzle,75.0
5672,313470,Boot Hill Heroes,RPG,Indie,Western,Pixel Graphics,Local Co-Op,88.0
5673,314210,Tesla Breaks the World!,Adventure,Indie,Platformer,,,34.0
5674,315070,Blob From Space,Casual,Indie,Platformer,Early Access,,
5675,313590,Boo Bunny Plague,Action,Adventure,Indie,Comedy,Sci-fi,76.0
5676,317610,Prophour23,Strategy,Tower Defense,Indie,Action,Perma Death,59.0
5677,322540,Galactic Inheritors,Strategy,Space,4X,Indie,Sci-fi,36.0
5678,325320,Mythos: The Beginning,Adventure,RPG,Survival Horror,Lovecraftian,RPGMaker,70.0
5679,223650,F.E.A.R. Online,,,,,,
5680,329690,BasketBelle,Indie,Sports,Adventure,Platformer,Singleplayer,81.0
5681,329830,The Moon Sliver,Walking Simulator,Psychological Horror,Adventure,First-Person,Exploration,76.0
5682,330450,Runes of Brennos,Action,Casual,Indie,,,70.0
5683,331340,Tulpa,Indie,Surreal,Puzzle,Atmospheric,Mystery,71.0
5684,331760,Supreme League of Patriots Issue 1: A Patriot Is Born,Adventure,Indie,Point & Click,Superhero,Comedy,70.0
5685,333880,Braveland Wizard,Strategy,Casual,Female Protagonist,Hand-drawn,Turn-Based,80.0
5686,335450,Curse of the Assassin,Adventure,RPG,Indie,Choose Your Own Adventure,,90.0
5687,337040,Deadnaut,Action Roguelike,Space,Exploration,Immersive Sim,Survival Horror,68.0
5688,339130,Morningstar: Descent to Deadrock,Adventure,Point & Click,Sci-fi,Indie,Space,91.0
5689,339590,Crowman & Wolfboy,Indie,Action,Adventure,Casual,Platformer,80.0
5690,333760,Vintage Year,Action,Indie,Top-Down Shooter,Fast-Paced,Roguelite,89.0
5691,342350,Into The Gloom,Indie,Adventure,Action,Horror,Pixel Graphics,79.0
5692,316390,Anomaly Zone,,,,,,
5693,346040,Joe's Diner,Indie,Adventure,Action,Horror,Survival Horror,47.0
5694,346630,Plazma Being,Adventure,Puzzle,Platformer,Indie,Action,74.0
5695,347610,Hidden Object Bundle 4 in 1,Casual,Hidden Object,Point & Click,Adventure,Singleplayer,93.0
5696,348540,Divine Slice of Life,Indie,Casual,Adventure,Visual Novel,Anime,69.0
5697,348730,Abyss Raiders: Uncharted,Strategy,Action,Adventure,Indie,Tower Defense,31.0
5698,349550,Mighty Dungeons,RPG,Adventure,Casual,Indie,Dungeon Crawler,61.0
5699,339280,Strife,Free to Play,MOBA,Multiplayer,Action,Strategy,76.0
5700,351400,The Defenders: The Second Wave,Action,Strategy,,,,80.0
5701,352010,Beach Bounce,Nudity,Indie,Visual Novel,Anime,Mature,69.0
5702,354040,Hypership Out of Control,Action,Indie,Casual,Racing,Shoot 'Em Up,
5703,354930,Slinki,Indie,Adventure,Platformer,,,
5704,354950,East Tower - Akio (ET Series Vol. 1),Indie,Casual,Adventure,Simulation,Visual Novel,74.0
5705,354960,An Imp? A Fiend!,Indie,Action,Adventure,Retro,Platformer,56.0
5706,355080,Crazy Steam Bros 2,Action,Indie,Casual,Shoot 'Em Up,,39.0
5707,355430,SNOWFLAKE TATTOO,Adventure,RPG,Indie,Action,,44.0
5708,355810,Centauri Sector,Strategy,Action,Indie,Space,Shooter,53.0
5709,356070,Commander Cool 2,Action,Indie,Platformer,2D,Local Multiplayer,63.0
5710,356540,East Tower - Takashi (ET Series Vol. 2),Adventure,Indie,Casual,Simulation,Visual Novel,80.0
5711,360390,Nightside,Strategy,Indie,RTS,Sci-fi,,61.0
5712,360730,Cards and Castles,Free to Play,Card Game,Card Battler,Tabletop,Deckbuilding,72.0
5713,366620,Broken Bots,Indie,Twin Stick Shooter,Action,Fast-Paced,Early Access,64.0
5714,367000,Fine Sweeper,Solitaire,Old School,Puzzle,Mouse only,Relaxing,89.0
5715,363580,PING 1.5+,Indie,Puzzle,Arcade,,,85.0
5716,368830,Adventure in the Tower of Flight,Action,Adventure,Indie,Pixel Graphics,Platformer,92.0
5717,369060,Amygdala,Action,Indie,Adventure,Platformer,,
5718,369080,Age of Survival,Survival,Early Access,Simulation,Open World,Multiplayer,12.0
5719,371000,Cave Coaster,Indie,Casual,,,,69.0
5720,375620,CortexGear:AngryDroids,Indie,Action,Adventure,Strategy,Zombies,
5721,375770,Quantum Conscience,Adventure,Visual Novel,LGBTQ+,Female Protagonist,,80.0
5722,376210,The Isle,Dinosaurs,Survival,Open World,Multiplayer,Simulation,81.0
5723,377470,ENKI,Indie,Adventure,Puzzle,First-Person,Singleplayer,57.0
5724,377600,Tcheco in the Castle of Lucio,Action,Indie,Retro,Funny,Pixel Graphics,91.0
5725,385020,AoF Chess Club 2.0,Indie,Strategy,Casual,Massively Multiplayer,Chess,30.0
5726,386750,Cashtronauts,Action,Indie,4 Player Local,Space,Split Screen,75.0
5727,389460,Robot vs Birds Zombies,Casual,Indie,Action,Simulation,Point & Click,36.0
5728,389570,Mitos.is: The Game,Free to Play,Multiplayer,Massively Multiplayer,Strategy,2D,80.0
5729,395250,The Adventures of Fatman,Adventure,Indie,Point & Click,Superhero,Pixel Graphics,79.0
5730,395920,Playing History - The Plague,Adventure,Casual,Indie,Memes,Education,82.0
5731,397430,Zoombinis,Casual,Adventure,Puzzle,Education,Family Friendly,94.0
5732,400410,OASE - Other Age Second Encounter,Adventure,Indie,Casual,Simulation,Visual Novel,
5733,401120,Anode,Casual,Action,Indie,Puzzle,Competitive,88.0
5734,407020,Star Sky,Casual,Indie,Adventure,Walking Simulator,Atmospheric,77.0
5735,407680,Last Days of Spring Visual Novel,Visual Novel,Indie,Casual,Otome,Female Protagonist,68.0
5736,410130,AGON - The Lost Sword of Toledo,Adventure,Point & Click,Puzzle,,,85.0
5737,280790,Creativerse,Exploration,Sandbox,Voxel,Building,Crafting,78.0
5738,415850,BAD END,Indie,Visual Novel,Adventure,Horror,Anime,83.0
5739,416320,Rescue Team 5,Casual,Adventure,Strategy,Time Management,Singleplayer,80.0
5740,418610,Swiftly,Action,Indie,Platformer,,,54.0
5741,418960,Catorize,Indie,Casual,Action,Adventure,Cats,
5742,426040,Goodnight Butcher,Indie,Horror,,,,57.0
5743,436480,Soup,Strategy,Action,Indie,Early Access,Simulation,68.0
5744,444160,Bonsai,Simulation,Indie,Casual,,,53.0
5745,462110,3 Coins At School,Casual,Indie,Strategy,Simulation,Sports,67.0
5746,473140,BomberZone,Casual,Action,Indie,,,77.0
5747,487180,The Lords of the Earth Flame,Adventure,RPG,Indie,Interactive Fiction,Simulation,57.0
5748,486500,Spooky Heroes,Indie,Casual,Action,Adventure,Platformer,
5749,489900,Bayla Bunny,Casual,Platformer,,,,
5750,497590,Sapper's bad dream,Mystery Dungeon,Mining,Horror,Action,Mystery,
5751,442080,Riders of Icarus,Free to Play,Massively Multiplayer,RPG,MMORPG,Adventure,66.0
5752,521340,True or False,Casual,Singleplayer,Cute,Memes,Indie,65.0
5753,527750,Merger 3D,Action,Indie,FPS,Pixel Graphics,Retro,47.0
5754,553790,Once in Yaissor,Indie,Adventure,Story Rich,Memes,Visual Novel,85.0
5755,575860,Tomb Joe,Casual,Adventure,Indie,Action,Platformer,69.0
5756,632000,CrossCells,Casual,Indie,Puzzle,Strategy,Minimalist,84.0
5757,738060,Freddy Fazbear's Pizzeria Simulator,Free to Play,Horror,Singleplayer,Survival Horror,Robots,94.0
5758,802200,Hellbound: Survival Mode,Free to Play,Action,Gore,FPS,Indie,87.0
5759,899770,Last Epoch,Action RPG,Loot,Hack and Slash,RPG,Multiplayer,77.0
5760,1109360,Hentai Mosaique Fix-IT Shoppe,Sexual Content,Nudity,Anime,RPG,Hentai,92.0
5761,1269950,Buddy Simulator 1984,Psychological Horror,Indie,Horror,Retro,Story Rich,94.0
5762,1549250,Undecember,RPG,Hack and Slash,Multiplayer,Action RPG,Free to Play,52.0
5763,1792250,Serious Sam: Siberian Mayhem,Boomer Shooter,Action,Adventure,Shooter,First-Person,93.0
5764,2229850,Command & Conquer: Red Alert™ 2 and Yuri’s Revenge™,Action,Strategy,RTS,Singleplayer,Multiplayer,91.0
5765,3330,Zuma Deluxe,Match 3,Puzzle,Arcade,2D,Strategy,95.0
5766,214700,Thirty Flights of Loving,First-Person,Experimental,Walking Simulator,Short,Narrative,68.0
5767,416770,SquareCells,Puzzle,Indie,Casual,Minimalist,Logic,90.0
5768,436150,Governor of Poker 3,Gambling,Card Game,Free to Play,Multiplayer,Sports,69.0
5769,438640,LEGO® STAR WARS™: The Force Awakens,LEGO,Adventure,Action,Co-op,Open World,82.0
5770,1244090,Sea of Stars,JRPG,Pixel Graphics,Turn-Based Combat,Party-Based RPG,Local Co-Op,88.0
5771,1361320,The Room 4: Old Sins,Puzzle,Mystery,Point & Click,Adventure,Lovecraftian,98.0
5772,1544360,LEGO® Builder's Journey,Indie,Cute,Relaxing,Casual,Singleplayer,83.0
5773,2670630,Supermarket Simulator,Simulation,Management,Economy,Multiplayer,Singleplayer,93.0
5774,235720,Cubetractor,Indie,Strategy,Action,Puzzle,Tower Defense,82.0
5775,367540,Starbound - Unstable,,,,,,
5776,253430,CastleMiner Z,Open World Survival Craft,Survival,Zombies,Multiplayer,Action,82.0
5777,364420,Roguelands,Action Roguelike,Roguelike,Multiplayer,RPG,Pixel Graphics,80.0
5778,569480,Kingdoms and Castles,City Builder,Colony Sim,Strategy,Medieval,Building,93.0
5779,597220,West of Loathing,RPG,Comedy,Funny,Western,Adventure,97.0
5780,546050,Puyo Puyo™Tetris® ,Puzzle,Casual,Competitive,Multiplayer,Action,83.0
5781,816340,Kingdom Rush Origins,Tower Defense,Strategy,2D,Singleplayer,Difficult,95.0
5782,2551020,One-armed robber,Free to Play,Multiplayer,Heist,Action,Simulation,90.0
5783,290300,Rebel Galaxy,Space,Open World,Sci-fi,RPG,Great Soundtrack,85.0
5784,294100,RimWorld,Colony Sim,Base Building,Survival,Strategy,Sandbox,97.0
5785,319850,Bridge Constructor Medieval,Simulation,Casual,Indie,Building,Puzzle,81.0
5786,352400,LEGO® Jurassic World,LEGO,Dinosaurs,Adventure,Open World,Multiplayer,91.0
5787,552160,Hade,Indie,Casual,Strategy,Puzzle,Difficult,89.0
5788,573090,Stormworks: Build and Rescue,Sandbox,Base Building,Open World,Immersive Sim,Building,90.0
5789,846470,Moss,VR,Adventure,Puzzle,Story Rich,Combat,94.0
5790,1061910,Metal: Hellsinger,Rhythm,FPS,Atmospheric,Singleplayer,Music,96.0
5791,784150,Workers & Resources: Soviet Republic,Strategy,Simulation,City Builder,Base Building,Management,91.0
5792,1044720,Farthest Frontier,Early Access,RTS,Immersive Sim,Agriculture,Medieval,85.0
5793,1127500,Mini Motorways,Strategy,Simulation,Casual,Indie,Management,96.0
5794,1162750,Songs of Syx,Early Access,City Builder,Colony Sim,Strategy,Base Building,96.0
5795,1527950,Wartales,RPG,Open World,Turn-Based Strategy,Party-Based RPG,Medieval,90.0
5796,529340,Victoria 3,Grand Strategy,Historical,Economy,Political Sim,Strategy,68.0
5797,15370,Heroes of Might & Magic V: Tribes of the East,Strategy,Turn-Based Strategy,Fantasy,Multiplayer,Turn-Based,92.0
5798,32440,LEGO® Star Wars™: The Complete Saga,LEGO,Local Co-Op,Adventure,Co-op,Family Friendly,96.0
5799,22490,Fallout: New Vegas PCR,RPG,Post-apocalyptic,Open World,Atmospheric,Story Rich,93.0
5800,115320,PROTOTYPE 2,Action,Open World,Gore,Superhero,Violent,74.0
5801,208580,STAR WARS™ Knights of the Old Republic™ II: The Sith Lords™,RPG,Story Rich,Sci-fi,Singleplayer,Classic,93.0
5802,261550,Mount & Blade II: Bannerlord,Medieval,Strategy,Open World,RPG,War,87.0
5803,39530,Painkiller: Black Edition,Gore,Action,FPS,Classic,Shooter,89.0
5804,1416260,SpellForce 3: Versus Edition,Strategy,RPG,Building,Free to Play,Strategy RPG,76.0
5805,387990,Scrap Mechanic,Building,Sandbox,Survival,Multiplayer,Open World,92.0
5806,451340,Gold Mining Simulator,Simulation,Mining,Singleplayer,Realistic,Open World,71.0
5807,611670,The Elder Scrolls V: Skyrim VR,Open World,RPG,VR,Singleplayer,Adventure,74.0
5808,690830,Foundation,City Builder,Medieval,Simulation,Strategy,Sandbox,87.0
5809,768200,Smalland: Survive the Wilds,Survival,Open World Survival Craft,Multiplayer,Base Building,Online Co-Op,83.0
5810,858810,Dawn of Man,City Builder,Colony Sim,Survival,Strategy,Simulation,86.0
5811,858820,Tribes of Midgard,Open World Survival Craft,Online Co-Op,Action RPG,Multiplayer,PvE,76.0
5812,342180,Arizona Sunshine,Action,VR,Zombies,Multiplayer,Horror,80.0
5813,1129580,Medieval Dynasty,Crafting,Building,Multiplayer,Co-op,Medieval,90.0
5814,1145350,Hades II,Action,Roguelike,Roguelite,RPG,Hack and Slash,94.0
5815,1203620,Enshrouded,Open World,Survival,Base Building,Multiplayer,Online Co-Op,85.0
5816,1222140,Detroit: Become Human,Choices Matter,Story Rich,Multiple Endings,Cinematic,Singleplayer,95.0
5817,1241100,POLYGON,Free to Play,FPS,Multiplayer,Shooter,Military,74.0
5818,1302240,Labyrinthine,Horror,Online Co-Op,Psychological Horror,Co-op,Puzzle,85.0
5819,1474700,MONOPOLY Poker,Multiplayer,Free to Play,Board Game,Casual,Gambling,70.0
5820,534380,Dying Light 2: Reloaded Edition,Open World,Co-op,Zombies,Parkour,Multiplayer,79.0
5821,784080,MechWarrior 5: Mercenaries,Mechs,Simulation,FPS,Action,Shooter,84.0
5822,1797880,Lost Light,Free to Play,Shooter,Multiplayer,Survival,Extraction Shooter,56.0
5823,1276790,Ruined King: A League of Legends Story™,RPG,Adventure,Turn-Based Combat,Singleplayer,Story Rich,89.0
5824,1818450,STALCRAFT: X,Free to Play,FPS,MMORPG,Multiplayer,Shooter,76.0
5825,1987080,Inside the Backrooms,Horror,Multiplayer,Survival Horror,Puzzle,Psychological Horror,83.0
5826,1577120,The Quarry,Choices Matter,Horror,Multiple Endings,Multiplayer,Cinematic,82.0
5827,2163330,Yet Another Zombie Survivors,Early Access,Action Roguelike,Indie,Bullet Hell,Arcade,90.0
5828,668580,Atomic Heart,Sexual Content,Horror,FPS,Puzzle,Mystery,82.0
5829,2183900,"Warhammer 40,000: Space Marine 2",Warhammer 40K,Action,Third-Person Shooter,Multiplayer,Co-op,80.0
5830,2208920,Assassin's Creed Valhalla,Open World,Action,Adventure,RPG,Singleplayer,70.0
5831,1544020,The Callisto Protocol,Horror,Sci-fi,Survival Horror,Third-Person Shooter,Space,65.0
5832,2369390,Far Cry 6,Open World,FPS,Action,Online Co-Op,Multiplayer,71.0
5833,1501750,Lords of the Fallen,Co-op,PvP,Action,RPG,Souls-like,62.0
5834,2322010,God of War Ragnarök,Action,Adventure,Action-Adventure,RPG,Action RPG,81.0
5835,1562430,DREDGE,Exploration,Fishing,Lovecraftian,Adventure,Open World,95.0
5836,227260,DisplayFusion,Utilities,Software,,,,86.0
5837,256290,Child of Light,RPG,Fantasy,Great Soundtrack,Turn-Based,Female Protagonist,91.0
5838,317470,Cubic Castles,Free to Play,Open World Survival Craft,Building,Multiplayer,Sandbox,74.0
5839,332500,GRAV,Open World Survival Craft,Survival,Open World,Base Building,Sandbox,50.0
5840,405310,LEGO® MARVEL's Avengers,LEGO,Open World,Superhero,Adventure,Action,87.0
5841,414530,Skyforge,Free to Play,Massively Multiplayer,RPG,MMORPG,Open World,59.0
5842,470220,UNO,Card Game,Multiplayer,Tabletop,Board Game,Casual,72.0
5843,556180,Mysterium,Strategy,Board Game,Tabletop,Multiplayer,Co-op,79.0
5844,879160,Battlerite Royale,Battle Royale,Free to Play,Multiplayer,MOBA,PvP,74.0
5845,1974050,Torchlight: Infinite,RPG,Loot,Hack and Slash,Action RPG,Action,70.0
5846,3070070,TCG Card Shop Simulator,Simulation,Management,Economy,Collectathon,Capitalism,97.0
5847,204030,Fable - The Lost Chapters,RPG,Adventure,Action,Fantasy,Third Person,92.0
5848,50650,Darksiders II,,,,,,
5849,568220,Lobotomy Corporation,Management,Difficult,Psychological Horror,Story Rich,Simulation,93.0
5850,871720,Ultimate Custom Night,Free to Play,Horror,Survival Horror,Singleplayer,Difficult,95.0
5851,1229490,ULTRAKILL,Boomer Shooter,Fast-Paced,Character Action Game,FPS,Blood,97.0
5852,70420,Chantelise,Anime,Action,RPG,Indie,Female Protagonist,75.0
5853,466910,Worm.is: The Game,Free to Play,Multiplayer,Casual,Funny,2D,80.0
5854,489890,Puzzles At Mystery Manor,,,,,,
5855,480430,Hide and Shriek,Multiplayer,Horror,Free to Play,First-Person,Action,82.0
5856,920490,Driver Booster for Steam,Utilities,Free to Play,Software,,,84.0
5857,1485080,Just Act Natural,Multiplayer,Casual,Action,Arcade,Stealth,88.0
5858,272270,Torment: Tides of Numenera,RPG,Isometric,Story Rich,Adventure,CRPG,72.0
5859,211160,Viking: Battle for Asgard,Action,Adventure,Hack and Slash,Vikings,Singleplayer,57.0
5860,1977530,One-armed cook,Multiplayer,Free to Play,Simulation,Co-op,Cooking,92.0
5861,41740,Cargo! - The quest for gravity,Adventure,Physics,Family Friendly,Comedy,Simulation,82.0
5862,248550,Megabyte Punch,Adventure,Local Multiplayer,Robots,Platformer,Beat 'em up,93.0
5863,58610,Wargame: European Escalation,Strategy,RTS,Military,Cold War,Wargame,76.0
5864,311480,Vertical Drop Heroes HD,Action Roguelike,Co-op,Platformer,RPG,Roguelike,76.0
5865,1020470,Evoland Legendary Edition,RPG,Adventure,Action,Indie,Casual,83.0
5866,365800,AdvertCity,Indie,Simulation,Strategy,Management,Cyberpunk,40.0
5867,375580,Three Days,Indie,Pixel Graphics,Crafting,Puzzle,Arcade,70.0
5868,396090,Rogue State,Strategy,Simulation,Indie,Political Sim,Economy,74.0
5869,409600,Contract With The Devil,Casual,Adventure,Action,Hidden Object,Point & Click,71.0
5870,414920,Corgi Warlock,Indie,Action,Adventure,Platformer,Local Co-Op,80.0
5871,528820,Eisenwald: Blood of November,Turn-Based,Strategy RPG,Medieval,Tactical,RPG,53.0
5872,422650,Megamagic: Wizards of the Neon Age,Indie,Action,Adventure,RPG,Strategy,57.0
5873,431740,Chowderchu,Action,Adventure,Indie,Difficult,Platformer,80.0
5874,435040,Incredible Dracula: Chasing Love Collector's Edition,Casual,Adventure,Strategy,Time Management,Singleplayer,87.0
5875,444590,Skautfold: Shrouded in Sanity,Souls-like,Action,RPG,Indie,Adventure,81.0
5876,502910,The Return Home Remastered,Action,Indie,Adventure,Casual,FPS,57.0
5877,515910,Hooligan Vasja,Indie,Casual,Action,Horror,Shoot 'Em Up,55.0
5878,554310,Rage Wars,Gore,Memes,Psychological Horror,Violent,Indie,91.0
5879,574310,The Mooseman,Adventure,Indie,Mythology,Atmospheric,Great Soundtrack,89.0
5880,574640,Unalive,Indie,Action,Roguelike,Perma Death,,69.0
5881,575630,Permute,Indie,Casual,3D Platformer,,,52.0
5882,575840,NeverEnd,Indie,Adventure,Roguelike,Roguelite,Action,73.0
5883,583490,InfiniPicross,Casual,Indie,Puzzle,,,68.0
5884,600210,RoboMatch,Indie,Casual,RPG,Match 3,,69.0
5885,614460,Amber Tail Adventure,Action,Adventure,Pixel Graphics,2D,Retro,79.0
5886,622920,P-Walker's Simulation,Early Access,Simulation,Action,Adventure,Indie,53.0
5887,843260,The Bard's Tale Trilogy,RPG,Dungeon Crawler,Classic,Grid-Based Movement,Fantasy,95.0
5888,1091980,The Bard's Tale IV: Director's Cut,RPG,Turn-Based,Dungeon Crawler,Party-Based RPG,First-Person,78.0
5889,272510,NARUTO SHIPPUDEN: Ultimate Ninja STORM Revolution,Anime,Fighting,Ninja,Action,Multiplayer,84.0
5890,349040,NARUTO SHIPPUDEN: Ultimate Ninja STORM 4,Anime,Fighting,Action,Ninja,Multiplayer,90.0
5891,707030,POSTAL 4: No Regerts,Adventure,Gore,Singleplayer,Open World,First-Person,72.0
5892,964800,Prodeus,Boomer Shooter,FPS,Retro,Gore,Action,93.0
5893,999220,Amnesia: Rebirth,Horror,Survival Horror,Psychological Horror,Atmospheric,Gore,77.0
5894,1030840,Mafia: Definitive Edition,Open World,Action,Crime,Story Rich,Singleplayer,86.0
5895,1151640,Horizon Zero Dawn™ Complete Edition,Open World,Adventure,Female Protagonist,Singleplayer,Story Rich,87.0
5896,1583230,High On Life,Comedy,FPS,Singleplayer,Dark Humor,Adventure,89.0
5897,1684930,CULTIC,Boomer Shooter,FPS,Old School,Shooter,Action,98.0
5898,775500,SCARLET NEXUS,Action,Anime,RPG,JRPG,Adventure,82.0
5899,2005010,"Warhammer 40,000: Boltgun",Boomer Shooter,FPS,Retro,Warhammer 40K,Shooter,91.0
5900,482400,System Shock,Action,Immersive Sim,Adventure,Cyberpunk,Sci-fi,91.0
5901,1895880,Ratchet & Clank: Rift Apart,Adventure,3D Platformer,Singleplayer,Action-Adventure,Third Person,89.0
5902,2567870,Chained Together,Co-op,Adventure,Casual,Platformer,Simulation,89.0
5903,3097560,Liar's Bar,Casual,Multiplayer,PvP,Co-op,Online Co-Op,86.0
5904,7760,X-COM: UFO Defense,Strategy,Classic,Turn-Based Strategy,Sci-fi,Turn-Based,96.0
5905,286080,Thinking with Time Machine,Free to Play,Mod,Puzzle,Adventure,Action,81.0
5906,225840,Sven Co-op,Co-op,FPS,Online Co-Op,Shooter,Shoot 'Em Up,93.0
5907,1164940,Trepang2,Singleplayer,Shooter,Gore,FPS,Horror,93.0
5908,1167630,Teardown,Destruction,Physics,Sandbox,Voxel,First-Person,95.0
5909,2700,RollerCoaster Tycoon 3: Platinum!,Simulation,Management,Sandbox,Building,Strategy,90.0
5910,72400,Clones,Lemmings,Indie,Adventure,Puzzle,Casual,76.0
5911,46520,Wasteland Angel,Arena Shooter,Bullet Hell,Combat Racing,Shoot 'Em Up,Top-Down Shooter,55.0
5912,40960,Stronghold 2,City Builder,Real Time Tactics,Medieval,Colony Sim,Sandbox,88.0
5913,17020,Global Agenda,Free to Play,Action,Massively Multiplayer,RPG,Sci-fi,84.0
5914,256410,Might & Magic: Duel of Champions,,,,,,
5915,48220,Might & Magic: Heroes VI,Strategy,Turn-Based Strategy,RPG,Turn-Based,Fantasy,46.0
5916,209170,Call of Duty: Ghosts - Multiplayer,Dog,FPS,Action,Multiplayer,Shooter,62.0
5917,38830,CrimeCraft GangWars,,,,,,
5918,305260,Battle Islands,Strategy,Free to Play,Multiplayer,World War II,Action,75.0
5919,24860,Battlefield 2,,,,,,
5920,10220,Postal 3,Action,Gore,Dark Humor,Violent,Third-Person Shooter,44.0
5921,213330,LEGO® Batman™ 2: DC Super Heroes,LEGO,Action,Adventure,Open World,Superhero,94.0
5922,232950,Bridge Project,Simulation,Building,Physics,Puzzle,Singleplayer,43.0
5923,215550,Zombie Playground™,Action,Indie,RPG,Adventure,Gore,46.0
5924,284750,Enigmatis: The Ghosts of Maple Creek,Hidden Object,Adventure,Point & Click,Casual,Female Protagonist,84.0
5925,288570,Wolfenstein: The New Order German Edition,Action,FPS,Shooter,Singleplayer,Adventure,84.0
5926,209650,Call of Duty: Advanced Warfare,Dog,FPS,Action,Multiplayer,Shooter,62.0
5927,331200,Grass Simulator,Indie,Memes,Walking Simulator,Casual,Simulation,67.0
5928,359340,Pixel Puzzles Mosaics,Casual,Indie,Strategy,Simulation,Free to Play,85.0
5929,390200,Queen's Quest: Tower of Darkness,Adventure,Casual,Hidden Object,Point & Click,Female Protagonist,65.0
5930,389700,My Bones,Indie,Horror,Walking Simulator,Adventure,Short,30.0
5931,406870,Eventide: Slavic Fable,Hidden Object,Adventure,Casual,Point & Click,Female Protagonist,93.0
5932,414660,Vampire Legends: The True Story of Kisilova,Adventure,Hidden Object,Casual,Point & Click,Vampire,88.0
5933,427550,Tibetan Quest: Beyond the World's End,Adventure,Casual,Hidden Object,Puzzle,Point & Click,66.0
5934,429600,Fairy Tale Mysteries: The Puppet Thief,Adventure,Casual,Hidden Object,Point & Click,Puzzle,68.0
5935,457480,Domino Sky,Indie,Casual,Strategy,Puzzle,Physics,81.0
5936,458480,Mythic Wonders: The Philosopher's Stone,Adventure,Casual,Hidden Object,Point & Click,Puzzle,88.0
5937,465720,Demon Hunter 2: New Chapter,Casual,Adventure,Hidden Object,Point & Click,Puzzle,72.0
5938,467390,Approaching Blocks,Indie,Casual,Singleplayer,,,63.0
5939,481110,The Bunker,Adventure,FMV,Indie,Psychological Horror,Story Rich,69.0
5940,497020,Mystic Diary - Quest for Lost Brother,Adventure,Casual,Hidden Object,,,54.0
5941,497580,Agent Walker: Secret Journey,Casual,Adventure,Hidden Object,Point & Click,Female Protagonist,69.0
5942,502820,Batman™: Arkham VR,VR,Adventure,Superhero,Short,Horror,65.0
5943,504000,Endless Fables: The Minotaur's Curse,Casual,Hidden Object,Adventure,Point & Click,Female Protagonist,90.0
5944,504880,Pixel Puzzles 2: RADical ROACH,Casual,Indie,Action,Adventure,Simulation,81.0
5945,517360,The Secret Order 4: Beyond Time,Adventure,Casual,Hidden Object,Puzzle,Point & Click,65.0
5946,539750,Kombine,Puzzle,2D,Minimalist,Match 3,Singleplayer,78.0
5947,558780,Sonya: The Great Adventure,Casual,Adventure,Indie,Hidden Object,Puzzle,72.0
5948,558790,Queen's Quest 2: Stories of Forgotten Past,Adventure,Casual,Hidden Object,Fantasy,Point & Click,93.0
5949,560740,Shtriga: Summer Camp,Adventure,Casual,Hidden Object,Point & Click,Singleplayer,74.0
5950,560820,The Saint: Abyss of Despair,Casual,Adventure,Hidden Object,Point & Click,Singleplayer,64.0
5951,568750,Pastry Lovers,Otome,Visual Novel,Dating Sim,Simulation,RPG,71.0
5952,572010,No Way Out,Action,Adventure,Indie,Open World,Female Protagonist,41.0
5953,578330,LEGO® City Undercover,LEGO,Open World,Action,Adventure,Co-op,90.0
5954,582890,Estranged: The Departure,Early Access,Adventure,Action,Indie,Casual,84.0
5955,585550,FEMINAZI: The Triggering,Memes,Indie,Casual,Action,Simulation,80.0
5956,615350,Scarlett Mysteries: Cursed Child,Adventure,Casual,Hidden Object,Female Protagonist,Point & Click,89.0
5957,621080,Persian Nights: Sands of Wonders,Adventure,Casual,Hidden Object,Point & Click,Singleplayer,90.0
5958,623550,Timen runner,Indie,Casual,Platformer,2D,Pixel Graphics,66.0
5959,637060,Tiny Tales: Heart of the Forest,Adventure,Casual,Hidden Object,Point & Click,Family Friendly,79.0
5960,662190,The Secret Order 6: Bloodline,Casual,Adventure,Hidden Object,Point & Click,Female Protagonist,92.0
5961,677020,Eventide 3: Legacy of Legends,Casual,Hidden Object,Adventure,Atmospheric,Female Protagonist,81.0
5962,678970,Modern Tales: Age of Invention,Adventure,Casual,Hidden Object,Female Protagonist,Point & Click,90.0
5963,699780,Endless Fables 2: Frozen Path,Adventure,Casual,Hidden Object,Point & Click,Female Protagonist,94.0
5964,704850,Thief Simulator,Simulation,Stealth,Singleplayer,Crime,First-Person,88.0
5965,725780,PLAY WITH ME,Mystery,Atmospheric,Puzzle,Point & Click,Singleplayer,62.0
5966,587860,Tales of Escape,Puzzle,Free to Play,Co-op,Multiplayer,Horror,61.0
5967,829110,LEGO® DC Super-Villains,LEGO,Action,Adventure,Villain Protagonist,Open World,91.0
5968,1089660,Queen's Quest 5: Symphony of Death,Adventure,Casual,Hidden Object,Fantasy,2D,79.0
5969,1104380,The Room VR: A Dark Matter,Adventure,Puzzle,VR,Mystery,Investigation,97.0
5970,1850570,DEATH STRANDING DIRECTOR'S CUT,Story Rich,Open World,Walking Simulator,Atmospheric,Great Soundtrack,92.0
5971,10090,Call of Duty: World at War,Zombies,World War II,FPS,Multiplayer,Action,92.0
5972,1401590,Disney Dreamlight Valley,Relaxing,Life Sim,Character Customization,Exploration,Adventure,91.0
5973,1888930,The Last of Us™ Part I,Story Rich,Shooter,Post-apocalyptic,Action-Adventure,Horror,74.0
5974,252430,Dusty Revenge,Action,Beat 'em up,Platformer,Local Co-Op,Co-op,48.0
5975,266430,Anarchy Arcade,Free to Play,Sandbox,Indie,Multiplayer,Simulation,68.0
5976,272620,Serious Sam's Bogus Detour,Action,Indie,Pixel Graphics,Top-Down Shooter,Gore,79.0
5977,302850,Team Indie,Indie,Action,Platformer,Puzzle,2D,47.0
5978,303910,Time of Fury,Strategy,Simulation,World War II,,,63.0
5979,38410,Fallout 2,RPG,Post-apocalyptic,Classic,Isometric,Open World,94.0
5980,296470,Mount Your Friends,Funny,Comedy,Multiplayer,Sports,Indie,95.0
5981,335210,Rift's Cave,VR,Adventure,Indie,Exploration,Fantasy,65.0
5982,270810,Jones On Fire,Runner,Cats,Cute,Side Scroller,Racing,82.0
5983,346670,Sky Battles,Action,Indie,Strategy,Flight,Simulation,68.0
5984,356500,STAR WARS™ Galactic Battlegrounds Saga,Strategy,RTS,Action,Multiplayer,Singleplayer,92.0
5985,365400,Spoko and Poko,Action,Casual,Indie,Adventure,RPG,70.0
5986,378850,Galagan's Island: Reprymian Rising,Action,Indie,Early Access,Casual,Shoot 'Em Up,88.0
5987,392410,ToyOdyssey,Adventure,Action,Indie,Platformer,Metroidvania,68.0
5988,402980,Osteya,Indie,Casual,Action,Adventure,Platformer,58.0
5989,420290,Blackwake,Pirates,Multiplayer,Naval Combat,Naval,Team-Based,80.0
5990,420360,Spectrum,Adventure,Indie,Platformer,Abstract,Minimalist,100.0
5991,429720,IMSCARED,Horror,Indie,Pixel Graphics,Psychological Horror,Adventure,94.0
5992,434530,Flobe,Strategy,Casual,Early Access,Indie,Puzzle,86.0
5993,440790,Spellbind,Adventure,Indie,Casual,Point & Click,,73.0
5994,409660,Angry Video Game Nerd II: ASSimilation,Action,Indie,Adventure,Platformer,Gore,92.0
5995,460700,Song of the Deep,Adventure,Metroidvania,Underwater,Female Protagonist,Action,84.0
5996,464960,Hiiro,Adventure,Casual,Indie,Platformer,2D,89.0
5997,465190,Space Survival,Action,Indie,Adventure,Space,Survival,49.0
5998,467090,A Game of Changes,Puzzle,3D Platformer,Logic,Adventure,Platformer,72.0
5999,474050,Candy Blast,Clicker,Puzzle,Indie,Casual,Singleplayer,77.0
6000,504770,Slavistan,Action,Memes,Pixel Graphics,Beat 'em up,Dating Sim,90.0
6001,512410,69 Ways to Kill a Zombie,VR,Zombies,FPS,Fighting,Indie,67.0
6002,525300,Starship Annihilator,Indie,Action,Shoot 'Em Up,,,75.0
6003,541920,Help,Action,Adventure,Indie,Horror,Strategy,54.0
6004,549100,GravNewton,Side Scroller,Precision Platformer,2D Platformer,Difficult,Platformer,78.0
6005,552780,Dexodonex,Casual,Indie,Puzzle,,,90.0
6006,562600,Our Wonderful World,Indie,Casual,,,,75.0
6007,566560,Fighters Unleashed,Action,Indie,Adventure,Beat 'em up,,61.0
6008,567980,Santa Rockstar Steam Edition,Casual,Indie,Music,Rhythm,Singleplayer,80.0
6009,576480,Drunken Fight Simulator,Action,Indie,Simulation,Fighting,Physics,72.0
6010,601180,Doug and Lily,Indie,Action,Adventure,Platformer,Casual,81.0
6011,603090,Dream Stone,Adventure,Indie,Puzzle,Walking Simulator,Exploration,63.0
6012,622170,Offensive Combat: Redux!,Action,Multiplayer,Shooter,FPS,Memes,68.0
6013,587970,Dead Drop,Action,Strategy,Indie,Casual,Local Multiplayer,84.0
6014,626680,Kreedz Climbing,Free to Play,Racing,Indie,Parkour,Sports,82.0
6015,757240,Aimtastic,Free to Play,Early Access,Action,FPS,Indie,93.0
6016,857980,Void Bastards,FPS,Action Roguelike,Singleplayer,Shooter,Immersive Sim,86.0
6017,958400,Project CARS 3,Racing,Arcade,Action,Sports,Automobile Sim,53.0
6018,1557740,ROUNDS,Multiplayer,Fighting,Local Multiplayer,2D Fighter,Deckbuilding,95.0
6019,1608640,OTXO,Action Roguelike,Violent,Top-Down Shooter,Bullet Time,Shoot 'Em Up,93.0
6020,1151050,Golf Gang,Mini Golf,PvP,Multiplayer,Racing,Arcade,85.0
6021,2181610,Heretic's Fork,Deckbuilding,Tower Defense,Arcade,Strategy,Action,86.0
6022,651670,Star Renegades,Roguelike,Pixel Graphics,Turn-Based,Roguelite,Singleplayer,83.0
6023,2478970,Tomb Raider I-III Remastered Starring Lara Croft,Action,Action-Adventure,Female Protagonist,Old School,Exploration,88.0
6024,11260,Pacific Storm: Allies,Strategy,Simulation,Naval Combat,World War II,Naval,57.0
6025,209370,Analogue: A Hate Story,Visual Novel,Anime,Indie,Sci-fi,Story Rich,94.0
6026,263540,Villagers and Heroes,Free to Play,Massively Multiplayer,RPG,Open World,Multiplayer,60.0
6027,335690,dUpLicity ~Beyond the Lies~,Visual Novel,Otome,Indie,Casual,Simulation,57.0
6028,336710,Supreme League of Patriots Issue 2: Patriot Frames,Adventure,Indie,Point & Click,Superhero,Comedy,72.0
6029,336730,Supreme League of Patriots Issue 3: Ice Cold in Ellis,Adventure,Indie,Superhero,Point & Click,Comedy,45.0
6030,344440,Sacra Terra: Angelic Night,Casual,Adventure,Hidden Object,Point & Click,Singleplayer,90.0
6031,345060,Stay Alight,Casual,Indie,Action,Puzzle,,80.0
6032,363410,Always The Same Blue Sky...,Choose Your Own Adventure,Visual Novel,Interactive Fiction,Dating Sim,Female Protagonist,79.0
6033,372330,Beauty Bounce,Sexual Content,Indie,Adventure,Casual,Visual Novel,70.0
6034,374950,ADventure Lib,Adventure,Indie,Point & Click,2D,Short,47.0
6035,383670,That Old Time Religion,Indie,Casual,Visual Novel,Choose Your Own Adventure,Noir,68.0
6036,388390,"""Glow Ball"" - The billiard puzzle game",Pool,Logic,Atmospheric,Beautiful,Puzzle,55.0
6037,391340,Ferrum's Secrets: where is grandpa?,Adventure,Casual,Indie,Hidden Object,,42.0
6038,399230,Kitchen Simulator 2015,Simulation,Adventure,Strategy,Action,Female Protagonist,41.0
6039,415400,Cross Set,Casual,Indie,Puzzle,,,77.0
6040,416630,True Lover's Knot,Visual Novel,Anime,Great Soundtrack,Story Rich,Match 3,40.0
6041,429780,Bunny Hop League,Indie,Sports,Parkour,Fast-Paced,Multiplayer,73.0
6042,430080,Elysium: Blood Games,Sports,Indie,Casual,Simulation,Strategy,53.0
6043,441670,Jelly Killer,Indie,Casual,Action,Adventure,Platformer,80.0
6044,444490,POLYWAR,Indie,Action,Massively Multiplayer,FPS,,72.0
6045,445550,Watson's Watch,RPG,Indie,Early Access,Casual,RPGMaker,
6046,446380,Sophie's Curse,Horror,Survival Horror,Psychological Horror,Point & Click,Difficult,84.0
6047,449760,Tenrow,Indie,Casual,Puzzle,,,75.0
6048,450650,Polyology,Indie,Sokoban,Puzzle,Great Soundtrack,,100.0
6049,457490,"Forgotten, Not Lost - A Kinetic Novel",Casual,Visual Novel,Indie,Simulation,RPG,89.0
6050,459130,Love in the Glen,Indie,Visual Novel,Casual,Simulation,Otome,67.0
6051,463030,Bottle,Adventure,Casual,Walking Simulator,First-Person,Atmospheric,63.0
6052,463110,Farnham Fables,Adventure,Indie,Casual,Nudity,Memes,72.0
6053,476410,One Small Fire At A Time,Indie,Casual,Adventure,Visual Novel,Anime,100.0
6054,482890,Fantasy Kingdom Simulator,Casual,Simulation,Strategy,Indie,Abstract,44.0
6055,503830,The Life Of Greather,Adventure,RPG,Indie,Violent,Gore,63.0
6056,503900,Candy Smash VR,VR,Action,3D Fighter,Sports,Casual,76.0
6057,512740,Flat Path,Indie,Casual,Puzzle,Relaxing,Minimalist,87.0
6058,521130,Dots eXtreme,Casual,Strategy,Indie,Puzzle,Board Game,88.0
6059,523730,Sweet Volley High,Sexual Content,Nudity,Visual Novel,Indie,Casual,56.0
6060,525690,MMM: Murder Most Misfortunate,Adventure,Indie,Casual,Visual Novel,Mystery,83.0
6061,539440,Citalis,Casual,Indie,Simulation,Clicker,,56.0
6062,542200,Animal Lover,Indie,Casual,Simulation,Visual Novel,Otome,88.0
6063,546490,Heart and Seoul,Visual Novel,Casual,Simulation,Anime,Otome,52.0
6064,551520,Last Days of Spring 2,Indie,Casual,Visual Novel,Simulation,Otome,53.0
6065,446600,Magi Trials,Adventure,Indie,Casual,Visual Novel,Nudity,81.0
6066,563520,When Our Journey Ends - A Visual Novel,Visual Novel,Casual,Simulation,Indie,Anime,70.0
6067,568200,Duo,Casual,Indie,Puzzle,,,90.0
6068,575680,Square n Fair,Casual,Indie,Puzzle,Puzzle Platformer,2D,86.0
6069,582290,Rest House,Adventure,Puzzle,Horror,Psychological Horror,Dark Fantasy,
6070,584800,Civil War: Battle of Petersburg,Strategy,Wargame,America,War,Hex Grid,81.0
6071,588710,Neighboring Islands,Adventure,Indie,Interactive Fiction,Choices Matter,Casual,72.0
6072,598940,Doodle Mafia,Indie,Casual,Simulation,Puzzle,Singleplayer,75.0
6073,600600,MakeThatMoney,Simulation,Casual,Top-Down,Capitalism,Text-Based,
6074,601570,Fix Me Fix You,Sexual Content,Visual Novel,Indie,Casual,Simulation,72.0
6075,610750,Games&Girls,Visual Novel,Sexual Content,Anime,Casual,Adventure,76.0
6076,625370,A SECOND BEFORE US,Adventure,Indie,Exploration,Atmospheric,Walking Simulator,56.0
6077,681660,Bless Online,MMORPG,Massively Multiplayer,RPG,Adventure,Open World,37.0
6078,1229240,Chained Echoes,RPG,Pixel Graphics,Indie,Turn-Based,JRPG,90.0
6079,1325860,VTube Studio,Indie,Mature,Anime,Animation & Modeling,NSFW,92.0
6080,15710,Oddworld: Abe's Exoddus,Platformer,Adventure,2D,Dark,Puzzle,94.0
6081,17440,Spore: Creepy & Cute Parts Pack,Simulation,God Game,Open World,Singleplayer,Adventure,89.0
6082,11240,Space Trader: Merchant Marine,FPS,Colony Sim,Shooter,Character Customization,Strategy,52.0
6083,48210,The Settlers 7: Paths to a Kingdom - Gold Edition,,,,,,
6084,70660,Worms Pinball,Pinball,Casual,Arcade,Singleplayer,Retro,64.0
6085,208200,DOOM 3: BFG Edition,FPS,Horror,Action,Shooter,Classic,85.0
6086,247910,Sniper Elite: Nazi Zombie Army 2,Zombies,Action,Co-op,Adventure,Third-Person Shooter,84.0
6087,264540,Platformines,Action Roguelike,Action,Platformer,Indie,2D,75.0
6088,249380,Carmageddon: Reincarnation,,,,,,
6089,297860,Split/Second,Racing,Action,Destruction,Split Screen,Multiplayer,81.0
6090,282010,Carmageddon Max Pack,Combat Racing,Racing,Gore,Action,Classic,85.0
6091,316660,Toast Time,Arena Shooter,Side Scroller,Shoot 'Em Up,Real Time Tactics,Puzzle,85.0
6092,322920,theHunter: Primal,Dinosaurs,Survival,Open World,Multiplayer,Hunting,58.0
6093,333420,Cossacks 3,Strategy,RTS,War,Multiplayer,Historical,81.0
6094,361420,ASTRONEER,Multiplayer,Open World,Open World Survival Craft,Space,Survival,92.0
6095,386070,Planetary Annihilation: TITANS,RTS,Strategy,Real Time Tactics,Multiplayer,Base Building,85.0
6096,403190,Planetbase,Colony Sim,City Builder,Base Building,Space,Strategy,79.0
6097,405500,Dangerous Golf,Sports,Action,Indie,Golf,Destruction,72.0
6098,459220,Halo Wars: Definitive Edition,Strategy,RTS,Base Building,Multiplayer,Sci-fi,91.0
6099,485870,Super Duper Party Pooper,Casual,Indie,Strategy,Simulation,Memes,81.0
6100,591370,Production Line,Management,Simulation,Strategy,Economy,Building,81.0
6101,914010,Train Station Renovation,Simulation,Casual,Indie,Trains,First-Person,84.0
6102,933110,Age of Empires III: Definitive Edition,Strategy,Base Building,RTS,Multiplayer,Military,84.0
6103,1017900,Age of Empires: Definitive Edition,Strategy,RTS,Multiplayer,City Builder,Base Building,83.0
6104,1062090,Timberborn,City Builder,Voxel,Colony Sim,Nature,Sandbox,95.0
6105,1106840,Hydroneer,Base Building,Mining,Sandbox,Automation,Co-op,87.0
6106,1206560,WorldBox - God Simulator,Sandbox,God Game,Pixel Graphics,Simulation,Colony Sim,94.0
6107,1366540,Dyson Sphere Program,Space,Automation,Base Building,Building,Open World,97.0
6108,1457320,Techtonica,Automation,Simulation,Building,Base Building,Strategy,75.0
6109,1509510,Settlement Survival,City Builder,Building,Colony Sim,Survival,Management,87.0
6110,1466860,Age of Empires IV: Anniversary Edition,Strategy,RTS,Base Building,War,Multiplayer,86.0
6111,2068280,Nordic Ashes,Action Roguelike,Bullet Hell,Roguelite,Early Access,Arena Shooter,88.0
6112,916440,Anno 1800,City Builder,Strategy,Simulation,Economy,Multiplayer,82.0
6113,2239150,Thronefall,Tower Defense,Strategy,City Builder,Minimalist,Medieval,96.0
6114,1934680,Age of Mythology: Retold,Strategy,RTS,Mythology,Action RTS,Base Building,89.0
6115,24720,Spore: Galactic Adventures,Simulation,Action,Space,Adventure,Exploration,88.0
6116,412830,STEINS;GATE,Visual Novel,Story Rich,Anime,Time Travel,Sci-fi,97.0
6117,647830,LEGO® MARVEL Super Heroes 2,LEGO,Multiplayer,Superhero,Open World,Co-op,87.0
6118,1173770,FINAL FANTASY,JRPG,RPG,Pixel Graphics,Turn-Based Combat,Party-Based RPG,94.0
6119,1173820,FINAL FANTASY VI,RPG,2D,Singleplayer,JRPG,Adventure,90.0
6120,569860,Thimbleweed Park,Adventure,Point & Click,Pixel Graphics,Indie,Puzzle,93.0
6121,7940,Call of Duty 4: Modern Warfare (2007),FPS,Action,Multiplayer,Shooter,Singleplayer,93.0
6122,260410,Get Off My Lawn!,Free to Play,Casual,Indie,Shooter,Tower Defense,73.0
6123,270370,Lambda Wars,Free to Play,Strategy,RTS,Multiplayer,Mod,92.0
6124,346330,BrainBread 2,Free to Play,Zombies,Multiplayer,FPS,Survival,73.0
6125,355180,Codename CURE,Free to Play,Zombies,Multiplayer,Shooter,Survival,84.0
6126,1274570,DEVOUR,Horror,Online Co-Op,Multiplayer,Survival Horror,Sexual Content,91.0
6127,1361000,In Silence,Horror,Multiplayer,Online Co-Op,Survival Horror,Co-op,77.0
6128,272860,Wreckfest Throw-A-Santa + Sneak Peek 2.0,,,,,,
6129,320300,Car Mechanic Simulator 2015,Automobile Sim,Simulation,Singleplayer,Building,Driving,92.0
6130,512300,Unbox,Adventure,Open World,3D Platformer,Action,Indie,88.0
6131,16600,Trials 2: Second Edition,Racing,Indie,Sports,Difficult,Physics,84.0
6132,3540,Peggle Nights,Casual,Puzzle,Singleplayer,Addictive,2D,96.0
6133,15500,The Wonderful End of the World,Indie,Casual,Action,Singleplayer,Short,78.0
6134,62100,Chime,Casual,Puzzle,Music,Great Soundtrack,Rhythm,94.0
6135,2450,Bloody Good Time,Action,Multiplayer,FPS,Comedy,Funny,78.0
6136,63200,Monday Night Combat,Hero Shooter,Action,Third-Person Shooter,MOBA,Indie,80.0
6137,257710,Max Gentlemen,Free to Play,Indie,Casual,Funny,Multiplayer,86.0
6138,263760,Turbo Dismount,Funny,Simulation,Physics,Destruction,Singleplayer,93.0
6139,272040,KAMI,Puzzle,Casual,Indie,Relaxing,2D,95.0
6140,285580,ACE - Arena: Cyber Evolution,Early Access,Free to Play,Sports,Multiplayer,Action,
6141,47000,4 Elements,Casual,Puzzle,Match 3,Adventure,Hidden Object,88.0
6142,317280,Solstice,Visual Novel,Choices Matter,Story Rich,Choose Your Own Adventure,Multiple Endings,82.0
6143,366210,Sleep Attack,Tower Defense,PvE,Strategy,2D,Cute,75.0
6144,425410,Road to Ballhalla,Comedy,Funny,Narration,Rhythm,Puzzle Platformer,85.0
6145,2920570,Dale & Dawson Stationery Supplies,Casual,3D,Multiplayer,Social Deduction,First-Person,92.0
6146,332800,Five Nights at Freddy's 2,Horror,Singleplayer,Survival Horror,Robots,Psychological Horror,94.0
6147,230290,Universe Sandbox,Sandbox,Space,Simulation,Physics,Science,96.0
6148,32390,STAR WARS™ Jedi Knight: Mysteries of the Sith™,Action,FPS,Sci-fi,Singleplayer,Third Person,65.0
6149,261430,AION Free-to-Play,Free to Play,MMORPG,Massively Multiplayer,RPG,Open World,54.0
6150,15210,Silent Hunter III,Naval Combat,Simulation,Submarine,World War II,Naval,87.0
6151,3720,Evil Genius,Base Building,Strategy,Villain Protagonist,Comedy,Singleplayer,94.0
6152,507380,Black Sand Drift,Casual,Indie,Shoot 'Em Up,,,62.0
6153,669330,Mechabellum,Strategy,Mechs,Auto Battler,Robots,Wargame,85.0
6154,718560,Scythe: Digital Edition,Board Game,Strategy,Turn-Based,Multiplayer,4X,90.0
6155,16700,Stronghold Crusader Extreme HD,,,,,,
6156,1142710,Total War: WARHAMMER III,Strategy,Turn-Based Strategy,Grand Strategy,RTS,Fantasy,69.0
6157,1068820,OVR Toolkit,Utilities,VR,Software,,,88.0
6158,1911610,Windblown,Early Access,Action,Action Roguelike,Indie,Hack and Slash,89.0
6159,211010,Alien Shooter 2 Conscription,Action,Indie,RPG,Gore,Shooter,80.0
6160,253710,theHunter Classic,Free to Play,Hunting,Multiplayer,Open World,Simulation,57.0
6161,21000,LEGO® Batman™: The Videogame,LEGO,Action,Adventure,Local Co-Op,Superhero,89.0
6162,525040,The Disney Afternoon Collection,Retro,Classic,Platformer,Action,2D,88.0
6163,1022450,War Selection,Strategy,Base Building,Free to Play,RTS,Multiplayer,86.0
6164,4770,Rome: Total War - Alexander,Strategy,RTS,Historical,Grand Strategy,Rome,75.0
6165,211740,Thief™ II: The Metal Age,Stealth,Classic,Steampunk,Atmospheric,First-Person,94.0
6166,439700,H1Z1: Test Server,Massively Multiplayer,Survival,Free to Play,Multiplayer,Shooter,51.0
6167,316260,Disney Universe,Family Friendly,Cartoony,Adventure,Action,Co-op,83.0
6168,365020,Gynophobia,Horror,Survival Horror,Psychological Horror,Action,Atmospheric,66.0
6169,416550,Rubber Ducky and the Rainbow Gun,Indie,Action,,,,88.0
6170,429700,Squirbs,Indie,Adventure,Action,Platformer,Anime,65.0
6171,433170,Die Young,Open World,Adventure,Action,First-Person,Parkour,79.0
6172,495350,Woodle Tree 2: Worlds,Adventure,Action,Massively Multiplayer,Open World,3D Platformer,63.0
6173,525070,Captain Lycop: Invasion of the Heters,Indie,Action,Adventure,,,70.0
6174,543260,Wonder Boy: The Dragon's Trap,Platformer,Adventure,Action,Remake,Indie,86.0
6175,792220,Paunch,Psychological Horror,Sexual Content,Hentai,Nudity,Multiplayer,89.0
6176,834910,ATLAS,Survival,Open World,Pirates,Sailing,Adventure,47.0
6177,1022710,Conglomerate 451,RPG,Indie,Cyberpunk,Dungeon Crawler,Grid-Based Movement,64.0
6178,431930,Kabounce,Action,Sports,Indie,Multiplayer,Pinball,89.0
6179,296220,Farm Frenzy 4,Casual,Farming Sim,Strategy,Adventure,Agriculture,79.0
6180,1084600,My Time at Sandrock,Life Sim,Building,Farming Sim,Multiplayer,Sandbox,87.0
6181,1419170,My Singing Monsters,Creature Collector,Simulation,Casual,Farming Sim,Colony Sim,93.0
6182,95500,Your Doodles Are Bugged!,,,,,,
6183,58400,Turba,Casual,Indie,Music,Match 3,Music-Based Procedural Generation,40.0
6184,23700,Puzzle Kingdoms,Casual,Puzzle,Match 3,RPG,Fantasy,61.0
6185,303680,FATE: The Traitor Soul,RPG,Action,Adventure,Dungeon Crawler,Action RPG,94.0
6186,331610,Movie Studio Boss: The Sequel,Simulation,Casual,Indie,,,21.0
6187,334040,Down To One,Action,Survival,Open World,Multiplayer,Battle Royale,36.0
6188,345640,Block Legend DX,Adventure,RPG,Puzzle,Match 3,,63.0
6189,374240,Eternal Step,Indie,RPG,Action,Difficult,Adventure,62.0
6190,427770,Pills4Skills,Action,Indie,Puzzle Platformer,Psychedelic,,80.0
6191,428830,Save the Dodos,Indie,Casual,Puzzle,Family Friendly,2D,90.0
6192,456690,Weather Lord: Following the Princess Collector's Edition,Casual,Strategy,Adventure,Time Management,Resource Management,
6193,485560,POPixel,Indie,Casual,Action,Adventure,Pixel Graphics,90.0
6194,530520,Aegis,Action,Indie,Mechs,Open World,Post-apocalyptic,50.0
6195,447020,Farming Simulator 17,Farming Sim,Simulation,Automobile Sim,Multiplayer,Agriculture,93.0
6196,542930,Painted Memories,Action,Adventure,Indie,Action-Adventure,Atmospheric,70.0
6197,559210,Rakuen,Story Rich,Emotional,Puzzle,Cute,JRPG,96.0
6198,610670,Alchemyland ,Early Access,Indie,Adventure,Casual,RPG,39.0
6199,809880,Degrees of Separation,Local Co-Op,Puzzle Platformer,2D Platformer,Story Rich,Co-op,84.0
6200,916100,Telefrag VR,VR,Arena Shooter,FPS,Casual,PvP,69.0
6201,851850,DRAGON BALL Z: KAKAROT,Action,RPG,Anime,Multiplayer,Open World,92.0
6202,1202690,Sex with the Devil,Sexual Content,Nudity,Mature,NSFW,Violent,77.0
6203,1390350,Webbed,2D Platformer,Cute,Pixel Graphics,Physics,Puzzle Platformer,97.0
6204,57200,Puzzle Dimension,Puzzle,Indie,Casual,Singleplayer,Logic,90.0
6205,303210,The Beginner's Guide,Walking Simulator,Story Rich,Narration,Indie,Atmospheric,88.0
6206,384300,CPUCores :: Maximize Your FPS,Utilities,Software,Gaming,Hardware,FPS,74.0
6207,426190,Miner Meltdown,Action,Indie,Multiplayer,2D,Platformer,68.0
6208,503580,Duck Season,Horror,VR,Psychological Horror,Action,Indie,84.0
6209,527790,Cranium Conundrum,Casual,Early Access,Adventure,Indie,,50.0
6210,552440,The Talos Principle VR,Adventure,VR,Puzzle,Action,Indie,83.0
6211,587430,I Expect You To Die,VR,Puzzle,Strategy,Action,Immersive,95.0
6212,485860,Impossible Quest,Casual,Indie,Adventure,Choose Your Own Adventure,Choices Matter,72.0
6213,813230,ANIMAL WELL,Exploration,Metroidvania,Puzzle,Puzzle Platformer,Pixel Graphics,95.0
6214,787040,Perfect Heist,Multiplayer,Action,Heist,Indie,Strategy,75.0
6215,241640,Haunted Memories,,,,,,
6216,310370,The Way of Life Free Edition,Free to Play,Walking Simulator,Indie,First-Person,Singleplayer,74.0
6217,344760,Reign Of Kings,Open World Survival Craft,Survival,Open World,Medieval,Multiplayer,57.0
6218,1943950,Escape the Backrooms,Horror,Multiplayer,Online Co-Op,Psychological Horror,Co-op,91.0
6219,1961460,Project Playtime,Multiplayer,Horror,Survival Horror,Online Co-Op,Puzzle,78.0
6220,1721470,Poppy Playtime,Horror,Free to Play,Singleplayer,Puzzle,First-Person,83.0
6221,481510,Night in the Woods,Story Rich,Adventure,Atmospheric,Stylized,Exploration,94.0
6222,484830,Deep Blue,Action,Adventure,Indie,Casual,VR,77.0
6223,607260,McOsu,Rhythm,Free to Play,Anime,Music,VR,88.0
6224,1304930,The Outlast Trials,Horror,Multiplayer,Co-op,Survival Horror,Psychological Horror,93.0
6225,343560,Bob Was Hungry,Indie,Platformer,Co-op,Difficult,3D Platformer,87.0
6226,918570,Century: Age of Ashes,Free to Play,Dragons,Multiplayer,Action,Team-Based,74.0
6227,1280,Darkest Hour: Europe '44-'45,Action,World War II,Simulation,FPS,Multiplayer,90.0
6228,2630,Call of Duty 2,World War II,Action,FPS,Multiplayer,Singleplayer,93.0
6229,3970,Prey,,,,,,
6230,10700,Speedball 2: Tournament,,,,,,
6231,12340,Jack Keane,Adventure,Point & Click,Comedy,Puzzle,,60.0
6232,22340,Call of Cthulhu: Dark Corners of the Earth,Lovecraftian,Horror,First-Person,Survival Horror,Atmospheric,67.0
6233,6010,Indiana Jones and the Fate of Atlantis,Adventure,Point & Click,Classic,1990's,Singleplayer,93.0
6234,32310,Indiana Jones and the Last Crusade,Adventure,Point & Click,Pixel Graphics,Classic,1980s,77.0
6235,32340,Loom,Adventure,Point & Click,Classic,Fantasy,Puzzle,89.0
6236,34000,Football Manager 2010,,,,,,
6237,3170,King's Bounty: Armored Princess,RPG,Turn-Based Strategy,Strategy,Fantasy,Female Protagonist,91.0
6238,46410,Avencast,Action Roguelike,Hack and Slash,Dungeon Crawler,Action RPG,Action-Adventure,77.0
6239,27920,Booster Trooper,Action,Indie,Platformer,Multiplayer,Shooter,49.0
6240,32460,Monkey Island 2: Special Edition,Point & Click,Adventure,Comedy,Classic,Remake,95.0
6241,34220,Football Manager 2011,Simulation,Sports,,,,100.0
6242,24670,Trainz Simulator 12,Simulation,Trains,Multiplayer,Singleplayer,Realistic,78.0
6243,11370,Nikopol: Secrets of the Immortals,Choose Your Own Adventure,Point & Click,Adventure,Dystopian,Comic Book,59.0
6244,65700,Arma 2: British Armed Forces,Simulation,Action,Strategy,FPS,Realistic,85.0
6245,65720,Arma 2: Private Military Company,Simulation,Action,Strategy,Military,Tactical,82.0
6246,58510,Cities XL 2011,,,,,,
6247,116120,Lightfish,Indie,Casual,Action,Puzzle,Arcade,90.0
6248,42990,Sword of the Stars II: Enhanced Edition,Strategy,4X,Space,Sci-fi,Singleplayer,44.0
6249,70650,Worms Blast,Casual,Strategy,Puzzle,Arcade,2D,66.0
6250,115120,Iron Brigade,Action,Strategy,Tower Defense,Mechs,Co-op,85.0
6251,200020,Global Ops: Commando Libya,Action,Third-Person Shooter,Third Person,Shooter,,46.0
6252,110400,inMomentum,Racing,Indie,Parkour,Fast-Paced,First-Person,89.0
6253,201290,Sins of a Solar Empire: Trinity,4X,PvP,PvE,Real-Time,Strategy,78.0
6254,23530,Earth Defense Force: Insect Armageddon,Action,Third-Person Shooter,Co-op,Robots,Online Co-Op,88.0
6255,204140,All Zombies Must Die!,,,,,,
6256,7650,X-COM: Terror from the Deep,Strategy,Turn-Based,Turn-Based Strategy,Sci-fi,Classic,92.0
6257,12810,Overlord II,RPG,Villain Protagonist,Fantasy,Singleplayer,Dark Fantasy,89.0
6258,204120,LEGO® Harry Potter: Years 5-7,LEGO,Adventure,Magic,Local Co-Op,Family Friendly,89.0
6259,207890,Football Manager 2013,,,,,,
6260,65740,Carrier Command: Gaea Mission,Strategy,Action,RTS,Naval Combat,Sci-fi,51.0
6261,201760,Cities XL 2012,,,,,,
6262,105430,Age of Empires Online,,,,,,
6263,217750,Age of Conan: Unchained,Free to Play,Massively Multiplayer,RPG,Adventure,Action,69.0
6264,223750,DCS World Steam Edition,Simulation,Flight,Free to Play,Multiplayer,Military,85.0
6265,227100,Sniper Elite: Nazi Zombie Army,Zombies,Action,Co-op,Sniper,Third-Person Shooter,88.0
6266,6600,Bullet Candy,Indie,Casual,Twin Stick Shooter,Shoot 'Em Up,Arcade,47.0
6267,229890,Joe Danger,Racing,Indie,Action,Casual,Arcade,79.0
6268,249680,Marlow Briggs,Action,Spectacle fighter,Hack and Slash,Adventure,Character Action Game,90.0
6269,252750,MouseCraft,Indie,Casual,Strategy,Adventure,Puzzle,86.0
6270,217920,Alien Rage - Unlimited,Action,Shooter,FPS,First-Person,Sci-fi,69.0
6271,247430,Hitman: Contracts,Stealth,Action,Assassin,Singleplayer,Third Person,86.0
6272,259130,Wasteland 1 - The Original Classic,RPG,Post-apocalyptic,Classic,Turn-Based,Adventure,79.0
6273,259870,OMG Zombies!,Puzzle,Horror,Casual,Arcade,Shooter,80.0
6274,263960,Wyv and Keep: The Temple of the Lost Idol,Action,Indie,Adventure,Platformer,Puzzle,
6275,265400,FX Football - The Manager for Every Football Fan,,,,,,
6276,267340,Beware Planet Earth,Tower Defense,Casual,Indie,Singleplayer,Family Friendly,78.0
6277,267730,Ground Pounders,Strategy,Indie,Turn-Based Strategy,Sci-fi,Turn-Based,35.0
6278,268320,Grapple,Indie,3D Platformer,Puzzle Platformer,Platformer,Puzzle,89.0
6279,270850,Car Mechanic Simulator 2014,Automobile Sim,Simulation,Singleplayer,Education,First-Person,82.0
6280,244430,realMyst: Masterpiece Edition,Adventure,Puzzle,Point & Click,Exploration,Mystery,88.0
6281,280180,Hover,Singleplayer,Action,Adventure,Parkour,Indie,82.0
6282,282560,RollerCoaster Tycoon World,Simulation,Building,Management,Strategy,Sandbox,25.0
6283,285480,The Entente Gold,Strategy,World War I,RTS,Historical,Singleplayer,47.0
6284,285520,Sledgehammer / Gear Grinder,Racing,Action,Shooter,,,80.0
6285,289220,BorderZone,RPG,Action,Action RPG,,,50.0
6286,293540,Guns and Robots,Free to Play,Action,Robots,Multiplayer,Shooter,65.0
6287,234530,War of the Vikings,,,,,,
6288,295990,Evopollution,Strategy,Indie,Simulation,,,32.0
6289,296240,The Promised Land,Casual,Colony Sim,Strategy,Adventure,Simulation,86.0
6290,296280,TownCraft,Indie,Simulation,Strategy,City Builder,,47.0
6291,297080,Navpoint,Strategy,Indie,Casual,,,41.0
6292,299800,The Land of Eyas,Indie,Action,Puzzle Platformer,,,76.0
6293,300360,Evil Pumpkin: The Lost Halloween,Casual,Adventure,Hidden Object,Point & Click,Puzzle,57.0
6294,301150,The Treasures of Montezuma 4,Casual,Match 3,Adventure,Indie,Atmospheric,81.0
6295,302470,Battle Mages,RPG,Strategy,Cult Classic,RTS,Fantasy,74.0
6296,302490,Ballad of Solar,Casual,Adventure,Strategy,Time Management,Atmospheric,87.0
6297,302670,Call to Arms,Strategy,Military,Action,RTS,Multiplayer,80.0
6298,6310,The Longest Journey,Adventure,Point & Click,Story Rich,Female Protagonist,Classic,89.0
6299,306200,The Happy Hereafter,Casual,Strategy,Simulation,,,78.0
6300,307210,Will Fight for Food: Super Actual Sellout: Game of the Hour,Action,Indie,RPG,Beat 'em up,Funny,
6301,307430,Othello,Strategy,Casual,Indie,Board Game,,71.0
6302,308560,City Quest,Adventure,Indie,Point & Click,Comedy,Dark Comedy,73.0
6303,311060,Battle Mages: Sign of Darkness,RPG,Strategy,RTS,,,77.0
6304,312280,Simply Chess,Chess,Board Game,Multiplayer,Strategy,Free to Play,74.0
6305,314360,Aritana and the Harpy's Feather,Indie,Adventure,Platformer,,,93.0
6306,315640,Dizzel,,,,,,
6307,316180,A City Sleeps,Indie,Action,Bullet Hell,Shoot 'Em Up,Rhythm,62.0
6308,316840,The Sacred Tears TRUE,RPG,Indie,JRPG,RPGMaker,Anime,66.0
6309,316930,Kings of Kung Fu,Action,Fighting,Indie,Martial Arts,2D Fighter,66.0
6310,319150,Hazard Ops,Free to Play,Action,Zombies,Multiplayer,Third-Person Shooter,63.0
6311,319740,There Came an Echo,Strategy,Indie,Sci-fi,Singleplayer,RTS,71.0
6312,251890,World of Diving,Simulation,Adventure,Underwater,Exploration,VR,50.0
6313,320670,Season Match 3 - Curse of the Witch Crow,Casual,Adventure,Match 3,Puzzle,Atmospheric,78.0
6314,320690,The Treasures of Montezuma 3,Casual,Indie,Adventure,Match 3,Atmospheric,64.0
6315,295270,Football Manager 2015,,,,,,
6316,324390,The Body Changer,Adventure,Indie,Action,Puzzle,,
6317,325470,1953: NATO vs Warsaw Pact,Strategy,Wargame,Turn-Based Strategy,Turn-Based,Grand Strategy,36.0
6318,325870,Clash of Puppets,Action,Indie,Vampire,Horror,,84.0
6319,311770,LEGO® Pirates of the Caribbean The Video Game,LEGO,Adventure,Action,Pirates,Local Co-Op,90.0
6320,331570,Wimp: Who Stole My Pants?,Indie,Adventure,Action,Casual,Platformer,
6321,332830,Prelogate,Indie,Casual,Puzzle,Logic,Programming,91.0
6322,333330,Song of the Myrne: What Lies Beneath,RPG,Indie,Action,Pixel Graphics,Fantasy,85.0
6323,333730,Dark Gates,RPG,Indie,Perma Death,Comic Book,Turn-Based Combat,40.0
6324,333260,Marvin's Mittens,Indie,Casual,Adventure,Platformer,Singleplayer,99.0
6325,335700,I am weapon: Revival,Action,Gore,Indie,Violent,Top-Down Shooter,65.0
6326,335840,Goats on a Bridge,Casual,Indie,Action,Cute,Platformer,92.0
6327,336250,Monster Jam,Racing,Action,Sports,,,35.0
6328,338110,Khaba,Casual,Adventure,Puzzle,Indie,,90.0
6329,338120,Marble Duel,Casual,Indie,Puzzle,Match 3,Mouse only,58.0
6330,338130,Strategy & Tactics: Wargame Collection,Strategy,War,Tactical,Historical,World War II,70.0
6331,338960,Rescue Team 1,Strategy,Simulation,Casual,Time Management,Singleplayer,88.0
6332,338980,MOAI: Build Your Dream,Casual,Strategy,Simulation,Time Management,Adventure,80.0
6333,222180,Mushroom Men: Truffle Trouble ,Indie,Action,Platformer,Puzzle Platformer,Puzzle,47.0
6334,339690,Paperbound,Indie,Action,Local Multiplayer,2D,,
6335,339710,Cyber Chicken,Action,Indie,Adventure,Side Scroller,2.5D,
6336,341510,Crayon Chronicles,RPG,Indie,Casual,Roguelike,Turn-Based,77.0
6337,340750,Gunslugs 2,Action,Indie,Platformer,Pixel Graphics,Shoot 'Em Up,45.0
6338,342130,Hashtag Dungeon,Action,RPG,Indie,Roguelite,Roguelike,60.0
6339,342650,Fermi's Path,Indie,Arcade,Action,Level Editor,Casual,55.0
6340,342890,Synonymy,Word Game,Casual,Puzzle,Education,Singleplayer,47.0
6341,342980,Destination Sol,Free to Play,RPG,Action,Indie,Space,78.0
6342,346500,Road Scars: Origins,Racing,Action,Adventure,Indie,Retro,77.0
6343,348450,Lex Mortis,Action,Adventure,Indie,Horror,Open World,41.0
6344,348870,Night Mysteries: The Amphora Prisoner,Adventure,Puzzle,3D,First-Person,Idler,60.0
6345,349440,The Undying Plague,Indie,Action,Zombies,,,45.0
6346,351240,Venusian Vengeance,Action,Indie,Pixel Graphics,Retro,2D,90.0
6347,351290,SURVIVAL: Postapocalypse Now,Open World Survival Craft,Survival,Multiplayer,Open World,Post-apocalyptic,55.0
6348,342240,SCHAR: Blue Shield Alliance,Action,Indie,Local Co-Op,Twin Stick Shooter,Space,60.0
6349,352070,Fort Meow,Turn-Based Tactics,Casual,Tower Defense,Point & Click,Building,92.0
6350,352700,Subspace Continuum,Free to Play,Massively Multiplayer,Action,Casual,Space,88.0
6351,353090,Chicken Invaders 5,Action,Casual,Indie,Shoot 'Em Up,Multiplayer,97.0
6352,353980,Ankh - Anniversary Edition,Adventure,Point & Click,Singleplayer,Third Person,Comedy,79.0
6353,354030,VolChaos,Action,Adventure,Platformer,2D,Retro,90.0
6354,350500,Fly in the House,Action,Simulation,Indie,Funny,Destruction,52.0
6355,354400,Tadpole Treble,Indie,Action,Adventure,Music,Level Editor,95.0
6356,355280,Brave Furries,Casual,Indie,Puzzle,,,82.0
6357,355560,Trigger Runners,Indie,Action,Adventure,Racing,Runner,82.0
6358,355860,Albino Lullaby: Episode 1,Indie,Adventure,Horror,Action,Surreal,67.0
6359,357120,Big Action Mega Fight!,Indie,Action,Beat 'em up,Cartoony,2D,77.0
6360,356880,Eron,Indie,Platformer,Pixel Graphics,2D,,67.0
6361,357650,Project Explore,Survival,Adventure,Indie,Casual,Simulation,63.0
6362,358070,Earthtongue,Simulation,Indie,Nature,Relaxing,Sandbox,89.0
6363,358480,DarkBase 01,,,,,,
6364,358960,Canabalt,Indie,Action,Runner,Pixel Graphics,Platformer,92.0
6365,361830,in Space,Action,Indie,Pixel Graphics,Shoot 'Em Up,,83.0
6366,361890,Chronostorm: Siberian Border,Strategy,RTS,,,,57.0
6367,362290,The Living Dungeon,Strategy,Adventure,Indie,Simulation,Board Game,68.0
6368,363270,O3DX,Indie,Racing,Action,Offroad,Physics,
6369,363670,Seeders,Indie,Adventure,Puzzle,Puzzle Platformer,Difficult,62.0
6370,364350,The Apotheosis Project,Adventure,Indie,Point & Click,Sci-fi,Singleplayer,65.0
6371,364770,Super Furball,Action,Adventure,Indie,Platformer,,87.0
6372,364790,Voyage to Farland,Roguelike,RPG,Adventure,Mystery Dungeon,Indie,90.0
6373,366440,Savage Resurrection,Action,Strategy,Multiplayer,RPG,FPS,51.0
6374,366870,Narcosis,Horror,Adventure,Indie,Underwater,First-Person,75.0
6375,368050,Almightree: The Last Dreamer,Indie,Action,Strategy,Puzzle Platformer,Puzzle,78.0
6376,368600,Terra Nova: Strike Force Centauri,Simulation,Action,Mechs,Sci-fi,FMV,95.0
6377,368800,Apocalypse: Party's Over,Nudity,Action,Indie,Funny,Dark Humor,91.0
6378,370550,Sparkle 2,Casual,Match 3,Indie,Action,Adventure,91.0
6379,370920,Cosmophony,Indie,Action,Music,Difficult,Fast-Paced,84.0
6380,371100,Waste Walkers,Choose Your Own Adventure,Character Customization,Open World,Survival,CRPG,80.0
6381,371320,Samsa and the Knights of Light,Adventure,RPG,Indie,RPGMaker,Funny,83.0
6382,371400,Downpour ,Action,Indie,Simulation,Survival,Difficult,80.0
6383,372030,Starship Rubicon,Action,Indie,Space,,,94.0
6384,372150,Yasai Ninja,Indie,Action,Adventure,,,53.0
6385,372490,GROOVY,Indie,Action,Strategy,Racing,Adventure,
6386,373180,Kung Fury: Street Rage - Ultimate Edition,Arcade,Beat 'em up,Indie,Action,Retro,90.0
6387,373290,Stones of Sorrow,Action Roguelike,4 Player Local,Blood,Dungeon Crawler,Roguelite,52.0
6388,373600,Weapon of Choice,Action,Shoot 'Em Up,Side Scroller,Retro,Platformer,82.0
6389,373630,Game Type,Action,Indie,Shoot 'Em Up,Shooter,Local Co-Op,81.0
6390,375710,The Adventures of Mr. Bobley,Puzzle Platformer,3D Platformer,Puzzle,Platformer,Family Friendly,74.0
6391,376250,Ground Breakers,Strategy,Indie,Turn-Based Combat,Turn-Based Tactics,Turn-Based Strategy,64.0
6392,375290,Superstatic,Action,Indie,Top-Down Shooter,,,81.0
6393,376920,Tiki Man,Action,Casual,Indie,Pixel Graphics,Singleplayer,80.0
6394,375020,Al Emmo's Postcards from Anozira,Adventure,Indie,Casual,Hidden Object,Western,54.0
6395,377290,Biodrone Battle,Action,Indie,Anime,Retro,Sci-fi,51.0
6396,377660,Blockwick 2,Indie,Casual,Puzzle,,,96.0
6397,377980,Mortos,Violent,Action,Indie,Casual,Zombies,48.0
6398,379990,Hush,Action,Adventure,Indie,RPG,Female Protagonist,33.0
6399,380580,SpaceCorn,Indie,Adventure,Text-Based,Action,Fantasy,63.0
6400,382310,Eco,Early Access,Simulation,Building,Sandbox,Economy,80.0
6401,349020,Hyperspace Pinball,Action,Indie,Casual,Pinball,,58.0
6402,383590,Expert Rifleman - Reloaded,Simulation,,,,,62.0
6403,383630,SEEP Universe,Action,Adventure,Indie,Platformer,Retro,81.0
6404,385230,Ninjahtic,Action,Indie,Adventure,Pixel Graphics,Retro,79.0
6405,384950,Macabre,Indie,RPG,Loot,Retro,Crafting,57.0
6406,385950,Infection: Humanity's Last Gasp,Strategy,Casual,Board Game,,,47.0
6407,386290,Kumoon : Ballistic Physics Puzzle,Casual,Action,Indie,Simulation,VR,50.0
6408,386350,Rise: Battle Lines,Strategy,Indie,Multiplayer,Turn-Based,,45.0
6409,386490,Wanda,Casual,Indie,Puzzle,RPGMaker,Atmospheric,70.0
6410,387880,Ninjahtic Mind Tricks,Action,Adventure,Indie,Pixel Graphics,Retro,52.0
6411,388440,Big Journey to Home,Indie,RPG,Strategy,Co-op,Puzzle,42.0
6412,388500,Super Space Meltdown,Action,Indie,Casual,Dungeon Crawler,Space,
6413,389310,Tic-Toc-Tower,Indie,Action,Adventure,2D,Singleplayer,47.0
6414,389400,The chronicles of Emerland. Solitaire.,Solitaire,Casual,Card Game,Hidden Object,,82.0
6415,390460,Tyler,Casual,Action,Indie,Puzzle,,80.0
6416,390620,An Alien with a Magnet,Casual,Adventure,Indie,,,
6417,391650,Escape From BioStation,Action,Indie,Adventure,Sci-fi,Robots,
6418,392780,Mondrian - Abstraction in Beauty,Indie,Casual,Colorful,Minimalist,Education,72.0
6419,393230,The Youthdrainers,Adventure,Indie,Casual,Horror,Nudity,17.0
6420,393240,Sir! I'd Like To Report A Bug!,Singleplayer,Side Scroller,2D Platformer,Difficult,Platformer,68.0
6421,393600,Robot Exploration Squad,Action,Adventure,Indie,Metroidvania,Platformer,
6422,394260,Dance Magic,Casual,Rhythm,Music,3D,Sports,62.0
6423,394290,Tennis in the Face,Casual,Indie,Funny,Tennis,Sports,88.0
6424,395100,Systematic Immunity,Action,Indie,Adventure,Platformer,,
6425,395350,Doors,Indie,Puzzle,Strategy,Adventure,Atmospheric,61.0
6426,396320,Tank Battle: 1944,Strategy,Hex Grid,Turn-Based Strategy,World War II,Turn-Based,79.0
6427,396530,Fireflies,Adventure,Indie,Horror,Puzzle,,37.0
6428,370170,Dale Hardshovel HD,Indie,Casual,Puzzle,Point & Click,Arcade,69.0
6429,398920,Tisnart Tiles,Casual,Indie,Puzzle,Match 3,,92.0
6430,398940,Respawn Man,Indie,Action,Platformer,,,83.0
6431,399090,It's time to get out from the solar system,Top-Down Shooter,Shoot 'Em Up,Sci-fi,Bullet Hell,Dystopian,58.0
6432,399240,XNemesis,Indie,Action,Shoot 'Em Up,Moddable,Shooter,80.0
6433,399910,Ookibloks,Indie,Casual,Action,Soundtrack,Puzzle,88.0
6434,400750,Call to Arms - Gates of Hell: Ostfront,World War II,Strategy,Real Time Tactics,RTS,War,82.0
6435,400790,The Juicer,Action,Indie,Psychological Horror,Illuminati,Shooter,94.0
6436,401840,ChargeShot,Action,Indie,Local Multiplayer,Singleplayer,4 Player Local,
6437,363520,Goliath,Action,RPG,Indie,Adventure,Survival,61.0
6438,402170,Puzzle Ball,Indie,Casual,Puzzle,Level Editor,,38.0
6439,402220,Lift It,Sports,Casual,Simulation,Action,Adventure,69.0
6440,403850,Sky To Fly: Faster Than Wind,Action,Flight,Racing,Adventure,Runner,60.0
6441,404640,Game Tycoon 2,Simulation,Strategy,Indie,Management,Game Development,37.0
6442,405440,Ares Omega,Action,Indie,RPG,,,
6443,406080,Ant War: Domination,Strategy,Casual,Simulation,Indie,Management,60.0
6444,406120,Astral Breakers,Action,Indie,Casual,Puzzle,Local Multiplayer,
6445,406290,Twilight Struggle,Board Game,Strategy,Tabletop,Cold War,Simulation,87.0
6446,406730,"1,000 Heads Among the Trees",Indie,Horror,Adventure,,,57.0
6447,407510,Devilian,,,,,,
6448,407720,Poker Pretty Girls Battle: Texas Hold'em,Hentai,Casual,Anime,Card Game,Nudity,56.0
6449,408750,Starsphere,Indie,Casual,Platformer,,,88.0
6450,409290,Herding Dog,Casual,Simulation,Strategy,Indie,,71.0
6451,409560,Run Rabbit Run,Platformer,Difficult,Action,Adventure,Comic Book,79.0
6452,410120,AGON - The Mysterious Codex (Trilogy),Adventure,Point & Click,Puzzle,,,69.0
6453,410150,Swapperoo,Indie,Casual,Logic,Minimalist,Relaxing,94.0
6454,410890,Higurashi When They Cry Hou - Ch.2 Watanagashi,Visual Novel,Horror,Anime,Psychological Horror,Mystery,97.0
6455,411610,Tick's Tales,Adventure,Point & Click,Pixel Graphics,Funny,Indie,94.0
6456,411740,Yet Another World,Indie,Action,Adventure,Platformer,Minimalist,
6457,412250,Empires Of Creation,Early Access,Action,Indie,Simulation,,
6458,412380,Legend,Action,Beat 'em up,Fighting,Retro,2D,77.0
6459,413680,Statues,Indie,Horror,Action,Adventure,First-Person,66.0
6460,415590,Earthfall,Action,FPS,Co-op,Online Co-Op,Aliens,64.0
6461,415670,Highrise Heroes: Word Challenge,Indie,Strategy,Adventure,Word Game,Story Rich,89.0
6462,416250,Tales [PC],Adventure,Indie,Point & Click,Puzzle,Singleplayer,76.0
6463,416260,The Lost Island,Adventure,Early Access,Survival,Exploration,Singleplayer,33.0
6464,416350,MiniBikers,Racing,Sports,Indie,,,50.0
6465,416610,The Growth Journey,Action,Indie,Adventure,,,31.0
6466,418440,Tick Tock Isle,Adventure,Indie,Casual,Time Travel,Funny,87.0
6467,420850,Cosmic Leap,Indie,Action,,,,68.0
6468,421140,Blades of the Righteous,Casual,Strategy,Indie,Turn-Based Combat,Fantasy,61.0
6469,422610,1775: Rebellion,Strategy,Board Game,Historical,,,75.0
6470,423650,Summer Fling,Nudity,Visual Novel,Dating Sim,Indie,Sexual Content,72.0
6471,423720,Color Chaos,Casual,Action,Indie,Twin Stick Shooter,,85.0
6472,423900,Dinocide,Action,Indie,Platformer,Adventure,Pixel Graphics,53.0
6473,424170,The fall of gods,RPG,Adventure,Indie,Action,RPGMaker,77.0
6474,426210,Tyran,RPG,Action,Indie,Strategy,Tactical,48.0
6475,426290,The Away Team,Narration,Conversation,Adventure,Choices Matter,Choose Your Own Adventure,70.0
6476,428220,TurnOn,Indie,Adventure,Casual,Action,Platformer,76.0
6477,428630,White Mirror,Walking Simulator,Short,Indie,Horror,Psychological Horror,41.0
6478,429020,LONE WOLF: Horizon,Adventure,Action,Indie,Early Access,Casual,27.0
6479,429520,Falcon Gold,Simulation,Flight,Retro,1990's,Action,79.0
6480,431220,Porradaria 2: Pagode of the Night,Indie,Action,Adventure,Platformer,Metroidvania,54.0
6481,431640,Doodle Kingdom,Casual,Indie,Simulation,Puzzle,2D,45.0
6482,432100,Negligee,Sexual Content,Nudity,Mature,Anime,Visual Novel,79.0
6483,432610,Monumental,,,,,,
6484,433110,Zipple World,Indie,,,,,61.0
6485,434500,BATTLE PIXELS,Indie,Casual,Strategy,Action,Singleplayer,35.0
6486,434800,The Great Escape,Action,Indie,Casual,Survival,Arcade,
6487,434890,Eight Mini Racers,Racing,Casual,Local Multiplayer,,,66.0
6488,435140,Rush for gold: Alaska,Strategy,Casual,Time Management,,,
6489,436140,Empire of the Gods,Indie,Casual,Card Game,Strategy,Singleplayer,76.0
6490,436230,Detached,Flight,Immersive Sim,Exploration,Space,Survival,63.0
6491,436270,Civil War: 1863,Strategy,Wargame,Turn-Based,America,Turn-Based Strategy,65.0
6492,436530,Bullshot,Indie,Action,Platformer,Retro,Singleplayer,69.0
6493,437090,Wobbly Jungle,Indie,Platformer,Difficult,Singleplayer,,
6494,437180,Chill the Piro,Action,Indie,Arcade,Puzzle,2D,84.0
6495,438000,PIXELMAN,Action,Casual,Indie,Pixel Graphics,Retro,81.0
6496,438680,One Troll Army,Strategy,Free to Play,Tower Defense,Indie,Casual,85.0
6497,440380,Super Kitty Boing Boing,Indie,Action,Cute,4 Player Local,Anime,
6498,444410,Find Out,Indie,Action,Adventure,Casual,Simulation,65.0
6499,444440,Scapeland,Adventure,Indie,Casual,Action,Experimental,51.0
6500,445170,The Haunting of Billy Classic,Indie,Action,Adventure,Casual,Horror,100.0
6501,446050,Operation KREEP,Action,Indie,,,,63.0
6502,446760,Neighborhorde,Local Co-Op,Party Game,Local Multiplayer,4 Player Local,Party,84.0
6503,447860,Maria the Witch,Adventure,Action,Indie,Casual,Anime,57.0
6504,447990,Spectrubes,Indie,Adventure,Difficult,Puzzle,Singleplayer,
6505,448010,RePete,Indie,Casual,Platformer,Puzzle Platformer,,70.0
6506,448500,Little Walker,Indie,Casual,Adventure,Action,Platformer,91.0
6507,448610,Draw Rider,Action,Indie,Racing,2D,Side Scroller,74.0
6508,448690,Lionessy Story,Indie,Visual Novel,,,,55.0
6509,449340,Serafina's Crown,Adventure,Indie,Visual Novel,Female Protagonist,,86.0
6510,449520,Rush for gold: California,Casual,Strategy,,,,
6511,449940,! That Bastard Is Trying To Steal Our Gold !,Puzzle Platformer,Dark Humor,Dungeon Crawler,Mining,Memes,55.0
6512,450020,DAMAGE CONTROL,Early Access,Action,Indie,Simulation,,
6513,450110,Amigdala,Indie,Adventure,Action,VR,Horror,69.0
6514,444880,Death Stair,Action,Casual,Indie,Sports,Multiplayer,67.0
6515,450290,Assault on Arnhem,Strategy,World War II,Hex Grid,Turn-Based,Turn-Based Strategy,59.0
6516,451400,Meridian: Squad 22,Strategy,Action,Indie,RTS,,48.0
6517,451570,Demetrios - The BIG Cynical Adventure,Adventure,Point & Click,Indie,Comedy,Hidden Object,81.0
6518,451700,Secrets of Deep Earth Shrine,Indie,Strategy,Adventure,Platformer,,70.0
6519,453810,Blasting Agent: Ultimate Edition,Action,Indie,Adventure,Platformer,Pixel Graphics,31.0
6520,453830,Innoquous 5,Action,Indie,Casual,Level Editor,Puzzle,87.0
6521,453950,To Ash,RPG,Indie,RPGMaker,,,82.0
6522,454080,Burst,Indie,Casual,,,,53.0
6523,454220,The Temporal Invasion,Adventure,Indie,Simulation,Puzzle,Alternate History,72.0
6524,454320,[the Sequence],Indie,Puzzle,Programming,Logic,Automation,89.0
6525,454670,Piggy Princess,Action,Indie,Casual,,,
6526,454690,Cyber City 2157: The Visual Novel,Adventure,Indie,Casual,Visual Novel,Cyberpunk,55.0
6527,454900,Amaranthine,Action,Indie,Shoot 'Em Up,Space,Great Soundtrack,91.0
6528,455110,Pertinence,Indie,Action,Adventure,Puzzle,Exploration,45.0
6529,455970,Nokori,Casual,Clicker,Visual Novel,,,45.0
6530,456660,Slime & Friends,Casual,Adventure,Roguelite,Roguelike,,57.0
6531,457450,Defend Your Crypt,Strategy,Indie,Pixel Graphics,,,
6532,457520,Moustache Mountain,Local Co-Op,Difficult,Precision Platformer,Pixel Graphics,Retro,75.0
6533,458700,Cursor Challenge,Relaxing,Colorful,Casual,Family Friendly,Funny,60.0
6534,460060,Varenje,Free to Play,Adventure,Indie,Puzzle,Casual,87.0
6535,460340,Guards,Strategy,Indie,Adventure,Turn-Based,Fantasy,83.0
6536,460940,Father´s Island,Indie,Adventure,Horror,Psychological Horror,Dark Comedy,65.0
6537,461030,A Long Way Home,Precision Platformer,Puzzle Platformer,Indie,Casual,Space,79.0
6538,461390,Bulby - Diamond Course,Adventure,Indie,Multiplayer,Level Editor,Co-op,63.0
6539,461880,Hyposphere,Indie,Casual,Platformer,,,39.0
6540,461890,NORTH,Indie,Adventure,Atmospheric,Walking Simulator,Cyberpunk,64.0
6541,462070,IWO: Bloodbath in the Bonins,Strategy,World War II,,,,61.0
6542,462220,Mahjong Deluxe 3,Casual,Mahjong,Puzzle,,,84.0
6543,464440,Annie Amber,Casual,Adventure,Indie,VR,Walking Simulator,60.0
6544,465540,Adventure World,RPG,Action,Nudity,Anime,Indie,54.0
6545,465750,Tank Battle: North Africa,Strategy,Hex Grid,Turn-Based Strategy,World War II,,87.0
6546,466780,Prehistoric Tales,Casual,Adventure,Strategy,Dinosaurs,Singleplayer,72.0
6547,466890,Z.I.O.N.,Action,Adventure,FPS,,,33.0
6548,468320,Mini Golf Mundo,Casual,Mini Golf,Golf,,,
6549,468330,HIVE,Hero Shooter,Action,Indie,Shooter,Multiplayer,66.0
6550,468800,Arkshot,Action,Indie,Multiplayer,FPS,,75.0
6551,468930,Phantaruk,Action,Adventure,Indie,Horror,Survival Horror,59.0
6552,470450,Where's My Helmet?,Action,Indie,Adventure,Strategy,Platformer,70.0
6553,470590,moto RKD dash,Racing,Indie,Casual,Simulation,Arcade,80.0
6554,471170,Romopolis,Simulation,Casual,Indie,Colony Sim,Rome,78.0
6555,472870,Higurashi When They Cry Hou - Ch.3 Tatarigoroshi,Visual Novel,Anime,Mystery,Story Rich,Psychological,98.0
6556,473510,Gal-X-E,Casual,Action,Indie,Adventure,Shoot 'Em Up,87.0
6557,473540,Raise Your Own Clone,Adventure,Casual,Story Rich,Choose Your Own Adventure,Memes,45.0
6558,475240,ORCS,Indie,Action,Adventure,Pixel Graphics,Platformer,82.0
6559,477180,Shard Games,Arena Shooter,FPS,PvP,Shooter,eSports,36.0
6560,477310,Space Hole 2016,Indie,Puzzle,3D Platformer,Physics,Third Person,88.0
6561,478010,ABC Coloring Town,Casual,Family Friendly,Education,Survival Horror,,57.0
6562,482300,Investigator,Adventure,Indie,Horror,Atmospheric,Walking Simulator,69.0
6563,485430,NAL Is Alive,Indie,Gore,Violent,Early Access,Platformer,85.0
6564,485500,Smithy,Action,Indie,Top-Down Shooter,,,80.0
6565,485570,Milford Heaven - Luken's Chronicles,Indie,RPG,Adventure,Hack and Slash,Retro,64.0
6566,485640,Genius Greedy Mouse,Puzzle,Casual,Action,Adventure,Indie,82.0
6567,487530,Simple Ball: Extended Edition,Casual,Indie,,,,62.0
6568,487580,Ludo Supremo,Casual,Board Game,,,,56.0
6569,487590,Pepe Porcupine,Casual,Memes,Puzzle,Sokoban,,
6570,487600,Puzzles Under The Hill,Casual,Puzzle,,,,80.0
6571,488330,Highway to the Moon,Action,Indie,Shoot 'Em Up,Twin Stick Shooter,,
6572,488580,Hover 2030,Action,Indie,Casual,Platformer,Sci-fi,74.0
6573,489020,iGrow Game,RPG,Simulation,Memes,Casual,,55.0
6574,489070,Edge of Twilight – Return To Glory,Adventure,Action,Indie,Steampunk,,
6575,489470,Hide and Secret Treasure of the Ages,Casual,Indie,Adventure,Hidden Object,Point & Click,37.0
6576,490860,DashBored,RPG,Indie,Adventure,RPGMaker,Atmospheric,87.0
6577,491060,League of Evil,Action,Indie,Platformer,Pixel Graphics,Difficult,87.0
6578,491280,Drift Horizon Online,Racing,Simulation,Sports,Action,Multiplayer,56.0
6579,491580,Mahjong Destiny,Casual,Mahjong,Puzzle,,,77.0
6580,492270,The Cat! Porfirio's Adventure,Indie,Cats,3D Platformer,Adventure,Cute,82.0
6581,490300,Rabbit Island,Strategy,Indie,Tower Defense,,,63.0
6582,492490,Zombie Apocalypse: Escape The Undead City,Action,Indie,Zombies,Singleplayer,Shoot 'Em Up,43.0
6583,493980,Green Ranch,Casual,Time Management,,,,56.0
6584,494120,RX squad,Action,Adventure,Indie,Casual,,75.0
6585,495010,丛林守望者（Ranger of the jungle）,Strategy,Indie,Casual,Tower Defense,,30.0
6586,495780,Hexoscope,Casual,Indie,Puzzle,,,81.0
6587,496120,LaserCat,Adventure,Indie,Casual,Platformer,Cats,91.0
6588,496550,Noob Squad,Action,Casual,Indie,Multiplayer,Gore,42.0
6589,496680,SweatShop,Casual,Indie,Strategy,Clicker,,39.0
6590,497100,FootRock,Sports,Casual,Action,Adventure,Indie,73.0
6591,497260,Fabulous Food Truck,Casual,Simulation,Cooking,,,61.0
6592,497720,Funfair Ride Simulator 3,Simulation,,,,,59.0
6593,498030,Barnyard Mahjong 3,Casual,Puzzle,Mahjong,,,
6594,498050,Mystery Of Rivenhallows,Adventure,Casual,Point & Click,,,21.0
6595,500320,A Tale of Caos: Overture,Adventure,Indie,Point & Click,Female Protagonist,Singleplayer,69.0
6596,500570,Mahjong Deluxe 2: Astral Planes,Casual,Puzzle,Mahjong,,,
6597,500580,Kitty Cat: Jigsaw Puzzles,Cats,Casual,Puzzle,Cute,Psychological Horror,91.0
6598,500590,Puppy Dog: Jigsaw Puzzles,Casual,Puzzle,,,,
6599,502090,Invisible Mind,Indie,Adventure,,,,40.0
6600,502100,Death's Life,Indie,Casual,Puzzle,,,71.0
6601,502150,Interstellar Logistics Inc,Casual,Puzzle,Sci-fi,,,90.0
6602,502240,You Deserve,Indie,Adventure,Violent,Horror,,68.0
6603,502380,Tangled Up!,Casual,Action,Indie,Strategy,Puzzle,47.0
6604,503410,Zombie Camp,Action,Indie,VR,Zombies,,72.0
6605,505740,Eximius: Seize the Frontline,Co-op,First-Person,3D,Futuristic,Multiplayer,74.0
6606,228880,Ashes of the Singularity: Classic,,,,,,
6607,508540,Haeven,Adventure,RPG,Indie,RPGMaker,,66.0
6608,508820,Won't You Be My Laser?,Indie,Casual,,,,78.0
6609,508950,Beerman,Action,Adventure,Indie,Story Rich,Side Scroller,73.0
6610,508840,Broken Armor,Action,Indie,Pixel Graphics,2D,Retro,83.0
6611,509850,Bumper,Destruction,Fast-Paced,Driving,Arena Shooter,Racing,75.0
6612,509930,NightmareZ,Action,Indie,Platformer,2D,Retro,54.0
6613,509960,Pinga Ponga,Casual,Action,Indie,,,53.0
6614,511630,"Max, an Autistic Journey",RPG,Indie,RPGMaker,Horror,Turn-Based Combat,83.0
6615,511330,Farm Life: Natures Adventure,Choose Your Own Adventure,Time Management,Sandbox,Mining,RPG,65.0
6616,512470,The Pirate: Caribbean Hunt,Free to Play,Naval Combat,Pirates,Multiplayer,Naval,82.0
6617,512550,Cursed West,Action,Adventure,Indie,Arcade,Shooter,75.0
6618,513320,ALICE VR,Adventure,Indie,VR,Exploration,Mystery,39.0
6619,513370,Blade & Bones,Action,Adventure,RPG,Indie,Open World,38.0
6620,513570,Wooden House,Walking Simulator,Short,Indie,Dark,Survival Horror,38.0
6621,513580,Miaou Moon,Indie,Casual,Action,Space,Platformer,45.0
6622,513600,Energy Invasion,Casual,Indie,Arcade,,,62.0
6623,513610,Madrobot X,Indie,Action,Casual,Shoot 'Em Up,,85.0
6624,513620,SkyTime,Indie,Casual,Action,Platformer,First-Person,62.0
6625,513820,LUXIS,Strategy,Action,Indie,Casual,Puzzle,
6626,513880,Panzer Warfare,Early Access,Casual,Action,Strategy,Indie,65.0
6627,514240,ALONE?,Action,Adventure,Indie,Simulation,Horror,42.0
6628,514470,Fantastic 4 In A Row 2,Casual,Strategy,,,,
6629,514480,Fantastic Checkers 2,Casual,Strategy,Board Game,,,66.0
6630,514890,Super Jagua,Action,Adventure,Casual,2D Platformer,Platformer,82.0
6631,516410,Football Blitz,Casual,Sports,Action,Indie,,70.0
6632,517010,Aztecalypse,Indie,Action,Adventure,Gore,Violent,48.0
6633,517470,King of Booze: Drinking Game,Casual,Indie,Party Game,,,82.0
6634,519190,Next Day: Survival,Survival,Open World,Multiplayer,Post-apocalyptic,Crafting,62.0
6635,521430,Super Switch,Indie,Platformer,Difficult,,,83.0
6636,521980,Autumn Dream,Indie,Horror,Walking Simulator,Adventure,Cinematic,50.0
6637,522490,Carrie's Order Up,Casual,Indie,Action,Cute,Arcade,98.0
6638,524390,PCMark 10,Utilities,Benchmark,Software,,,68.0
6639,525150,Space Fuss,Indie,Action,Strategy,Arcade,Space,75.0
6640,526490,Higurashi When They Cry Hou - Ch.4 Himatsubushi,Visual Novel,Adventure,Anime,Indie,Casual,97.0
6641,526880,Chess Knight 2,Casual,Strategy,Board Game,Chess,,59.0
6642,527800,WAR CUBE,Puzzle,Strategy,Relaxing,Logic,Abstract,69.0
6643,528430,Wells,Action,Indie,Great Soundtrack,Steampunk,Platformer,75.0
6644,528670,Elems,Indie,Casual,,,,66.0
6645,530540,mr.President Prologue Episode,Indie,Action,Simulation,Physics,,71.0
6646,530920,Archimedes,Indie,Gore,Psychological Horror,Horror,Hacking,79.0
6647,531240,Max Stern,Action,Indie,Adventure,Platformer,,
6648,532600,Sweet Candy Mahjong,Indie,Casual,Cute,Mahjong,,
6649,533340,Captivity,Indie,Casual,Action,Adventure,Horror,53.0
6650,533860,Multimirror,Indie,Casual,Puzzle,,,57.0
6651,534200,Ultimate Solid,Indie,Action,Adventure,Puzzle,Physics,84.0
6652,511490,Malavision: The Origin,Indie,Adventure,Gore,Violent,First-Person,71.0
6653,535690,Crash Force,Action,Indie,RPG,Multiplayer,Arena Shooter,72.0
6654,536410,Greenwood the Last Ritual,Adventure,Gore,Violent,Indie,Mystery,66.0
6655,537200,Defense Of Greece TD,Casual,Indie,Strategy,Tower Defense,RTS,
6656,539460,Puzzle Cube,Casual,Indie,Puzzle,3D,Relaxing,77.0
6657,542690,Mahsung Deluxe,Casual,Puzzle,,,,
6658,542710,Dessert Storm,Casual,Match 3,Puzzle,Memes,,
6659,542720,Bubble Blowout,Action,Casual,Match 3,,,
6660,542730,Block Blowout,Action,Casual,Arcade,,,
6661,543160,SuperMoose,Adventure,Indie,Casual,,,53.0
6662,544140,Murder Mystery Adventure,Adventure,Indie,Point & Click,Mystery,,
6663,545150,Beastiarium,Indie,Adventure,Horror,Atmospheric,Puzzle,50.0
6664,545580,"GO AWAY, THERE'S KUMIS OVER THERE!",Casual,Indie,Action,Arcade,,77.0
6665,545590,Button Tales,Match 3,Casual,Adventure,Puzzle,2D,94.0
6666,545800,Ghostdream,Adventure,Casual,Indie,Point & Click,,61.0
6667,547710,Darkness Ahead,Indie,Adventure,Horror,Dark,First-Person,54.0
6668,547910,The Survey,Horror,Dark,Psychological Horror,Walking Simulator,Atmospheric,72.0
6669,548710,Sandstorm,Action,Indie,Casual,Adventure,Tanks,64.0
6670,550810,Abduction Bit,Action,Indie,Arcade,Aliens,Pixel Graphics,89.0
6671,551550,ASSASSINATION BOX,Action,Indie,Competitive,Character Customization,Gun Customization,39.0
6672,551930,Skater 2D,Indie,Simulation,Sports,Skateboarding,2D,69.0
6673,552900,Fields XY,Indie,Platformer,Puzzle,2D,Level Editor,
6674,553660,PWND,Free to Play,Action,FPS,Multiplayer,Shooter,71.0
6675,553780,ARK BOX Unlimited,Action,Casual,Indie,Arcade,Retro,
6676,555710,Zolg,Metroidvania,Top-Down Shooter,Action-Adventure,2D,Minimalist,79.0
6677,555890,Burgers 2,Indie,Action,Adventure,RPG,Top-Down Shooter,63.0
6678,557260,iREC,Indie,Horror,Singleplayer,Puzzle,First-Person,53.0
6679,557580,Ancient Guardian,Action,Adventure,Indie,Horror,Procedural Generation,70.0
6680,557830,My Pet Rock,Action,Indie,Tower Defense,,,76.0
6681,558100,Art of War: Red Tides,Free to Play,Strategy,Multiplayer,RTS,Early Access,78.0
6682,560710,Leap Up no jutsu,Action,Indie,Casual,Ninja,Racing,87.0
6683,454350,Days of War,Action,War,World War II,Indie,Shooter,49.0
6684,562460,Radium 2,Indie,Action,Minimalist,Physics,Arcade,100.0
6685,562490,EvilMorph,Action,Adventure,Indie,Platformer,Difficult,90.0
6686,563250,Lemuria: Lost in Space,Adventure,RPG,Indie,Space,Sci-fi,69.0
6687,436520,Line of Sight,Free to Play,FPS,Action,Multiplayer,Shooter,59.0
6688,565200,Gem Monster,Casual,Adventure,Indie,VR,,
6689,565660,Akihabara - Feel the Rhythm,Indie,Action,Anime,Music,Rhythm,72.0
6690,565860,Tomato Way,Horror,Indie,Illuminati,Psychological Horror,Blood,82.0
6691,567060,Putrefaction 2: Void Walker,Action,Arena Shooter,Indie,Shooter,FPS,77.0
6692,567210,Bunnyrama,Casual,Adventure,Strategy,Indie,Puzzle,95.0
6693,567680,The Pasture,Casual,Indie,Simulation,Nudity,,55.0
6694,568090,Tattletail,Horror,First-Person,Survival Horror,Singleplayer,1990's,95.0
6695,568860,Psycho on the loose,Action,Strategy,Stealth,Action-Adventure,Gore,63.0
6696,568930,The Land of Pain,Horror,Exploration,Lovecraftian,Adventure,Survival Horror,78.0
6697,569360,Pivot Pilot,Indie,Action,Puzzle Platformer,2D,Platformer,94.0
6698,571020,Santa's Big Adventures,Action,Indie,Casual,Platformer,,71.0
6699,555880,Sairento VR,Action,RPG,Indie,Strategy,VR,86.0
6700,574580,To The Capital,RPG,JRPG,Roguelike,Pixel Graphics,,61.0
6701,576160,A Long Road Home,Exploration,Puzzle,Point & Click,RPG,2D,84.0
6702,576810,2 Ninjas 1 Cup,Action,Platformer,Ninja,2D,Memes,78.0
6703,577480,Higurashi When They Cry Hou - Ch.5 Meakashi,Visual Novel,Adventure,Horror,Anime,Psychological Horror,97.0
6704,579150,Riot of the numbers,Action,Indie,Casual,,,69.0
6705,579230,Alpacapaca Dash,Indie,Casual,Runner,Cute,Difficult,90.0
6706,581600,The Albatross,Action,Indie,Adventure,First-Person,,64.0
6707,584990,The Long Reach,Adventure,Action,Indie,Pixel Graphics,Gore,86.0
6708,585360,Steampunk Syndicate,Action,Steampunk,Casual,Strategy,Tower Defense,51.0
6709,585970,Tank Assault X,Action,Indie,Casual,Tanks,,
6710,586430,Spheroids,Action,Adventure,Indie,Platformer,,
6711,586880,Mini Ghost,Action,Indie,Adventure,Casual,Metroidvania,94.0
6712,588240,Frisky Business,Sexual Content,Nudity,Visual Novel,Simulation,Romance,78.0
6713,588630,Draw Rider 2,Action,Indie,Racing,Adventure,Simulation,76.0
6714,592200,Super Army of Tentacles 3: The Search for Army of Tentacles 2,Lovecraftian,Party-Based RPG,Horror,CRPG,Dark Fantasy,
6715,592580,PRO EVOLUTION SOCCER 2018,Sports,Football (Soccer),Football (American),Multiplayer,Simulation,60.0
6716,593680,Rocking Pilot,Indie,Action,Arcade,Shoot 'Em Up,Bullet Hell,96.0
6717,595640,Robo Do It,Casual,Strategy,Indie,Simulation,Adventure,71.0
6718,596810,Save Their Souls,Indie,Casual,,,,82.0
6719,598440,Roots of Insanity,Action,Horror,Adventure,Indie,Gore,69.0
6720,601930,Trianguluv,Indie,Casual,Action,Adventure,Arcade,89.0
6721,601240,Ripple,Puzzle,Minimalist,Indie,Logic,2D,67.0
6722,602930,Wordlase,Casual,Indie,Anime,Puzzle,,58.0
6723,603360,CryptoMoneya,Indie,Casual,,,,68.0
6724,604140,Broccoli Bob,Indie,Casual,Adventure,Platformer,2D,67.0
6725,604830,All Alone: VR,Adventure,Indie,VR,Singleplayer,,73.0
6726,606330,Shadows 2: Perfidia,Adventure,Indie,Casual,Action,Horror,77.0
6727,607440,Escape: VR,Indie,VR,,,,55.0
6728,375120,Super Star Path,Shoot 'Em Up,Top-Down Shooter,Bullet Hell,Match 3,Difficult,82.0
6729,610780,Crazy Buggy Racing,Racing,Action,Automobile Sim,Sports,Simulation,55.0
6730,611660,Fallout 4 VR,VR,Open World,Post-apocalyptic,RPG,Singleplayer,62.0
6731,615180,Firewood,Indie,Adventure,Casual,Horror,Psychological Horror,76.0
6732,618510,Battle Bruise,Indie,Action,Zombies,Shoot 'Em Up,Arcade,91.0
6733,619220,GoBlock's Impossible Medley,Casual,Indie,Difficult,Platformer,2D,82.0
6734,619340,EGOS - Tales of Fallen Souls,Early Access,Adventure,Casual,Indie,Puzzle,59.0
6735,619740,The Inevitability,Adventure,Indie,Gore,Horror,,52.0
6736,621150,False Shelter,RPG,RPGMaker,,,,82.0
6737,622460,Steampunk Tower 2,Steampunk,Tower Defense,Action,Strategy,Indie,73.0
6738,623580,POBEDA,Indie,Casual,Action,,,59.0
6739,627950,1914: Prelude to Chaos,RPG,RPGMaker,,,,67.0
6740,629380,Cosmic Pioneer,Indie,Casual,Simulation,,,65.0
6741,635060,Castle of no Escape,Indie,Action,RPG,Retro,2D,71.0
6742,635310,Ski Sniper,Casual,Sports,Action,Sniper,,84.0
6743,636310,Concurrency,Adventure,Indie,Platformer,Difficult,Pixel Graphics,77.0
6744,636370,The Sun Never Sets,RPG,RPGMaker,,,,60.0
6745,642580,Cally's Caves 4,Action,Platformer,2D,Pixel Graphics,Female Protagonist,90.0
6746,589850,Leashed Soul,Casual,Indie,Adventure,Puzzle,Story Rich,
6747,659540,Warsim: The Realm of Aslona,Text-Based,Simulation,RPG,Strategy,Procedural Generation,96.0
6748,667810,Next Up Hero,Action,RPG,Dungeon Crawler,Co-op,Beat 'em up,60.0
6749,17500,Zombie Panic! Source,Free to Play,Zombies,Multiplayer,Action,Survival,84.0
6750,624090,Football Manager 2018,,,,,,
6751,727130,Between the Stars,Space,RPG,Action,Simulation,Indie,77.0
6752,427460,Battlerite Public Test,,,,,,
6753,755540,LIV,Utilities,Video Production,Web Publishing,VR,,87.0
6754,768100,GizmoVR Video Player,Utilities,VR,360 Video,Video Production,,63.0
6755,787790,Epic Roller Coasters,Free to Play,Simulation,Casual,Racing,VR,64.0
6756,791930,BombTag,Free to Play,Multiplayer,Casual,Indie,Strategy,84.0
6757,797470,METAL GEAR SURVIVE BETA,,,,,,
6758,492630,Bear With Me,Noir,Dark,Atmospheric,Point & Click,Hidden Object,87.0
6759,837380,DeoVR Video Player,VR,Utilities,Video Production,360 Video,Free to Play,61.0
6760,858260,Until You Fall,VR,Swordplay,Roguelite,Hack and Slash,Arcade,94.0
6761,356420,Interloper,Strategy,Indie,RTS,Multiplayer,Fast-Paced,84.0
6762,886250,Vegas Infinite by PokerStars,Free to Play,Casual,VR,Strategy,Gambling,81.0
6763,893030,Music Racer,Music,Rhythm,Indie,Music-Based Procedural Generation,Action,88.0
6764,915810,Midnight Ghost Hunt,Multiplayer,Combat,Team-Based,Supernatural,PvP,80.0
6765,927270,Accounting+,Adventure,Indie,Action,VR,Casual,73.0
6766,872790,Football Manager 2019,Simulation,Sports,Football (Soccer),Management,Football (American),86.0
6767,1076200,Roguebook,RPG,Indie,Card Game,Deckbuilding,Strategy,84.0
6768,694280,Zombie Army 4: Dead War,Zombies,Action,Shooter,Multiplayer,Co-op,86.0
6769,1092660,Blair Witch,Adventure,Horror,Psychological Horror,Indie,First-Person,78.0
6770,374280,Hired Ops,FPS,Multiplayer,Free to Play,Action,Shooter,67.0
6771,764050,Maelstrom,Free to Play,Pirates,Battle Royale,Naval,Sailing,83.0
6772,1171310,Valakas Story,Action,Gore,Adventure,Casual,Violent,81.0
6773,1184810,Mainframe Defenders,Roguelike,2D,Traditional Roguelike,Tactical RPG,1980s,88.0
6774,1201540,HELLCARD,Co-op,Roguelike,Card Battler,RPG,Roguelite,85.0
6775,1211630,The Jackbox Party Pack 7,Party Game,Party,Funny,Word Game,Board Game,97.0
6776,939510,Pandemic Express - Zombie Escape,Multiplayer,Co-op,Survival,Massively Multiplayer,Trains,59.0
6777,364830,BLEAK: Welcome to Glimmer,Action,Indie,Platformer,Great Soundtrack,Difficult,90.0
6778,1273710,King of Crabs,Exploration,PvE,Hack and Slash,Top-Down Shooter,PvP,79.0
6779,349540,PeriAreion,Strategy,Indie,Simulation,Space,,38.0
6780,1334730,Dread Templar,Boomer Shooter,FPS,Retro,Fast-Paced,Bullet Time,85.0
6781,1363430,Propagation VR,VR,Action,Horror,Zombies,Gore,94.0
6782,684450,Surviving the Aftermath,Strategy,Simulation,City Builder,Post-apocalyptic,Survival,72.0
6783,1263850,Football Manager 2021,Sports,Simulation,Management,Football (Soccer),Singleplayer,93.0
6784,259470,Particulars,Indie,Puzzle,Physics,,,68.0
6785,1552350,The Jackbox Party Pack 8,Party Game,Comedy,Trivia,Family Friendly,Word Game,90.0
6786,1269260,Artifact Foundry,Strategy,Card Game,Board Game,Top-Down,Puzzle,57.0
6787,1645820,SurrounDead,Zombies,Survival,Open World,Post-apocalyptic,RPG,89.0
6788,1675900,Warlander,MOBA,PvP,Hack and Slash,Tactical RPG,Competitive,60.0
6789,1740720,Have a Nice Death,Action Roguelike,Hack and Slash,Singleplayer,Action,Funny,86.0
6790,1569040,Football Manager 2022,Sports,Management,Football (Soccer),Simulation,Football (American),92.0
6791,1850960,The Jackbox Party Pack 9,Casual,Trivia,Board Game,Word Game,2D,83.0
6792,522990,Spell Casting: Meowgically Enhanced Edition,Indie,Casual,Puzzle,Cats,Family Friendly,81.0
6793,2080690,Sunkenland,Early Access,Open World Survival Craft,Survival,Co-op,Underwater,81.0
6794,1817070,Marvel’s Spider-Man Remastered,Open World,Superhero,Action,Singleplayer,Story Rich,96.0
6795,699920,Despotism 3k,Strategy,Indie,Dark Humor,Sexual Content,Pixel Graphics,81.0
6796,1588010,PGA TOUR 2K23,Sports,Simulation,RPG,Golf,Third Person,74.0
6797,2140020,Stronghold: Definitive Edition,City Builder,Real Time Tactics,Strategy,Medieval,Sandbox,85.0
6798,1904540,Football Manager 2023,Simulation,Sports,Management,Football (Soccer),Real Time Tactics,89.0
6799,2399830,ARK: Survival Ascended,Early Access,Survival,Open World,Multiplayer,Dinosaurs,59.0
6800,402710,Osiris: New Dawn,Open World Survival Craft,Horror,Survival,Space,Open World,54.0
6801,1066780,Transport Fever 2,Simulation,Strategy,Management,Transportation,City Builder,89.0
6802,1434950,HighFleet,Singleplayer,Indie,Strategy,Post-apocalyptic,Action Roguelike,88.0
6803,1465360,SnowRunner,Simulation,Automobile Sim,Adventure,Multiplayer,Exploration,89.0
6804,1190000,Car Mechanic Simulator 2021,Simulation,Automobile Sim,Sandbox,Realistic,Moddable,95.0
6805,244770,StarMade,Space,Sandbox,Open World,Multiplayer,Building,66.0
6806,243040,Startopia,Simulation,Management,Strategy,Funny,Base Building,90.0
6807,383120,Empyrion - Galactic Survival,Simulation,Co-op,Open World Survival Craft,Space,Survival,79.0
6808,783770,Ironsight,Free to Play,Action,FPS,Multiplayer,Shooter,72.0
6809,984110,SYNTHETIK: Arena,Free to Play,Action,Top-Down Shooter,Co-op,Multiplayer,90.0
6810,494840,UBOAT,Simulation,World War II,Submarine,Naval Combat,Military,83.0
6811,573100,Battlefleet Gothic: Armada 2,Space,Strategy,Warhammer 40K,RTS,Real Time Tactics,75.0
6812,712100,A Total War Saga: Thrones of Britannia,Strategy,Historical,RTS,Turn-Based Strategy,Medieval,69.0
6813,1043260,Gladiator Guild Manager,Strategy,Auto Battler,Management,RPG,Strategy RPG,81.0
6814,1605220,Dune: Spice Wars,Management,Singleplayer,Sci-fi,RTS,Strategy,79.0
6815,7200,TrackMania United Forever,Racing,Multiplayer,Level Editor,Time Attack,Singleplayer,94.0
6816,243360,TrackMania² Valley,Racing,Sports,Multiplayer,Level Editor,Time Attack,78.0
6817,289650,Assassin's Creed Unity,Open World,Parkour,Assassin,Co-op,Stealth,77.0
6818,447040,Watch_Dogs 2,Open World,Hacking,Illuminati,Multiplayer,Parkour,82.0
6819,619910,Just Cause™ 3: Multiplayer Mod,Action,Massively Multiplayer,Open World,Multiplayer,Violent,78.0
6820,1012790,Into the Radius VR,VR,Extraction Shooter,FPS,PvE,Surreal,94.0
6821,997010,Police Simulator: Patrol Officers,Simulation,Crime,Open World,Multiplayer,Realistic,80.0
6822,2406770,Bodycam,Early Access,Strategy,FPS,Horror,Military,74.0
6823,2479810,Gray Zone Warfare,Realistic,Military,FPS,Extraction Shooter,Survival,66.0
6824,1676840,For The King II,Adventure,RPG,Strategy,Party-Based RPG,Board Game,70.0
6825,674020,World War 3,FPS,Multiplayer,Shooter,Military,Tactical,54.0
6826,1119730,Ranch Simulator,Simulation,Multiplayer,Online Co-Op,Open World,Farming Sim,82.0
6827,2620,Call of Duty (2003),FPS,World War II,Action,Classic,Singleplayer,94.0
6828,16730,Legendary,Action,FPS,Shooter,First-Person,Horror,56.0
6829,431730,Aseprite,Pixel Graphics,Design & Illustration,Animation & Modeling,Software,Game Development,99.0
6830,518030,Aim Hero,FPS,Shooter,eSports,Singleplayer,Early Access,85.0
6831,334920,Zero-K,Strategy,Free to Play,RTS,Indie,Multiplayer,93.0
6832,233860,Kenshi,Open World,Sandbox,RPG,Survival,Strategy,95.0
6833,550320,art of rally,Racing,Driving,Physics,Sports,Difficult,93.0
6834,596970,Sunless Skies,Steampunk,Lovecraftian,Exploration,RPG,Story Rich,84.0
6835,975370,Dwarf Fortress,Strategy,Colony Sim,Simulation,Dwarf,City Builder,95.0
6836,986130,Shadows of Doubt,Detective,Immersive Sim,Sandbox,Noir,Voxel,84.0
6837,1017180,The Long Drive,Open World,Driving,Multiplayer,Survival,Automobile Sim,91.0
6838,1210320,Potion Craft: Alchemist Simulator,Crafting,Singleplayer,Relaxing,Simulation,Medieval,91.0
6839,1296610,Peglin,Deckbuilding,Roguelite,Roguelike,Pinball,Strategy,80.0
6840,1458140,Pacific Drive,Story Rich,Survival,Driving,Exploration,Sci-fi,82.0
6841,2088570,Tiny Rogues,Action Roguelike,Bullet Hell,Top-Down Shooter,Replay Value,Difficult,96.0
6842,2114740,Blasphemous 2,Combat,Fantasy,Metroidvania,Souls-like,Adventure,92.0
6843,506540,Last Man Standing,Free to Play,Survival,Multiplayer,Open World,Shooter,34.0
6844,1590320,Bro Falls: Ultimate Showdown,Multiplayer,Casual,Battle Royale,Platformer,Colorful,78.0
6845,2420110,Horizon Forbidden West™ Complete Edition,Singleplayer,Open World,Female Protagonist,Action,RPG,89.0
6846,39550,SpellForce 2 - Anniversary Edition,RPG,Strategy,RTS,Fantasy,Action,74.0
6847,623990,Tom Clancy's Rainbow Six Siege - Test Server,,,,,,
6848,2828860,The Forever Winter,Early Access,Extraction Shooter,PvE,Looter Shooter,Post-apocalyptic,74.0
6849,593600,PixARK,Survival,Adventure,Open World,Massively Multiplayer,Multiplayer,73.0
6850,1121640,The Wandering Village,Early Access,Singleplayer,Atmospheric,Post-apocalyptic,City Builder,90.0
6851,15190,Brothers in Arms: Road to Hill 30,FPS,Action,Shooter,World War II,War,87.0
6852,19800,Brothers in Arms: Earned in Blood,Action,World War II,FPS,Military,Tactical,87.0
6853,283940,Freddi Fish and the Case of the Missing Kelp Seeds,Point & Click,Adventure,Family Friendly,Nostalgia,Casual,97.0
6854,283980,SPY Fox in: Dry Cereal,Adventure,Point & Click,Casual,Family Friendly,Nostalgia,95.0
6855,294660,Putt-Putt Saves The Zoo,Adventure,Family Friendly,Casual,Point & Click,Nostalgia,97.0
6856,368650,Dark Echo,Adventure,Indie,Puzzle,Atmospheric,Horror,92.0
6857,726910,Star Wars: Droid Repair Bay,Free to Play,VR,Robots,Adventure,Sci-fi,89.0
6858,792300,The Beast Inside,Horror,Adventure,Survival Horror,First-Person,Multiplayer,83.0
6859,1533390,Gorilla Tag,VR,Psychological Horror,Multiplayer,First-Person,Parkour,93.0
6860,335000,Tormentum - Dark Sorrow,Point & Click,Dark Fantasy,Adventure,Dark,Puzzle,93.0
6861,895400,Deadside,Early Access,Survival,FPS,Post-apocalyptic,Open World Survival Craft,78.0
6862,1009850,OVR Advanced Settings,VR,Utilities,Software,Indie,,78.0
6863,1509960,PICO PARK,Multiplayer,Online Co-Op,Puzzle Platformer,Co-op,Casual,91.0
6864,1929610,Demonologist,Horror,Multiplayer,Online Co-Op,Psychological Horror,Co-op,86.0
6865,2195250,EA SPORTS FC™ 24,Football (Soccer),Sports,Controller,Multiplayer,PvP,57.0
6866,949230,Cities: Skylines II,City Builder,Simulation,Building,Singleplayer,Sandbox,53.0
6867,341000,Mad Games Tycoon,Management,Simulation,Strategy,Economy,Casual,91.0
6868,1220140,Cartel Tycoon,Top-Down,RTS,Resource Management,Atmospheric,Management,76.0
6869,2162800,shapez 2,Management,Strategy,Automation,Futuristic,Early Access,98.0
6870,404680,Hob,Adventure,Action,Singleplayer,Indie,Puzzle,88.0
6871,911400,Assassin's Creed III Remastered,Action,Adventure,Assassin,Open World,Stealth,61.0
6872,376680,Splendor,Strategy,Tabletop,Casual,Board Game,Card Game,82.0
6873,633230,NARUTO TO BORUTO: SHINOBI STRIKER,Anime,Multiplayer,Action,Character Customization,Fighting,84.0
6874,1385380,Across the Obelisk,Online Co-Op,Dungeon Crawler,Roguelike Deckbuilder,Card Game,Indie,82.0
6875,2344520,Diablo® IV,Action RPG,Hack and Slash,Loot,Isometric,RPG,71.0
6876,1295920,The Mortuary Assistant,Horror,Supernatural,Demons,Mystery,Atmospheric,92.0
6877,1817190,Marvel's Spider-Man: Miles Morales,Action,Open World,Superhero,Singleplayer,Adventure,93.0
6878,742420,Saints Row,Open World,Character Customization,Action,Co-op,Crime,62.0
6879,736590,Operation: Harsh Doorstop,Free to Play,Military,FPS,Multiplayer,Realistic,77.0
6880,255480,NBA 2K14,,,,,,
6881,282350,NBA 2K15,,,,,,
6882,779340,Total War: THREE KINGDOMS,Strategy,Historical,War,Turn-Based Strategy,Grand Strategy,82.0
6883,1307550,Craftopia,Open World,Crafting,Survival,Multiplayer,Open World Survival Craft,78.0
6884,9450,"Warhammer 40,000: Dawn of War - Soulstorm",Warhammer 40K,Strategy,RTS,Base Building,Sci-fi,95.0
6885,1184050,Gears Tactics,Strategy,Turn-Based Tactics,Turn-Based,Gore,Tactical,75.0
6886,2078450,"Warhammer 40,000: Speed Freeks",Early Access,Vehicular Combat,Warhammer 40K,Combat Racing,Driving,77.0
6887,12500,Puzzle Quest,Puzzle,Match 3,Casual,RPG,Fantasy,87.0
6888,227320,You Need A Budget 4 (YNAB),,,,,,
6889,438140,Star Realms,Deckbuilding,Strategy,Card Battler,Card Game,Board Game,86.0
6890,1371980,No Rest for the Wicked,Early Access,Souls-like,Action,RPG,Action RPG,76.0
6891,2012510,Stormgate,Free to Play,RTS,Strategy,Action RTS,Online Co-Op,49.0
6892,70900,Star Ruler,Strategy,Indie,Space,4X,RTS,85.0
6893,42890,Sword of the Stars Complete Collection,Strategy,4X,Space,Sci-fi,Turn-Based,87.0
6894,362620,Software Inc.,Early Access,Management,Building,Simulation,Economy,94.0
6895,383720,Swords & Crossbones: An Epic Pirate Story,RPG,Strategy,Adventure,Simulation,Pirates,72.0
6896,412490,Yrminsul,Strategy,Indie,Tower Defense,Narration,,60.0
6897,389650,Stardust Galaxy Warriors,Shoot 'Em Up,Shooter,Mechs,Side Scroller,Local Co-Op,93.0
6898,504750,Lew Pulsipher's Doomstar,Strategy,Board Game,Turn-Based,Sci-fi,Abstract,66.0
6899,979110,Space Haven,Base Building,Space,Colony Sim,Simulation,Strategy,86.0
6900,40980,Stronghold Legends,Real Time Tactics,City Builder,Colony Sim,Sandbox,Building,86.0
6901,307620,Curses 'N Chaos,Action,Indie,Pixel Graphics,Co-op,Arcade,64.0
6902,349680,Supercharged Robot VULKAISER,Indie,Action,Shoot 'Em Up,Anime,Mechs,94.0
6903,448400,Hidden Object 6-in-1 bundle,Casual,Hidden Object,Adventure,Indie,Point & Click,76.0
6904,486810,House of Snark 6-in-1 Bundle,Adventure,Casual,Hidden Object,Point & Click,Singleplayer,84.0
6905,98300,Toy Soldiers,Strategy,Action,Tower Defense,Casual,Simulation,88.0
6906,256010,Jagged Alliance Flashback,Strategy,Turn-Based,RPG,Tactical,Indie,37.0
6907,260730,Desperados - Wanted Dead or Alive,Strategy,Western,Tactical,Isometric,Action,87.0
6908,238750,Might & Magic X - Legacy ,RPG,Turn-Based,Fantasy,Old School,Dungeon Crawler,65.0
6909,407130,Tank Mechanic Simulator,Tanks,Simulation,World War II,Realistic,Singleplayer,88.0
6910,551860,Abandon Ship,Pirates,Roguelite,Naval,Lovecraftian,Naval Combat,71.0
6911,599460,Weapon Shop Fantasy,Simulation,RPG,Casual,Management,Pixel Graphics,80.0
6912,973230,We Who Are About To Die,Early Access,Strategy,Roguelite,RPG,Simulation,88.0
6913,1096530,Solasta: Crown of the Magister,RPG,Co-op Campaign,Multiplayer,Character Customization,Choices Matter,87.0
6914,1149460,Icarus,Survival,Open World Survival Craft,Multiplayer,Base Building,Online Co-Op,71.0
6915,1928980,Nightingale,Early Access,Multiplayer,Open World Survival Craft,Survival,Open World,66.0
6916,1940340,Darkest Dungeon® II,Turn-Based Tactics,Dungeon Crawler,Roguelite,Dark Fantasy,Lovecraftian,75.0
6917,1273400,Construction Simulator,Simulation,Multiplayer,Building,Online Co-Op,Relaxing,82.0
6918,1774580,STAR WARS Jedi: Survivor™,Action,Adventure,Singleplayer,Souls-like,Third Person,67.0
6919,2179850,Cobalt Core,Roguelike Deckbuilder,Card Game,Strategy,Roguelike,Turn-Based Strategy,96.0
6920,61100,Lucid,Casual,Indie,Puzzle,Match 3,Relaxing,79.0
6921,313630,The Solus Project,Survival,Adventure,Exploration,Sci-fi,VR,79.0
6922,345390,King's Quest,Adventure,Puzzle,Point & Click,Fantasy,Story Rich,90.0
6923,345520,Infinite Crisis™,,,,,,
6924,454650,DRAGON BALL XENOVERSE 2,Anime,Fighting,Character Customization,Action,Multiplayer,90.0
6925,804490,Creed: Rise to Glory™,VR,Boxing,Fighting,Sports,Multiplayer,78.0
6926,916840,The Walking Dead: Saints & Sinners,VR,Zombies,Action,Gore,Horror,87.0
6927,2060130,Return to Monkey Island,Point & Click,Adventure,Comedy,Puzzle,Funny,91.0
6928,844590,Hypnospace Outlaw,1990's,Simulation,Point & Click,Surreal,Retro,96.0
6929,1562420,FOREWARNED,Horror,Online Co-Op,Survival Horror,Co-op,Multiplayer,91.0
6930,962730,Skater XL,Skateboarding,Skating,Multiplayer,Sports,Sandbox,86.0
6931,99830,Crysis 2,Action,FPS,Sci-fi,Shooter,Singleplayer,86.0
6932,312720,Khet 2.0,Asynchronous Multiplayer,Board Game,Tabletop,Indie,Strategy,90.0
6933,328070,Reflex Arena,Arena Shooter,FPS,Action,Indie,Fast-Paced,84.0
6934,737010,Warhammer: Vermintide 2 Closed Test,,,,,,
6935,212630,Tom Clancy's Ghost Recon Future Soldier,Action,Stealth,Third-Person Shooter,Tactical,Co-op,69.0
6936,228760,TrackMania² Canyon,Racing,Multiplayer,Automobile Sim,Time Attack,Level Editor,79.0
6937,230840,Daylight,Horror,Adventure,First-Person,Indie,Female Protagonist,53.0
6938,1677280,Company of Heroes 3,Strategy,Wargame,RTS,Action RTS,Real Time Tactics,57.0
6939,505040,FORTIFY,Indie,Building,Base Building,Destruction,Physics,94.0
6940,736220,Squad 44,World War II,Simulation,FPS,Military,Multiplayer,79.0
6941,1268750,Starship Troopers: Extermination,Online Co-Op,Action,Sci-fi,First-Person,FPS,83.0
6942,1377380,Night of the Dead,Open World Survival Craft,Zombies,Multiplayer,Singleplayer,Tower Defense,78.0
6943,10430,Universe at War: Earth Assault,,,,,,
6944,13510,Tom Clancy's Ghost Recon: Advanced Warfighter 2,,,,,,
6945,20550,Red Faction II,Action,FPS,Sci-fi,Shooter,Singleplayer,53.0
6946,25980,Majesty 2,Strategy,Simulation,Fantasy,Singleplayer,RTS,69.0
6947,45000,Sol Survivor,Tower Defense,Strategy,Indie,Co-op,Sci-fi,90.0
6948,3990,Sid Meier's Civilization IV: Warlords,Strategy,Turn-Based,4X,Turn-Based Strategy,Historical,91.0
6949,57650,Dungeons,Strategy,RPG,Fantasy,Villain Protagonist,Management,44.0
6950,219600,NBA 2K13,,,,,,
6951,221020,Towns,City Builder,Indie,Sandbox,Simulation,Strategy,27.0
6952,15170,Heroes of Might & Magic V,Strategy,Turn-Based Strategy,Fantasy,Tactical,RPG,87.0
6953,799600,Cosmoteer: Starship Architect & Commander,Sci-fi,Singleplayer,Indie,2D,Space,95.0
6954,877200,Zero Caliber VR,Military,Singleplayer,Co-op,VR,Action,79.0
6955,552620,ATOM RPG,CRPG,Exploration,Survival,Turn-Based,RPG,86.0
6956,780310,The Riftbreaker,Base Building,Tower Defense,Survival,Strategy,Hack and Slash,90.0
6957,919640,Steel Division 2,Strategy,RTS,World War II,Military,War,79.0
6958,826630,Iron Harvest,RTS,Strategy,Base Building,Mechs,War,74.0
6959,2186680,"Warhammer 40,000: Rogue Trader",Strategy,Cinematic,Strategy RPG,Online Co-Op,Multiplayer,80.0
6960,820520,Deceive Inc.,Social Deduction,Heist,Battle Royale,Hero Shooter,Extraction Shooter,85.0
6961,1840080,Homeworld 3,Space,RTS,Strategy,Sci-fi,Story Rich,38.0
6962,427410,Abiotic Factor,Survival,Online Co-Op,Open World Survival Craft,Early Access,Crafting,96.0
6963,1521580,Perfect Heist 2,Action,Shooter,Stealth,Strategy,Multiplayer,94.0
6964,1575940,Sins of a Solar Empire II,Strategy,Space,4X,RTS,Sci-fi,85.0
6965,445220,Avorion,Exploration,Sandbox,Space Sim,Building,Flight,90.0
6966,1176470,Terra Invicta,Strategy,Simulation,Grand Strategy,Historical,4X,80.0
6967,9060,HeXen II,Action,FPS,Classic,Fantasy,Gothic,79.0
6968,47920,Shift 2 Unleashed,Racing,Automobile Sim,Simulation,Driving,Multiplayer,67.0
6969,71000,Evochron Mercenary,Space,Simulation,Indie,Sci-fi,Space Sim,76.0
6970,227380,Dragon's Lair,Adventure,Classic,Arcade,Quick-Time Events,Action,78.0
6971,464360,3030 Deathwar Redux - A Space Odyssey,Adventure,Indie,Space,Action,Simulation,94.0
6972,1051690,Nightmare Reaper,Boomer Shooter,FPS,Retro,Looter Shooter,Roguelite,93.0
6973,1548850,Six Days in Fallujah,Early Access,Tactical,Realistic,FPS,Military,84.0
6974,16900,GROUND BRANCH,Tactical,Realistic,Military,FPS,Shooter,90.0
6975,1062520,Dinkum,Early Access,Online Co-Op,Farming Sim,Life Sim,Adventure,94.0
6976,243870,Tom Clancy's Ghost Recon Phantoms - NA,Free to Play,Multiplayer,Shooter,Action,FPS,72.0
6977,262120,Toy Soldiers: Complete,Tower Defense,Action,Strategy,Casual,Indie,76.0
6978,263440,Stomping Land,,,,,,
6979,333950,Medieval Engineers,Building,Sandbox,Medieval,Physics,Open World,52.0
6980,753650,Due Process,Early Access,Realistic,Tactical,Simulation,Cyberpunk,81.0
6981,1266840,The Last Stand: Aftermath,Zombies,Survival,Post-apocalyptic,Top-Down Shooter,Roguelite,81.0
6982,908520,fpsVR,Indie,VR,Utilities,Software,Benchmark,97.0
6983,253250,Stonehearth,Colony Sim,City Builder,Building,Sandbox,Strategy,77.0
6984,667970,VTOL VR,Flight,VR,Simulation,Combat,Jet,98.0
6985,1239080,Door Kickers 2,Tactical,Real-Time with Pause,Top-Down,Real Time Tactics,Moddable,95.0
6986,1408230,Walkabout Mini Golf,Sports,Golf,Mini Golf,VR,PvP,97.0
6987,1843760,Rogue Tower,Tower Defense,Strategy,Roguelike,Casual,Procedural Generation,82.0
6988,2231380,Ghost Recon Breakpoint,Open World,Action,Singleplayer,Co-op,Multiplayer,72.0
6989,1079800,Pistol Whip,VR,Action,Rhythm,Shooter,Arcade,94.0
6990,13570,Tom Clancy's Splinter Cell: Chaos Theory,Stealth,Action,Third Person,Classic,Co-op,93.0
6991,641080,Trials Rising,Racing,Bikes,Physics,Multiplayer,Platformer,65.0
6992,342260,Nevermind,Adventure,Psychological Horror,Indie,Horror,Puzzle,75.0
6993,594330,Visage,Horror,Psychological Horror,Survival Horror,Dark,First-Person,86.0
6994,2130,Dark Messiah of Might & Magic Multi-Player,RPG,First-Person,Action,Fantasy,Swordplay,89.0
6995,1284190,The Planet Crafter,Open World Survival Craft,Base Building,Online Co-Op,Survival,Building,95.0
6996,233630,Ascend: Hand of Kul,,,,,,
6997,242840,In Verbis Virtus,Voice Control,Magic,Dark Fantasy,Puzzle,Adventure,78.0
6998,712190,Genesis Alpha One Deluxe Edition,Sci-fi,Action Roguelike,FPS,Base Building,Open World,73.0
6999,2933080,Crime Boss: Rockay City,Action,Shooter,FPS,Action Roguelike,Multiplayer,71.0
7000,293900,Pivvot,Indie,Casual,Action,Difficult,Fast-Paced,89.0
7001,656350,UnderMine,Action Roguelike,Roguelite,Pixel Graphics,Dungeon Crawler,RPG,91.0
7002,15130,Beyond Good & Evil,Adventure,Female Protagonist,Action,Third Person,Cult Classic,86.0
7003,913740,WORLD OF HORROR,Horror,Lovecraftian,Pixel Graphics,Survival Horror,Psychological Horror,92.0
7004,650000,DOOM VFR,VR,Action,FPS,Gore,Violent,57.0
7005,751630,After The Fall,VR,Co-op,Action,Adventure,Zombies,77.0
7006,963930,Contractors VR,VR,Action,Violent,FPS,Indie,84.0
7007,636480,Ravenfield,FPS,War,Singleplayer,Shooter,Military,96.0
7008,914620,Mist Survival,Survival,Zombies,Open World,Open World Survival Craft,Singleplayer,77.0
7009,673610,Airport CEO,Flight,Resource Management,Moddable,Management,Simulation,83.0
7010,1366800,Crosshair X,Action,Indie,Adventure,Utilities,Shooter,92.0
7011,253840,Shantae: Half-Genie Hero,Female Protagonist,Platformer,Metroidvania,Cute,Action,90.0
7012,8660,GTR Evolution,Racing,Automobile Sim,Simulation,Driving,Multiplayer,88.0
7013,293760,Automation - The Car Company Tycoon Game,Simulation,Management,Building,Sandbox,Automobile Sim,93.0
7014,1000410,WRATH: Aeon of Ruin,Action,Boomer Shooter,FPS,Retro,Gore,77.0
7015,1262350,SIGNALIS,Survival Horror,Psychological Horror,Female Protagonist,Sci-fi,Atmospheric,96.0
7016,31700,Iron Grip: Warlord,Action,Indie,Tower Defense,FPS,Co-op,87.0
7017,2760,Neverwinter Nights 2: Platinum,,,,,,
7018,335620,Star Traders: Frontiers,Sci-fi,Moddable,Simulation,Tactical RPG,Trading,84.0
7019,1030210,Torchlight III,RPG,Adventure,Hack and Slash,Action,Loot,47.0
7020,98500,Naval Warfare,Top-Down,RPG,Action RPG,Co-op,Local Co-Op,57.0
7021,215450,Transcripted,Indie,Casual,Action,Twin Stick Shooter,Puzzle,
7022,227720,Under the Ocean,,,,,,
7023,234980,Legends of Dawn,,,,,,
7024,403200,Legends of Dawn Reborn,RPG,Indie,Action,Adventure,,20.0
7025,2279330,Savant - Ascent REMIX,Bullet Hell,Shoot 'Em Up,Twin Stick Shooter,Score Attack,Time Attack,93.0
7026,281940,Woolfe - The Red Hood Diaries,Action,Indie,Adventure,Female Protagonist,Platformer,59.0
7027,293680,Cinders,Visual Novel,Female Protagonist,Choices Matter,Story Rich,Choose Your Own Adventure,88.0
7028,264520,Moebius: Empire Rising,Adventure,Point & Click,Indie,Puzzle,Mystery,79.0
7029,305840,Shallow Space,Strategy,Early Access,Simulation,Space,RPG,23.0
7030,310460,Corto Maltese Secrets of Venice,Adventure,Point & Click,Comic Book,,,22.0
7031,314460,Jamsouls,Action,Indie,Local Co-Op,Platformer,,54.0
7032,318480,Burnstar,Action,Indie,Puzzle,Local Co-Op,Strategy,94.0
7033,346200,Drew and the Floating Labyrinth,Indie,Adventure,Puzzle,Platformer,Puzzle Platformer,
7034,357370,Return NULL - Episode 1,Interactive Fiction,Indie,Comic Book,Great Soundtrack,Point & Click,61.0
7035,367430,Redshift Blueshift,Indie,Casual,Action,Sports,Pixel Graphics,84.0
7036,369640,Treeker: The Lost Glasses,Indie,Adventure,First-Person,Puzzle,Remake,61.0
7037,383240,Angels That Kill - The Final Cut,Adventure,Indie,Casual,Noir,Crime,
7038,387010,FIVE: Guardians of David,Action,RPG,Adventure,Story Rich,Action RPG,71.0
7039,390220,Toilet Tycoon,Simulation,Indie,Psychological Horror,Management,Horror,77.0
7040,424640,Karaski: What Goes Up...,Immersive Sim,Choices Matter,RPG,Steampunk,Story Rich,80.0
7041,436280,Sudoku Quest,Casual,Indie,Puzzle,Family Friendly,,60.0
7042,461830,Adventure Apes and the Mayan Mystery,Indie,Adventure,Metroidvania,Pixel Graphics,Platformer,
7043,503460,Security Hole,Indie,Cyberpunk,Puzzle,Sci-fi,Difficult,85.0
7044,1244800,Terraformers,Simulation,Procedural Generation,Survival,Atmospheric,Roguelike,87.0
7045,2640,Call of Duty: United Offensive,Action,World War II,FPS,Multiplayer,Singleplayer,87.0
7046,7110,Jade Empire: Special Edition,RPG,Fantasy,Story Rich,Martial Arts,Third Person,75.0
7047,12330,DarkStar One,Action,Space,Sci-fi,Space Sim,Simulation,82.0
7048,20710,Mr. Robot,Indie,Strategy,Action,Puzzle,Sci-fi,82.0
7049,15400,Harvest: Massive Encounter,Strategy,Indie,Tower Defense,Sci-fi,Singleplayer,76.0
7050,19000,Silent Hill: Homecoming,Horror,Adventure,Survival Horror,Psychological Horror,Gore,48.0
7051,15390,Brothers in Arms: Hell's Highway,World War II,Action,FPS,Tactical,Singleplayer,90.0
7052,3130,Men of War: Red Tide,Strategy,World War II,RTS,Historical,War,86.0
7053,13580,Tom Clancy's Splinter Cell: Double Agent,Stealth,Action,Third Person,Singleplayer,Multiplayer,36.0
7054,9460,Frontlines: Fuel of War,Action,FPS,Shooter,Singleplayer,Co-op,67.0
7055,8170,Battlestations: Pacific,World War II,Strategy,Action,Naval,Simulation,70.0
7056,23380,Gyromancer,RPG,Puzzle,Match 3,Casual,Singleplayer,63.0
7057,7610,Railroad Tycoon 3,Management,Strategy,Trains,Simulation,Singleplayer,77.0
7058,7730,X-COM: Interceptor,Strategy,Sci-fi,Space,Space Sim,Flight,55.0
7059,7770,X-COM: Enforcer,Strategy,Action,Shooter,Third-Person Shooter,Sci-fi,58.0
7060,8880,Freedom Force,RPG,Strategy,Superhero,Real-Time with Pause,Singleplayer,60.0
7061,18020,"On the Rain-Slick Precipice of Darkness, Episode Two",RPG,Adventure,Comedy,Singleplayer,Funny,87.0
7062,99400,Garshasp: The Monster Slayer,Action,Indie,Hack and Slash,,,50.0
7063,22450,Hunted: The Demon's Forge,Action,Adventure,Third Person,Co-op,Fantasy,75.0
7064,33180,Zombie Shooter 2,Action,Zombies,Indie,RPG,Gore,79.0
7065,11590,Hospital Tycoon,Medical Sim,Simulation,Management,Singleplayer,Comedy,47.0
7066,7830,Men of War,Strategy,World War II,RTS,Tactical,Multiplayer,90.0
7067,3260,Safecracker: The Ultimate Puzzle Adventure,Puzzle,Adventure,Casual,Point & Click,First-Person,58.0
7068,57620,Patrician IV: Steam Special Edition,Strategy,Trading,Resource Management,Economy,Simulation,57.0
7069,223430,Miner Wars 2081,Action,RPG,Adventure,Indie,Simulation,34.0
7070,230650,Lords of Football,Sports,Simulation,Strategy,Indie,Football (Soccer),51.0
7071,96900,Slam Bolt Scrappers,Action,Indie,Strategy,Local Co-Op,4 Player Local,46.0
7072,235820,Element4l,Indie,Platformer,Action,Great Soundtrack,Atmospheric,84.0
7073,251510,Constant C,Indie,Puzzle,Casual,Action,Platformer,92.0
7074,252270,Zombie Tycoon 2: Brainhov's Revenge,Strategy,Action,Indie,Zombies,RTS,74.0
7075,231670,Football Manager 2014,,,,,,
7076,257770,Signal Ops,FPS,Real Time Tactics,Noir,Co-op,Stealth,66.0
7077,264160,WazHack,RPG,Indie,Roguelike,Perma Death,Strategy,88.0
7078,279580,Devil's Dare,Action,Indie,Casual,Beat 'em up,Adventure,64.0
7079,282590,Star Ruler 2,Strategy,Space,4X,Sci-fi,RTS,81.0
7080,288370,Strike Suit Zero: Director's Cut,Action,Space,Mechs,Sci-fi,Indie,82.0
7081,295910,Olympia Rising,Action,Adventure,Platformer,Female Protagonist,Pixel Graphics,72.0
7082,296570,Lords of Xulima,RPG,Turn-Based,Indie,Fantasy,Singleplayer,80.0
7083,298030,Total Annihilation,Strategy,RTS,Classic,Great Soundtrack,Sci-fi,96.0
7084,251210,Hive,Asynchronous Multiplayer,Turn-Based Strategy,Hex Grid,Board Game,Strategy,83.0
7085,299890,Franchise Hockey Manager 2014,,,,,,
7086,301650,Battlezone 98 Redux,Strategy,Action,First-Person,Sci-fi,1990's,91.0
7087,265950,Ether One,Adventure,Indie,First-Person,Exploration,Puzzle,73.0
7088,307570,A Golden Wake,Adventure,Indie,Point & Click,Pixel Graphics,2D,75.0
7089,307960,IL-2 Sturmovik: Battle of Stalingrad,Realistic,Flight,Simulation,VR,Jet,79.0
7090,308360,LogiGun,Indie,Casual,Puzzle,Platformer,Female Protagonist,88.0
7091,6300,Dreamfall: The Longest Journey,Adventure,Female Protagonist,Story Rich,Fantasy,Singleplayer,83.0
7092,312900,Zoo Rampage,Action,Indie,Casual,,,62.0
7093,315340,A.R.E.S. Extinction Agenda EX,Action,Indie,Platformer,Side Scroller,Robots,70.0
7094,333530,AERENA - Masters Edition,,,,,,
7095,333970,A Druid's Duel,Indie,Strategy,Multiplayer,Singleplayer,Turn-Based Strategy,75.0
7096,335560,Light Bound,Indie,Casual,Action,,,
7097,339820,Starwalker,Early Access,RPG,Violent,,,
7098,342500,Human Extinction Simulator,Strategy,Simulation,Indie,Space,Turn-Based,16.0
7099,347410,Jerry McPartlin - Rebel with a Cause,,,,,,
7100,350070,Environmental Station Alpha,Metroidvania,Pixel Graphics,Adventure,Indie,Platformer,84.0
7101,359260,Green Moon,Adventure,Point & Click,Hidden Object,Puzzle,Exploration,58.0
7102,361160,Steamalot: Epoch's Journey,Strategy,Card Game,Steampunk,Turn-Based Tactics,,
7103,365860,Spaceman Sparkles 2,Action,Bullet Hell,Indie,Great Soundtrack,,75.0
7104,366670,The Travels of Marco Polo,Adventure,Indie,Casual,Puzzle,Point & Click,
7105,367240,Avenging Angel,RPG,Action,Adventure,FPS,Action-Adventure,41.0
7106,371890,Gunslugs,Action,Indie,Platformer,Pixel Graphics,Retro,
7107,372830,Fitz the Fox,Indie,Action,Adventure,Platformer,Pixel Graphics,81.0
7108,373080,Instinct,,,,,,
7109,373140,Grail to the Thief,Adventure,Indie,Casual,Choose Your Own Adventure,Interactive Fiction,60.0
7110,370200,Two Steps Back,Indie,Casual,Visual Novel,,,
7111,375170,Gunpowder,Puzzle,Indie,Casual,Action,,95.0
7112,378660,Blues and Bullets,Adventure,Detective,Noir,Episodic,Choices Matter,60.0
7113,385030,C. Kane,JRPG,Casual,Turn-Based,Party-Based RPG,RPG,90.0
7114,385980,Scott in Space,Indie,Casual,Action,Adventure,Platformer,47.0
7115,386540,A.I. Invasion,Action,Indie,Top-Down Shooter,Strategy,Simulation,23.0
7116,386840,Sentinel 4: Dark Star,Strategy,Indie,Sci-fi,Tower Defense,,78.0
7117,389190,Goblins and Grottos,Comedy,Level Editor,Platformer,Cute,2D,56.0
7118,391240,Forgotten Lore,Strategy,Indie,Casual,Card Game,Massively Multiplayer,
7119,391390,Mayhem Triple,Action,Indie,Adventure,Gore,Violent,86.0
7120,393150,The Dreamatorium of Dr. Magnus 2,Casual,Adventure,Hidden Object,Puzzle,,70.0
7121,395420,The Dwarf Run,Dwarf,RPG,Indie,Adventure,Turn-Based,74.0
7122,402340,Blue Rider,Action,Indie,Shoot 'Em Up,Arcade,Shooter,86.0
7123,409450,The Fall of the Dungeon Guardians,RPG,Dungeon Crawler,Exploration,Strategy,Fantasy,83.0
7124,265750,Secret Ponchos,Western,Action,Indie,Multiplayer,MOBA,73.0
7125,412270,Stories of Bethem: Full Moon,Indie,Adventure,RPG,Action,Pixel Graphics,82.0
7126,414080,Life is Hard,Strategy,Indie,Simulation,Adventure,Early Access,56.0
7127,415910,Gigachess,Indie,Strategy,Casual,Tabletop,Board Game,84.0
7128,417730,Shakedown Racing One,,,,,,
7129,417980,Planet Diver,Indie,Action,Arcade,Pixel Graphics,Female Protagonist,88.0
7130,420180,Chronicle of Innsmouth,Adventure,Lovecraftian,Point & Click,Pixel Graphics,Horror,77.0
7131,420300,The Admin,Action,Adventure,Indie,Violent,Third Person,
7132,421260,Militia,Turn-Based Tactics,Turn-Based,Board Game,Turn-Based Strategy,Tabletop,95.0
7133,425860,Vector Assault,Casual,Twin Stick Shooter,Arcade,2D,Retro,61.0
7134,427240,Cosmic Trip,VR,Singleplayer,FPS,Action RTS,Tower Defense,87.0
7135,428590,Unearthing Colossal,Adventure,Indie,Action,2D,,
7136,431200,Disastr_Blastr,Indie,Action,Minimalist,Twin Stick Shooter,Shooter,92.0
7137,436360,Robo's World: The Zarnok Fortress,Metroidvania,2D Platformer,Platformer,Robots,2D,
7138,437870,Earth Space Colonies,Simulation,Strategy,Indie,Space,Survival,38.0
7139,437880,Project Graviton,Indie,Casual,Adventure,Platformer,,70.0
7140,448110,So Long Earth,Action,Indie,Casual,Adventure,,61.0
7141,448750,Infinity Saga,RPG,Indie,Casual,RPGMaker,Action,
7142,451350,Tropical Fish Shop 2,Casual,Match 3,Hidden Object,,,
7143,392120,City Z,Indie,Zombies,Top-Down Shooter,Procedural Generation,Twin Stick Shooter,23.0
7144,455590,Skedaddle,Action,Indie,Early Access,Adventure,Runner,
7145,456160,Flag N Frag,Sports,Strategy,Action,Indie,4 Player Local,
7146,459020,Melting Hearts: Our Love Will Grow 2,Farming Sim,Simulation,Life Sim,Adventure,Indie,48.0
7147,477870,Yomawari: Night Alone,Horror,Adventure,Cute,Female Protagonist,Anime,77.0
7148,486720,Bastard Bonds,Nudity,LGBTQ+,RPG,Mature,Sexual Content,88.0
7149,487030,Beasts Battle,Strategy,Adventure,Indie,Turn-Based,,69.0
7150,491160,GemBreak,Casual,Action,Arcade,Puzzle,2D,72.0
7151,506590,Sky Valley,Casual,Simulation,Racing,Indie,Flight,68.0
7152,514220,Super GunWorld 2,Action,Adventure,Indie,RPG,2D,
7153,517350,Squareface,Action,Indie,RPG,Zombies,Survival,76.0
7154,532190,Super Blood Hockey,Sports,Hockey,Management,2D,Arcade,91.0
7155,540640,Tales of the Elements,JRPG,Action RPG,Soundtrack,2D,4 Player Local,76.0
7156,577280,SCALPERS: Turtle & the Moonshine Gang,Action,Adventure,Indie,Shoot 'Em Up,Co-op,35.0
7157,589290,Holdfast: Nations At War,Historical,Multiplayer,War,Strategy,Military,90.0
7158,610120,Little Kite,Adventure,Indie,Violent,Point & Click,Puzzle,80.0
7159,809140,Cliff Empire,City Builder,Strategy,Simulation,Futuristic,Sci-fi,87.0
7160,455980,Judgment: Apocalypse Survival Simulation,Colony Sim,Survival,Base Building,Post-apocalyptic,Strategy,80.0
7161,1007040,EARTH DEFENSE FORCE 5,Action,Online Co-Op,Third-Person Shooter,Mechs,Co-op,94.0
7162,1101190,Dungeon Defenders: Awakened,Multiplayer,Online Co-Op,Singleplayer,Co-op,Tower Defense,69.0
7163,1113120,IXION,Space,City Builder,Strategy,Survival,Resource Management,76.0
7164,1155970,Roadwarden,RPG,Text-Based,Adventure,Indie,Pixel Graphics,95.0
7165,1426450,Age of Darkness: Final Stand,RTS,Base Building,Tower Defense,Survival,Strategy,80.0
7166,1846170,Iron Lung,Horror,Atmospheric,Psychological Horror,Submarine,Underwater,92.0
7167,1845910,Dragon Age™: The Veilguard,LGBTQ+,Fantasy,Singleplayer,RPG,Strategy,71.0
7168,71270,Football Manager 2012,,,,,,
7169,229870,ShootMania Storm,Action,Shooter,FPS,Multiplayer,First-Person,83.0
7170,58540,Divinity II - The Dragon Knight Saga,,,,,,
7171,49900,Plain Sight,Action,Indie,Multiplayer,Robots,Ninja,63.0
7172,219780,Divinity II: Developer's Cut,RPG,Fantasy,Open World,Third Person,Dragons,84.0
7173,22140,Penumbra: Requiem,Adventure,Indie,Horror,Puzzle,Atmospheric,52.0
7174,35010,Batman: Arkham Asylum,Action,Stealth,Third Person,Superhero,Adventure,96.0
7175,200190,Sideway,Adventure,Indie,Platformer,Local Co-Op,,55.0
7176,211180,Unmechanical,Indie,Puzzle,Adventure,Casual,Physics,91.0
7177,227080,Papo & Yo,3D Platformer,Puzzle Platformer,Indie,Adventure,Puzzle,94.0
7178,237870,Planet Explorers,Open World Survival Craft,Sandbox,Open World,Survival,Adventure,62.0
7179,314650,SpaceEngine,Early Access,Open World,Casual,Sci-fi,Sandbox,95.0
7180,304730,Train Fever,Simulation,Trains,Management,Strategy,Economy,61.0
7181,954850,Kerbal Space Program 2,Space,Sandbox,Exploration,Building,Physics,34.0
7182,1029780,Going Medieval,Early Access,RPG,Colony Sim,Base Building,Survival,89.0
7183,1307890,Kingdoms Reborn,City Builder,Base Building,Colony Sim,Multiplayer,Management,91.0
7184,55000,Flotilla,Strategy,Roguelite,Exploration,Turn-Based,Sci-fi,84.0
7185,98600,"Demolition, Inc.",Strategy,Indie,Casual,Simulation,Action,78.0
7186,247870,Redshirt,Indie,Simulation,RPG,Satire,Strategy,41.0
7187,2198150,Tiny Glade,Sandbox,Building,Relaxing,Design & Illustration,Cozy,96.0
7188,800270,Terraforming Mars,Strategy,Board Game,Space,Tabletop,Turn-Based,72.0
7189,2252570,Football Manager 2024,Simulation,Sports,Strategy,Management,Football (Soccer),90.0
7190,37800,QuantZ,Indie,Casual,Puzzle,,,69.0
7191,46000,Bob Came in Pieces,Indie,Adventure,Puzzle,Physics,,69.0
7192,47540,Puzzle Quest 2,RPG,Casual,Puzzle,Match 3,Fantasy,81.0
7193,24400,King Arthur - The Role-playing Wargame,Strategy,RPG,Fantasy,Turn-Based,Real-Time with Pause,68.0
7194,625960,Stoneshard,RPG,Roguelike,Strategy,Survival,Procedural Generation,73.0
7195,261530,Lifeless Planet,Atmospheric,Sci-fi,Puzzle Platformer,Exploration,Mystery,77.0
7196,903950,Last Oasis,Massively Multiplayer,Survival,Open World,Action,RPG,63.0
7197,1135230,Ember Knights,Action Roguelike,Roguelite,Pixel Graphics,Co-op,Dungeon Crawler,93.0
7198,16300,Everyday Shooter,Indie,Casual,Twin Stick Shooter,Music,Shooter,94.0
7199,72300,Breach,,,,,,
7200,50510,Burn Zombie Burn,Action,Zombies,Twin Stick Shooter,Top-Down Shooter,,42.0
7201,57680,The First Templar,Action,Adventure,Medieval,Third Person,Hack and Slash,73.0
7202,92600,Xotic,Action,Indie,FPS,Arcade,Sci-fi,78.0
7203,200550,Dungeons - The Dark Lord,Strategy,Simulation,RPG,Multiplayer,Villain Protagonist,40.0
7204,1592280,Selaco,FPS,Female Protagonist,Shooter,First-Person,2.5D,93.0
7205,47700,Command & Conquer™ 4 Tiberian Twilight,Strategy,RTS,Multiplayer,Sci-fi,Co-op,16.0
7206,47900,Dragon Age II (Retired),,,,,,
7207,94000,Dinner Date,Indie,Short,Casual,Experimental,Singleplayer,55.0
7208,439370,Midair,Action,Free to Play,FPS,Multiplayer,Indie,55.0
7209,965580,Root,Board Game,Tabletop,Strategy,War,Wargame,90.0
7210,202130,Impire,Strategy,Fantasy,Villain Protagonist,Singleplayer,,46.0
7211,38900,Rhythm Zone,,,,,,
7212,232450,SolForge,Free to Play,Card Game,Strategy,Trading Card Game,Casual,62.0
7213,2427700,Backpack Battles,Early Access,Auto Battler,Inventory Management,Strategy,PvP,89.0
7214,333640,Caves of Qud,Early Access,Procedural Generation,Turn-Based Combat,Open World,Turn-Based,95.0
7215,9740,Indigo Prophecy,,,,,,
7216,523660,HYPERCHARGE: Unboxed,Co-op Campaign,Action-Adventure,Third-Person Shooter,Singleplayer,FPS,91.0
7217,1649240,Returnal™,Action,Roguelike,Bullet Hell,Co-op,Singleplayer,80.0
7218,2732960,Command & Conquer™ Generals Zero Hour,Strategy,Action,Multiplayer,RTS,Singleplayer,89.0
7219,11900,Lumines,,,,,,
7220,446800,Transport Fever,Flight,City Builder,Sandbox,Building,Driving,82.0
7221,311310,Naval Action,Sailing,Naval Combat,Pirates,Open World,Naval,57.0
7222,10540,Football Manager 2009,,,,,,
7223,385730,WWE 2K16,Sports,Fighting,Wrestling,Simulation,Multiplayer,64.0
7224,1345820,Ragnarock,VR,Action,Rhythm,Music,Rock Music,95.0
7225,1331550,Big Ambitions,Early Access,Management,Economy,Simulation,Capitalism,93.0
7226,465240,Serious Sam VR: The Last Hope,VR,Action,Gore,Indie,Violent,84.0
7227,21910,World in Conflict: Soviet Assault,,,,,,
7228,2285150,The Front,Early Access,Open World Survival Craft,Survival,Multiplayer,Crafting,67.0
7229,961200,Predecessor,MOBA,Shooter,Free to Play,Multiplayer,Third Person,72.0
7230,811320,Jupiter Hell,Roguelike,Turn-Based,Traditional Roguelike,Strategy,RPG,91.0
7231,339610,FreeStyle 2: Street Basketball,Free to Play,Basketball,Sports,Massively Multiplayer,Action,72.0
7232,518150,Intruder,Multiplayer,Stealth,Tactical,First-Person,Team-Based,90.0
7233,1593030,Terra Nil,Nature,Strategy,Relaxing,Puzzle,City Builder,86.0
7234,1601580,Frostpunk 2,Strategy,City Builder,Survival,Resource Management,Post-apocalyptic,73.0
7235,1874880,Arma Reforger,Simulation,Action,Military,Shooter,Strategy,71.0
7236,1063420,Void Crew,Co-op,Multiplayer,Space Sim,Adventure,Space,88.0
7237,1669000,Age of Wonders 4,Strategy,4X,Character Customization,Fantasy,RPG,81.0
7238,99890,Darkspore,,,,,,
7239,464170,VRMark,Utilities,VR,Benchmark,Software,,64.0
7240,2646460,Soulmask,Early Access,Survival,Multiplayer,Open World Survival Craft,Sandbox,78.0
7241,544550,Stationeers,Early Access,Space,Base Building,Science,Colony Sim,85.0
7242,270130,The Gallery - Episode 1: Call of the Starseed,Adventure,Indie,VR,Casual,First-Person,80.0
7243,983870,FOUNDRY,Early Access,Automation,Base Building,Sandbox,Resource Management,82.0
7244,1971650,OCTOPATH TRAVELER II,RPG,Turn-Based,JRPG,2.5D,Party-Based RPG,94.0
7245,2155180,Pioneers of Pagonia,Early Access,Procedural Generation,Base Building,Stylized,PvE,83.0
7246,452490,The Cubicle.,Free to Play,VR,Horror,Simulation,Adventure,87.0
7247,1594320,Captain of Industry,Base Building,Automation,Resource Management,Management,Simulation,94.0
7248,3107330,Nodebuster,Casual,Strategy,Clicker,Idler,Simulation,98.0
7249,529180,Dark and Light,Open World,Survival,Massively Multiplayer,RPG,Sandbox,52.0
